filename,function,offset,expected,replacement,expected_relocations,replacement_relocations,note,insert_after,insert_after_relocations,omit
init_EB00,func_10010FFC,0x008,0xAFA60048,0xAFA40040,-,-,Normalize object-aware audio dispatch compiler allocation,,,false
init_EB00,func_10010FFC,0x00C,0x30CEFFFF,0xAFA60048,-,-,Normalize object-aware audio dispatch compiler allocation,,,false
init_EB00,func_10010FFC,0x010,0x01C03025,0x308EFFFF,-,-,Normalize object-aware audio dispatch compiler allocation,,,false
init_EB00,func_10010FFC,0x014,0x8FB00054,0x30CFFFFF,-,-,Normalize object-aware audio dispatch compiler allocation,,,false
init_EB00,func_10010FFC,0x018,0xAFBF003C,0x01E03025,-,-,Normalize object-aware audio dispatch compiler allocation,,,false
init_EB00,func_10010FFC,0x01C,0xAFA40040,0x01C02025,-,-,Normalize object-aware audio dispatch compiler allocation,,,false
init_EB00,func_10010FFC,0x020,0xAFA7004C,0x8FB00054,-,-,Normalize object-aware audio dispatch compiler allocation,,,false
init_EB00,func_10010FFC,0x024,0x8FAF0040,0xAFBF003C,-,-,Normalize object-aware audio dispatch compiler allocation,,,false
init_EB00,func_10010FFC,0x028,0x31F8FFFF,0xAFA7004C,-,-,Normalize object-aware audio dispatch compiler allocation,,,false
init_EB00,func_10010FFC,0x030,0xAFB80040,0x00000000,-,-,Normalize object-aware audio dispatch compiler allocation,,,false
init_EB00,func_10010FFC,0x034,0x8E190000,0x8E180000,-,-,Normalize object-aware audio dispatch compiler allocation,,,false
init_EB00,func_10010FFC,0x038,0x57200004,0x57000004,-,-,Normalize object-aware audio dispatch compiler allocation,,,false
init_EB00,func_10010FFC,0x03C,0x8E080318,0x8E190318,-,-,Normalize object-aware audio dispatch compiler allocation,,,false
init_EB00,func_10010FFC,0x048,0x8E080318,0x8E190318,-,-,Normalize object-aware audio dispatch compiler allocation,,,false
init_EB00,func_10010FFC,0x04C,0x8FA40040,0x24070040,-,-,Normalize object-aware audio dispatch compiler allocation,,,false
init_EB00,func_10010FFC,0x050,0x00C66021,0x00C65821,-,-,Normalize object-aware audio dispatch compiler allocation,,,false
init_EB00,func_10010FFC,0x054,0x1100000C,0x1320000B,-,-,Normalize object-aware audio dispatch compiler allocation,,,false
init_EB00,func_10010FFC,0x05C,0x3C0B0000,0x3C0A0000,R_MIPS_HI16:D_80041FD9,R_MIPS_HI16:D_80041FD9,Normalize object-aware audio dispatch compiler allocation,,,false
init_EB00,func_10010FFC,0x060,0x916B0000,0x914A0000,R_MIPS_LO16:D_80041FD9,R_MIPS_LO16:D_80041FD9,Normalize object-aware audio dispatch compiler allocation,,,false
init_EB00,func_10010FFC,0x064,0x87A9004E,0x87A8004E,-,-,Normalize object-aware audio dispatch compiler allocation,,,false
init_EB00,func_10010FFC,0x068,0x93AA0053,0x93A90053,-,-,Normalize object-aware audio dispatch compiler allocation,,,false
init_EB00,func_10010FFC,0x06C,0x24070040,0xAFAA0018,-,-,Normalize object-aware audio dispatch compiler allocation,,,false
init_EB00,func_10010FFC,0x070,0xAFAB0018,0xAFA80010,-,-,Normalize object-aware audio dispatch compiler allocation,,,false
init_EB00,func_10010FFC,0x074,0xAFA90010,0x0C000000,-,R_MIPS_26:func_10010BE8,Normalize object-aware audio dispatch compiler allocation,,,false
init_EB00,func_10010FFC,0x078,0x0C000000,0xAFA90014,R_MIPS_26:func_10010BE8,-,Normalize object-aware audio dispatch compiler allocation,,,false
init_EB00,func_10010FFC,0x07C,0xAFAA0014,0x1000004D,-,-,Normalize object-aware audio dispatch compiler allocation,,,false
init_EB00,func_10010FFC,0x080,0x1000004E,0x3044FFFF,-,-,Normalize object-aware audio dispatch compiler allocation,,,false
init_EB00,func_10010FFC,0x084,0x8FBF003C,0x92030004,-,-,Normalize object-aware audio dispatch compiler allocation,,,false
init_EB00,func_10010FFC,0x088,0x92030004,0x01663021,-,-,Normalize object-aware audio dispatch compiler allocation,,,false
init_EB00,func_10010FFC,0x08C,0x01863021,0x00066083,-,-,Normalize object-aware audio dispatch compiler allocation,,,false
init_EB00,func_10010FFC,0x090,0x00066883,0x10610011,-,-,Normalize object-aware audio dispatch compiler allocation,,,false
init_EB00,func_10010FFC,0x094,0x10610011,0x3186FFFF,-,-,Normalize object-aware audio dispatch compiler allocation,,,false
init_EB00,func_10010FFC,0x098,0x31A6FFFF,0x00037080,-,-,Normalize object-aware audio dispatch compiler allocation,,,false
init_EB00,func_10010FFC,0x09C,0x00037880,0x3C0F0000,-,R_MIPS_HI16:D_800D1C90,Normalize object-aware audio dispatch compiler allocation,,,false
init_EB00,func_10010FFC,0x0A0,0x3C180000,0x01EE7821,R_MIPS_HI16:D_800D1C90,-,Normalize object-aware audio dispatch compiler allocation,,,false
init_EB00,func_10010FFC,0x0A4,0x030FC021,0x8DEF0000,-,R_MIPS_LO16:D_800D1C90,Normalize object-aware audio dispatch compiler allocation,,,false
init_EB00,func_10010FFC,0x0A8,0x8F180000,0x3C014F80,R_MIPS_LO16:D_800D1C90,-,Normalize object-aware audio dispatch compiler allocation,,,false
init_EB00,func_10010FFC,0x0AC,0x3C014F80,0x95F8000E,-,-,Normalize object-aware audio dispatch compiler allocation,,,false
init_EB00,func_10010FFC,0x0B0,0x9719000E,0x44982000,-,-,Normalize object-aware audio dispatch compiler allocation,,,false
init_EB00,func_10010FFC,0x0B4,0x44992000,0x07010004,-,-,Normalize object-aware audio dispatch compiler allocation,,,false
init_EB00,func_10010FFC,0x0B8,0x07210004,0x468021A0,-,-,Normalize object-aware audio dispatch compiler allocation,,,false
init_EB00,func_10010FFC,0x0BC,0x468021A0,0x44814000,-,-,Normalize object-aware audio dispatch compiler allocation,,,false
init_EB00,func_10010FFC,0x0C0,0x44814000,0x00000000,-,-,Normalize object-aware audio dispatch compiler allocation,,,false
init_EB00,func_10010FFC,0x0C4,0x00000000,0x46083180,-,-,Normalize object-aware audio dispatch compiler allocation,,,false
init_EB00,func_10010FFC,0x0C8,0x46083180,0xC60A014C,-,-,Normalize object-aware audio dispatch compiler allocation,,,false
init_EB00,func_10010FFC,0x0CC,0xC60A014C,0x460A3002,-,-,Normalize object-aware audio dispatch compiler allocation,,,false
init_EB00,func_10010FFC,0x0D0,0x460A3002,0x10000004,-,-,Normalize object-aware audio dispatch compiler allocation,,,false
init_EB00,func_10010FFC,0x0D4,0x10000004,0x3C014380,-,-,Normalize object-aware audio dispatch compiler allocation,,,false
init_EB00,func_10010FFC,0x0D8,0x3C014380,0x44800000,-,-,Normalize object-aware audio dispatch compiler allocation,,,false
init_EB00,func_10010FFC,0x0DC,0x44800000,0x00000000,-,-,Normalize object-aware audio dispatch compiler allocation,,,false
init_EB00,func_10010FFC,0x0E0,0x00000000,0x3C014380,-,-,Normalize object-aware audio dispatch compiler allocation,,,false
init_EB00,func_10010FFC,0x0E4,0x3C014380,0x44818000,-,-,Normalize object-aware audio dispatch compiler allocation,,,false
init_EB00,func_10010FFC,0x0E8,0x44818000,0x3C0142A0,-,-,Normalize object-aware audio dispatch compiler allocation,,,false
init_EB00,func_10010FFC,0x0EC,0x3C0142A0,0x93B90053,-,-,Normalize object-aware audio dispatch compiler allocation,,,false
init_EB00,func_10010FFC,0x0F0,0x93A80053,0x4600803C,-,-,Normalize object-aware audio dispatch compiler allocation,,,false
init_EB00,func_10010FFC,0x0F4,0x4600803C,0x00000000,-,-,Normalize object-aware audio dispatch compiler allocation,,,false
init_EB00,func_10010FFC,0x0F8,0x00000000,0x45020006,-,-,Normalize object-aware audio dispatch compiler allocation,,,false
init_EB00,func_10010FFC,0x0FC,0x45020006,0x44819000,-,-,Normalize object-aware audio dispatch compiler allocation,,,false
init_EB00,func_10010FFC,0x100,0x44819000,0x3C013F80,-,-,Normalize object-aware audio dispatch compiler allocation,,,false
init_EB00,func_10010FFC,0x104,0x3C013F80,0x44810000,-,-,Normalize object-aware audio dispatch compiler allocation,,,false
init_EB00,func_10010FFC,0x108,0x44810000,0x10000010,-,-,Normalize object-aware audio dispatch compiler allocation,,,false
init_EB00,func_10010FFC,0x10C,0x10000010,0xAFB90010,-,-,Normalize object-aware audio dispatch compiler allocation,,,false
init_EB00,func_10010FFC,0x110,0xAFA80010,0x44819000,-,-,Normalize object-aware audio dispatch compiler allocation,,,false
init_EB00,func_10010FFC,0x114,0x44819000,0x3C013B80,-,-,Normalize object-aware audio dispatch compiler allocation,,,false
init_EB00,func_10010FFC,0x118,0x3C013B80,0x4612003C,-,-,Normalize object-aware audio dispatch compiler allocation,,,false
init_EB00,func_10010FFC,0x11C,0x4612003C,0x00000000,-,-,Normalize object-aware audio dispatch compiler allocation,,,false
init_EB00,func_10010FFC,0x120,0x00000000,0x45020006,-,-,Normalize object-aware audio dispatch compiler allocation,,,false
init_EB00,func_10010FFC,0x124,0x45020006,0x44812000,-,-,Normalize object-aware audio dispatch compiler allocation,,,false
init_EB00,func_10010FFC,0x128,0x44812000,0x3C013EA0,-,-,Normalize object-aware audio dispatch compiler allocation,,,false
init_EB00,func_10010FFC,0x12C,0x3C013EA0,0x44810000,-,-,Normalize object-aware audio dispatch compiler allocation,,,false
init_EB00,func_10010FFC,0x130,0x44810000,0x10000006,-,-,Normalize object-aware audio dispatch compiler allocation,,,false
init_EB00,func_10010FFC,0x134,0x10000006,0xAFB90010,-,-,Normalize object-aware audio dispatch compiler allocation,,,false
init_EB00,func_10010FFC,0x138,0xAFA80010,0x44812000,-,-,Normalize object-aware audio dispatch compiler allocation,,,false
init_EB00,func_10010FFC,0x13C,0x44812000,0x00000000,-,-,Normalize object-aware audio dispatch compiler allocation,,,false
init_EB00,func_10010FFC,0x140,0x00000000,0x46040002,-,-,Normalize object-aware audio dispatch compiler allocation,,,false
init_EB00,func_10010FFC,0x144,0x46040002,0x00000000,-,-,Normalize object-aware audio dispatch compiler allocation,,,false
init_EB00,func_10010FFC,0x148,0x00000000,0xAFB90010,-,-,Normalize object-aware audio dispatch compiler allocation,,,false
init_EB00,func_10010FFC,0x14C,0xAFA80010,0xAFA00014,-,-,Normalize object-aware audio dispatch compiler allocation,,,false
init_EB00,func_10010FFC,0x150,0xAFA00014,0xC6080014,-,-,Normalize object-aware audio dispatch compiler allocation,,,false
init_EB00,func_10010FFC,0x154,0xC6080014,0x3C0144FA,-,-,Normalize object-aware audio dispatch compiler allocation,,,false
init_EB00,func_10010FFC,0x158,0x3C0144FA,0x240E01F4,-,-,Normalize object-aware audio dispatch compiler allocation,,,false
init_EB00,func_10010FFC,0x15C,0x240F01F4,0x4600418D,-,-,Normalize object-aware audio dispatch compiler allocation,,,false
init_EB00,func_10010FFC,0x160,0x4600418D,0x44814000,-,-,Normalize object-aware audio dispatch compiler allocation,,,false
init_EB00,func_10010FFC,0x164,0x44814000,0x87A7004E,-,-,Normalize object-aware audio dispatch compiler allocation,,,false
init_EB00,func_10010FFC,0x168,0x97A40042,0x44093000,-,-,Normalize object-aware audio dispatch compiler allocation,,,false
init_EB00,func_10010FFC,0x16C,0x87A7004E,0x46004182,-,-,Normalize object-aware audio dispatch compiler allocation,,,false
init_EB00,func_10010FFC,0x170,0x440A3000,0xAFA90018,-,-,Normalize object-aware audio dispatch compiler allocation,,,false
init_EB00,func_10010FFC,0x174,0x46004182,0xC60A0018,-,-,Normalize object-aware audio dispatch compiler allocation,,,false
init_EB00,func_10010FFC,0x178,0xAFAA0018,0x4600540D,-,-,Normalize object-aware audio dispatch compiler allocation,,,false
init_EB00,func_10010FFC,0x17C,0xC60A0018,0x4600328D,-,-,Normalize object-aware audio dispatch compiler allocation,,,false
init_EB00,func_10010FFC,0x180,0x4600540D,0x440B8000,-,-,Normalize object-aware audio dispatch compiler allocation,,,false
init_EB00,func_10010FFC,0x184,0x4600328D,0x00000000,-,-,Normalize object-aware audio dispatch compiler allocation,,,false
init_EB00,func_10010FFC,0x188,0x440C8000,0xAFAB001C,-,-,Normalize object-aware audio dispatch compiler allocation,,,false
init_EB00,func_10010FFC,0x18C,0x00000000,0xC612001C,-,-,Normalize object-aware audio dispatch compiler allocation,,,false
init_EB00,func_10010FFC,0x190,0xAFAC001C,0x44185000,-,-,Normalize object-aware audio dispatch compiler allocation,,,false
init_EB00,func_10010FFC,0x194,0xC612001C,0xAFAE0024,-,-,Normalize object-aware audio dispatch compiler allocation,,,false
init_EB00,func_10010FFC,0x198,0x44195000,0x4600910D,-,-,Normalize object-aware audio dispatch compiler allocation,,,false
init_EB00,func_10010FFC,0x19C,0xAFAF0024,0x271901F5,-,-,Normalize object-aware audio dispatch compiler allocation,,,false
init_EB00,func_10010FFC,0x1A0,0x4600910D,0xAFB90028,-,-,Normalize object-aware audio dispatch compiler allocation,,,false
init_EB00,func_10010FFC,0x1A4,0x272801F5,0x440D2000,-,-,Normalize object-aware audio dispatch compiler allocation,,,false
init_EB00,func_10010FFC,0x1A8,0xAFA80028,0x0C000000,-,R_MIPS_26:func_10010E78,Normalize object-aware audio dispatch compiler allocation,,,false
init_EB00,func_10010FFC,0x1AC,0x440E2000,0xAFAD0020,-,-,Normalize object-aware audio dispatch compiler allocation,,,false
init_EB00,func_10010FFC,0x1B0,0x0C000000,0x3044FFFF,R_MIPS_26:func_10010E78,-,Normalize object-aware audio dispatch compiler allocation,,,false
init_EB00,func_10010FFC,0x1B4,0xAFAE0020,0x00801025,-,-,Normalize object-aware audio dispatch compiler allocation,,,false
init_8F90,func_100097CC,0x000,0x27BDFFC8,0x27BDFFD0,-,-,Normalize DMA page-cache helper compiler allocation,,,false
init_8F90,func_100097CC,0x010,0xAFA60040,0xAFA60038,-,-,Normalize DMA page-cache helper compiler allocation,,,false
init_8F90,func_100097CC,0x03C,0x244F0800,0x24440800,-,-,Normalize DMA page-cache helper compiler allocation,,,false
init_8F90,func_100097CC,0x040,0x01EE082A,0x008E082A,-,-,Normalize DMA page-cache helper compiler allocation,,,false
init_8F90,func_100097CC,0x04C,0x8C790010,0x8C780010,-,-,Normalize DMA page-cache helper compiler allocation,,,false
init_8F90,func_100097CC,0x050,0x3C180000,0x3C0F0000,R_MIPS_HI16:D_8002AE44,R_MIPS_HI16:D_8002AE44,Normalize DMA page-cache helper compiler allocation,,,false
init_8F90,func_100097CC,0x054,0x8F180000,0x8DEF0000,R_MIPS_LO16:D_8002AE44,R_MIPS_LO16:D_8002AE44,Normalize DMA page-cache helper compiler allocation,,,false
init_8F90,func_100097CC,0x058,0x03275821,0x0307C821,-,-,Normalize DMA page-cache helper compiler allocation,,,false
init_8F90,func_100097CC,0x05C,0x01622023,0x03222023,-,-,Normalize DMA page-cache helper compiler allocation,,,false
init_8F90,func_100097CC,0x064,0xAC78000C,0xAC6F000C,-,-,Normalize DMA page-cache helper compiler allocation,,,false
init_8F90,func_100097CC,0x088,0x8D4C0000,0x8D4B0000,-,-,Normalize DMA page-cache helper compiler allocation,,,false
init_8F90,func_100097CC,0x08C,0x3C0B0000,0x3C180000,R_MIPS_HI16:D_8002AE44,R_MIPS_HI16:D_8002AE44,Normalize DMA page-cache helper compiler allocation,,,false
init_8F90,func_100097CC,0x094,0x2D810020,0x2D610020,-,-,Normalize DMA page-cache helper compiler allocation,,,false
init_8F90,func_100097CC,0x098,0x54200004,0x14200003,-,-,Normalize DMA page-cache helper compiler allocation,,,false
init_8F90,func_100097CC,0x09C,0x8C6D0000,0x3C0B0000,-,R_MIPS_HI16:D_80040F98,Normalize DMA page-cache helper compiler allocation,,,false
init_8F90,func_100097CC,0x0A8,0x8C6D0000,0x8C6C0000,-,-,Normalize DMA page-cache helper compiler allocation,,,false
init_8F90,func_100097CC,0x0AC,0xAD0D0008,0x256B0000,-,R_MIPS_LO16:D_80040F98,Normalize DMA page-cache helper compiler allocation,,,false
init_8F90,func_100097CC,0x0B0,0x8C620000,0xAD0C0008,-,-,Normalize DMA page-cache helper compiler allocation,,,false
init_8F90,func_100097CC,0x0B4,0x50400004,0x8C620000,-,-,Normalize DMA page-cache helper compiler allocation,,,false
init_8F90,func_100097CC,0x0B8,0x8C620004,0x240C0800,-,-,Normalize DMA page-cache helper compiler allocation,,,false
init_8F90,func_100097CC,0x0BC,0x8C6E0004,0x50400004,-,-,Normalize DMA page-cache helper compiler allocation,,,false
init_8F90,func_100097CC,0x0C0,0xAC4E0004,0x8C620004,-,-,Normalize DMA page-cache helper compiler allocation,,,false
init_8F90,func_100097CC,0x0C4,0x8C620004,0x8C6D0004,-,-,Normalize DMA page-cache helper compiler allocation,,,false
init_8F90,func_100097CC,0x0C8,0x3C0E0000,0xAC4D0004,R_MIPS_HI16:D_80040F98,-,Normalize DMA page-cache helper compiler allocation,,,false
init_8F90,func_100097CC,0x0CC,0x25CE0000,0x8C620004,R_MIPS_LO16:D_80040F98,-,Normalize DMA page-cache helper compiler allocation,,,false
init_8F90,func_100097CC,0x0D0,0x10400003,0x3C0D0000,-,R_MIPS_HI16:D_80041298,Normalize DMA page-cache helper compiler allocation,,,false
init_8F90,func_100097CC,0x0D4,0x00000000,0x10400003,-,-,Normalize DMA page-cache helper compiler allocation,,,false
init_8F90,func_100097CC,0x0D8,0x8C6F0000,0x00000000,-,-,Normalize DMA page-cache helper compiler allocation,,,false
init_8F90,func_100097CC,0x0DC,0xAC4F0000,0x8C6E0000,-,-,Normalize DMA page-cache helper compiler allocation,,,false
init_8F90,func_100097CC,0x0E0,0x10C0000A,0xAC4E0000,-,-,Normalize DMA page-cache helper compiler allocation,,,false
init_8F90,func_100097CC,0x0E4,0x240F0800,0x50C0000C,-,-,Normalize DMA page-cache helper compiler allocation,,,false
init_8F90,func_100097CC,0x0E8,0xAC660004,0x8D020004,-,-,Normalize DMA page-cache helper compiler allocation,,,false
init_8F90,func_100097CC,0x0EC,0x8CD80000,0x8CCF0000,-,-,Normalize DMA page-cache helper compiler allocation,,,false
init_8F90,func_100097CC,0x0F0,0xAC780000,0xAC660004,-,-,Normalize DMA page-cache helper compiler allocation,,,false
init_8F90,func_100097CC,0x0F4,0x8CC20000,0xAC6F0000,-,-,Normalize DMA page-cache helper compiler allocation,,,false
init_8F90,func_100097CC,0x0F8,0x10400002,0x8CC20000,-,-,Normalize DMA page-cache helper compiler allocation,,,false
init_8F90,func_100097CC,0x0FC,0x00000000,0x50400003,-,-,Normalize DMA page-cache helper compiler allocation,,,false
init_8F90,func_100097CC,0x100,0xAC430004,0xACC30000,-,-,Normalize DMA page-cache helper compiler allocation,,,false
init_8F90,func_100097CC,0x104,0x1000000D,0xAC430004,-,-,Normalize DMA page-cache helper compiler allocation,,,false
init_8F90,func_100097CC,0x10C,0x8D020004,0x1000000D,-,-,Normalize DMA page-cache helper compiler allocation,,,false
init_8F90,func_100097CC,0x110,0x50400008,0x30E80001,-,-,Normalize DMA page-cache helper compiler allocation,,,false
init_8F90,func_100097CC,0x114,0xAD030004,0x8D020004,-,-,Normalize DMA page-cache helper compiler allocation,,,false
init_8F90,func_100097CC,0x118,0xAC620000,0x50400007,-,-,Normalize DMA page-cache helper compiler allocation,,,false
init_8F90,func_100097CC,0x120,0x8C790000,0xAD030004,-,-,Normalize DMA page-cache helper compiler allocation,,,false
init_8F90,func_100097CC,0x124,0xAC600004,0xAC620000,-,-,Normalize DMA page-cache helper compiler allocation,,,false
init_8F90,func_100097CC,0x128,0x10000004,0xAC600004,-,-,Normalize DMA page-cache helper compiler allocation,,,false
init_8F90,func_100097CC,0x12C,0xAF230004,0x10000004,-,-,Normalize DMA page-cache helper compiler allocation,,,false
init_8F90,func_100097CC,0x130,0xAD030004,0xAC430004,-,-,Normalize DMA page-cache helper compiler allocation,,,false
init_8F90,func_100097CC,0x134,0xAC600000,0xAD030004,-,-,Normalize DMA page-cache helper compiler allocation,,,false
init_8F90,func_100097CC,0x138,0xAC600004,0xAC600000,-,-,Normalize DMA page-cache helper compiler allocation,,,false
init_8F90,func_100097CC,0x13C,0x30E20001,0xAC600004,-,-,Normalize DMA page-cache helper compiler allocation,,,false
init_8F90,func_100097CC,0x140,0xAFA2002C,0x30E80001,-,-,Normalize DMA page-cache helper compiler allocation,,,false
init_8F90,func_100097CC,0x144,0x00E23823,0x8C690010,-,-,Normalize DMA page-cache helper compiler allocation,,,false
init_8F90,func_100097CC,0x148,0xAC670008,0xAFA80028,-,-,Normalize DMA page-cache helper compiler allocation,,,false
init_8F90,func_100097CC,0x14C,0x8D6B0000,0x00E83823,R_MIPS_LO16:D_8002AE44,-,Normalize DMA page-cache helper compiler allocation,,,false
init_8F90,func_100097CC,0x150,0x8C690010,0xAC670008,-,-,Normalize DMA page-cache helper compiler allocation,,,false
init_8F90,func_100097CC,0x154,0x3C180000,0x8F180000,R_MIPS_HI16:D_80041298,R_MIPS_LO16:D_8002AE44,Normalize DMA page-cache helper compiler allocation,,,false
init_8F90,func_100097CC,0x158,0xAC6B000C,0x25AD0000,-,R_MIPS_LO16:D_80041298,Normalize DMA page-cache helper compiler allocation,,,false
init_8F90,func_100097CC,0x15C,0x8D480000,0x00003025,-,-,Normalize DMA page-cache helper compiler allocation,,,false
init_8F90,func_100097CC,0x160,0x27180000,0xAC78000C,R_MIPS_LO16:D_80041298,-,Normalize DMA page-cache helper compiler allocation,,,false
init_8F90,func_100097CC,0x164,0xAFB80018,0x8D420000,-,-,Normalize DMA page-cache helper compiler allocation,,,false
init_8F90,func_100097CC,0x168,0x00086880,0xAFAD0018,-,-,Normalize DMA page-cache helper compiler allocation,,,false
init_8F90,func_100097CC,0x16C,0x01A86823,0xAFAC0014,-,-,Normalize DMA page-cache helper compiler allocation,,,false
init_8F90,func_100097CC,0x170,0x000D68C0,0x0002C880,-,-,Normalize DMA page-cache helper compiler allocation,,,false
init_8F90,func_100097CC,0x174,0x250C0001,0x0322C823,-,-,Normalize DMA page-cache helper compiler allocation,,,false
init_8F90,func_100097CC,0x178,0xAD4C0000,0x0019C8C0,-,-,Normalize DMA page-cache helper compiler allocation,,,false
init_8F90,func_100097CC,0x17C,0x01AE2021,0x244E0001,-,-,Normalize DMA page-cache helper compiler allocation,,,false
init_8F90,func_100097CC,0x180,0xAFAF0014,0xAD4E0000,-,-,Normalize DMA page-cache helper compiler allocation,,,false
init_8F90,func_100097CC,0x184,0x00003025,0x032B2021,-,-,Normalize DMA page-cache helper compiler allocation,,,false
init_8F90,func_100097CC,0x188,0xAFA90028,0xAFA9002C,-,-,Normalize DMA page-cache helper compiler allocation,,,false
init_8F90,func_100097CC,0x198,0x8FA40028,0x8FA4002C,-,-,Normalize DMA page-cache helper compiler allocation,,,false
init_8F90,func_100097CC,0x19C,0x8FB9002C,0x8FAF0028,-,-,Normalize DMA page-cache helper compiler allocation,,,false
init_8F90,func_100097CC,0x1A0,0x00591021,0x004F1021,-,-,Normalize DMA page-cache helper compiler allocation,,,false
init_8F90,func_100097CC,0x1A8,0x27BD0038,0x27BD0030,-,-,Normalize DMA page-cache helper compiler allocation,,,false
init_EB00,func_1000F6B8,0x050,0x3C040000,0x3C020000,R_MIPS_HI16:D_80041F68,R_MIPS_HI16:D_80041F68,Normalize retained nearest-anchor helper compiler allocation,,,false
init_EB00,func_1000F6B8,0x054,0x24890000,0x24490000,R_MIPS_LO16:D_80041F68,R_MIPS_LO16:D_80041F68,Normalize retained nearest-anchor helper compiler allocation,,,false
init_EB00,func_1000F6B8,0x058,0x5060002B,0x5060002C,-,-,Normalize retained nearest-anchor helper compiler allocation,,,false
init_EB00,func_1000F6B8,0x064,0x3C040000,0x2407FFFF,R_MIPS_HI16:D_80041F68,-,Normalize retained nearest-anchor helper compiler allocation,,,false
init_EB00,func_1000F6B8,0x068,0x0003C8C0,0x000350C0,-,-,Normalize retained nearest-anchor helper compiler allocation,,,false
init_EB00,func_1000F6B8,0x06C,0x0323C823,0x01435023,-,-,Normalize retained nearest-anchor helper compiler allocation,,,false
init_EB00,func_1000F6B8,0x070,0x24820000,0x3C190000,R_MIPS_LO16:D_80041F68,R_MIPS_HI16:D_80041F68,Normalize retained nearest-anchor helper compiler allocation,,,false
init_EB00,func_1000F6B8,0x074,0x0019C880,0x27220000,-,R_MIPS_LO16:D_80041F68,Normalize retained nearest-anchor helper compiler allocation,,,false
init_EB00,func_1000F6B8,0x078,0x00594021,0x000A5080,-,-,Normalize retained nearest-anchor helper compiler allocation,,,false
init_EB00,func_1000F6B8,0x07C,0x2407FFFF,0x01424021,-,-,Normalize retained nearest-anchor helper compiler allocation,,,false
init_EB00,func_1000F6B8,0x080,0x8FA90074,0x8FA90078,-,-,Normalize retained nearest-anchor helper compiler allocation,,,false
init_EB00,func_1000F6B8,0x084,0x8C4A000C,0x8C4B000C,-,-,Normalize retained nearest-anchor helper compiler allocation,,,false
init_EB00,func_1000F6B8,0x088,0x8C4B0010,0x8C4C0010,-,-,Normalize retained nearest-anchor helper compiler allocation,,,false
init_EB00,func_1000F6B8,0x08C,0x8C4C0014,0x8C4D0014,-,-,Normalize retained nearest-anchor helper compiler allocation,,,false
init_EB00,func_1000F6B8,0x090,0x020A1823,0x020B1823,-,-,Normalize retained nearest-anchor helper compiler allocation,,,false
init_EB00,func_1000F6B8,0x098,0x022B2023,0x022C2023,-,-,Normalize retained nearest-anchor helper compiler allocation,,,false
init_EB00,func_1000F6B8,0x09C,0x024C2823,0x024D2823,-,-,Normalize retained nearest-anchor helper compiler allocation,,,false
init_EB00,func_1000F6B8,0x0A0,0x00006812,0x00007012,-,-,Normalize retained nearest-anchor helper compiler allocation,,,false
init_EB00,func_1000F6B8,0x0B0,0x00007012,0x00007812,-,-,Normalize retained nearest-anchor helper compiler allocation,,,false
init_EB00,func_1000F6B8,0x0B4,0x01AE7821,0x01CFC021,-,-,Normalize retained nearest-anchor helper compiler allocation,,,false
init_EB00,func_1000F6B8,0x0C0,0x0000C012,0x00005012,-,-,Normalize retained nearest-anchor helper compiler allocation,,,false
init_EB00,func_1000F6B8,0x0C4,0x01F83021,0x030A3021,-,-,Normalize retained nearest-anchor helper compiler allocation,,,false
init_EB00,func_1000F6B8,0x0DC,0xAFA3005C,0xAFA30068,-,-,Normalize retained nearest-anchor helper compiler allocation,,,false
init_EB00,func_1000F6B8,0x0E0,0xAFA40058,0xAFA40064,-,-,Normalize retained nearest-anchor helper compiler allocation,,,false
init_EB00,func_1000F6B8,0x0E4,0xAFA50054,0xAFA50060,-,-,Normalize retained nearest-anchor helper compiler allocation,,,false
init_EB00,func_1000F6B8,0x0F4,0x8C4A000C,0x8C4B000C,-,-,Normalize retained nearest-anchor helper compiler allocation,,,false
init_EB00,func_1000F6B8,0x0F8,0xAFA90074,0xAFA90078,-,-,Normalize retained nearest-anchor helper compiler allocation,,,false
init_EB00,func_1000F6B8,0x0FC,0x1000000A,0x8FA90078,-,-,Normalize retained nearest-anchor helper compiler allocation,,,false
init_EB00,func_1000F6B8,0x100,0x8FA90074,0x1000000B,-,-,Normalize retained nearest-anchor helper compiler allocation,,,false
init_EB00,func_1000F6B8,0x104,0x8D39000C,0x8D380000,-,-,Normalize retained nearest-anchor helper compiler allocation,,,false
init_EB00,func_1000F6B8,0x108,0x02195023,0x8D39000C,-,-,Normalize retained nearest-anchor helper compiler allocation,,,false
init_EB00,func_1000F6B8,0x10C,0xAFAA005C,0x02195823,-,-,Normalize retained nearest-anchor helper compiler allocation,,,false
init_EB00,func_1000F6B8,0x110,0x8D2B0010,0xAFAB0068,-,-,Normalize retained nearest-anchor helper compiler allocation,,,false
init_EB00,func_1000F6B8,0x114,0x022B6023,0x8D2C0010,-,-,Normalize retained nearest-anchor helper compiler allocation,,,false
init_EB00,func_1000F6B8,0x118,0xAFAC0058,0x022C6823,-,-,Normalize retained nearest-anchor helper compiler allocation,,,false
init_EB00,func_1000F6B8,0x11C,0x8D2D0014,0xAFAD0064,-,-,Normalize retained nearest-anchor helper compiler allocation,,,false
init_EB00,func_1000F6B8,0x120,0x024D7023,0x8D2E0014,-,-,Normalize retained nearest-anchor helper compiler allocation,,,false
init_EB00,func_1000F6B8,0x124,0xAFAE0054,0x024E7823,-,-,Normalize retained nearest-anchor helper compiler allocation,,,false
init_EB00,func_1000F6B8,0x128,0x8D2F0000,0xAFAF0060,-,-,Normalize retained nearest-anchor helper compiler allocation,,,false
init_EB00,func_1000F6B8,0x12C,0x8D270018,0x8D380000,-,-,Normalize retained nearest-anchor helper compiler allocation,,,false
init_EB00,func_1000F6B8,0x130,0x87AD009A,0x8D270018,-,-,Normalize retained nearest-anchor helper compiler allocation,,,false
init_EB00,func_1000F6B8,0x134,0x020FC023,0x87AE009A,-,-,Normalize retained nearest-anchor helper compiler allocation,,,false
init_EB00,func_1000F6B8,0x138,0xAFB80010,0x02185023,-,-,Normalize retained nearest-anchor helper compiler allocation,,,false
init_EB00,func_1000F6B8,0x13C,0x8D390004,0xAFAA0010,-,-,Normalize retained nearest-anchor helper compiler allocation,,,false
init_EB00,func_1000F6B8,0x140,0x8FAF0090,0x8D390004,-,-,Normalize retained nearest-anchor helper compiler allocation,,,false
init_EB00,func_1000F6B8,0x144,0x87AE0096,0x8FB80090,-,-,Normalize retained nearest-anchor helper compiler allocation,,,false
init_EB00,func_1000F6B8,0x148,0x02395023,0x87AF0096,-,-,Normalize retained nearest-anchor helper compiler allocation,,,false
init_EB00,func_1000F6B8,0x14C,0xAFAA0014,0x02395823,-,-,Normalize retained nearest-anchor helper compiler allocation,,,false
init_EB00,func_1000F6B8,0x150,0x8D2B0008,0xAFAB0014,-,-,Normalize retained nearest-anchor helper compiler allocation,,,false
init_EB00,func_1000F6B8,0x154,0x27B80050,0x8D2C0008,-,-,Normalize retained nearest-anchor helper compiler allocation,,,false
init_EB00,func_1000F6B8,0x158,0xAFB80028,0x27AA007C,-,-,Normalize retained nearest-anchor helper compiler allocation,,,false
init_EB00,func_1000F6B8,0x15C,0x024B6023,0xAFAA0028,-,-,Normalize retained nearest-anchor helper compiler allocation,,,false
init_EB00,func_1000F6B8,0x160,0xAFAC0018,0x024C6823,-,-,Normalize retained nearest-anchor helper compiler allocation,,,false
init_EB00,func_1000F6B8,0x164,0xAFA0002C,0xAFAD0018,-,-,Normalize retained nearest-anchor helper compiler allocation,,,false
init_EB00,func_1000F6B8,0x168,0x8FA4005C,0xAFA0002C,-,-,Normalize retained nearest-anchor helper compiler allocation,,,false
init_EB00,func_1000F6B8,0x16C,0x8FA50058,0x8FA40068,-,-,Normalize retained nearest-anchor helper compiler allocation,,,false
init_EB00,func_1000F6B8,0x170,0x8FA60054,0x8FA50064,-,-,Normalize retained nearest-anchor helper compiler allocation,,,false
init_EB00,func_1000F6B8,0x174,0xAFAD001C,0x8FA60060,-,-,Normalize retained nearest-anchor helper compiler allocation,,,false
init_EB00,func_1000F6B8,0x178,0xAFAF0024,0xAFAE001C,-,-,Normalize retained nearest-anchor helper compiler allocation,,,false
init_EB00,func_1000F6B8,0x17C,0x0C000000,0xAFB80024,R_MIPS_26:func_1000A420,-,Normalize retained nearest-anchor helper compiler allocation,,,false
init_EB00,func_1000F6B8,0x180,0xAFAE0020,0x0C000000,-,R_MIPS_26:func_1000A420,Normalize retained nearest-anchor helper compiler allocation,,,false
init_EB00,func_1000F6B8,0x184,0x8FA20050,0xAFAF0020,-,-,Normalize retained nearest-anchor helper compiler allocation,,,false
init_EB00,func_1000F6B8,0x188,0x8FBF0044,0x8FA2007C,-,-,Normalize retained nearest-anchor helper compiler allocation,,,false
init_EB00,func_1000F6B8,0x18C,0x8FB00038,0x8FBF0044,-,-,Normalize retained nearest-anchor helper compiler allocation,,,false
init_EB00,func_1000F6B8,0x190,0x8FB1003C,0x8FB00038,-,-,Normalize retained nearest-anchor helper compiler allocation,,,false
init_EB00,func_1000F6B8,0x194,0x8FB20040,0x8FB1003C,-,-,Normalize retained nearest-anchor helper compiler allocation,,,false
init_EB00,func_1000F6B8,0x198,0x03E00008,0x8FB20040,-,-,Normalize retained nearest-anchor helper compiler allocation,,,false
init_EB00,func_1000F6B8,0x19C,0x27BD0080,0x03E00008,-,-,Normalize retained nearest-anchor helper compiler allocation,0x27BD0080,-,false
init_8F90,func_10009400,0x148,0x00008025,0x00008025,-,-,Omit IDO's dead frame-counter clear before closing the audio manager,,,true
init_8F90,func_10009400,0x174,0x00000000,0x00000000,-,-,Omit the first alignment nop introduced after the terminal receive loop,,,true
init_8F90,func_10009400,0x178,0x00000000,0x00000000,-,-,Omit the second alignment nop introduced after the terminal receive loop,,,true
init_8F90,func_10009400,0x17C,0x00000000,0x00000000,-,-,Omit the third alignment nop introduced after the terminal receive loop,,,true
init_8F90,func_10009400,0x038,0xAFA00064,0x00008825,-,-,Initialize the completion flag before the message stack slot,,,false
init_8F90,func_10009400,0x03C,0xAFA00060,0xAFA0005C,-,-,Place the audio-thread message in retail's stack slot,,,false
init_8F90,func_10009400,0x040,0x00008025,0x0000A825,-,-,Initialize the audio token through retail register s5,,,false
init_8F90,func_10009400,0x044,0x0000A825,0x00008025,-,-,Initialize the frame counter through retail register s0,,,false
init_8F90,func_10009400,0x048,0x24130001,0x24140001,-,-,Retain the first-frame flag in retail register s4,,,false
init_8F90,func_10009400,0x04C,0x00008825,0xAFA00054,-,-,Initialize the retained status stack slot after the saved-register values,,,false
init_8F90,func_10009400,0x050,0x27A4005C,0x27A4004C,-,-,Pass retail's local controller pointer slot to the audio initializer,,,false
init_8F90,func_10009400,0x068,0x24140004,0x24130004,-,-,Retain message type four in retail register s3,,,false
init_8F90,func_10009400,0x06C,0x27B20064,0x27B2005C,-,-,Retain the retail message-slot address in s2,,,false
init_8F90,func_10009400,0x084,0x8FAF0064,0x8FAF005C,-,-,Load the shutdown message from retail's stack slot,,,false
init_8F90,func_10009400,0x090,0x8FB80064,0x8FB8005C,-,-,Reload the normal message from retail's stack slot in the branch delay,,,false
init_8F90,func_10009400,0x094,0xA5F40000,0xA5F30000,-,-,Store message type four from retail register s3,,,false
init_8F90,func_10009400,0x098,0x8FB80064,0x8FB8005C,-,-,Reload the rewritten message from retail's stack slot,,,false
init_8F90,func_10009400,0x0A8,0x10540020,0x10530020,-,-,Compare message type four against retail register s3,,,false
init_8F90,func_10009400,0x0B4,0x03C08825,0x24110001,-,-,Materialize the completion flag directly in the type-ten branch delay,,,false
init_8F90,func_10009400,0x100,0x16600007,0x16800007,-,-,Test the first-frame flag in retail register s4,,,false
init_8F90,func_10009400,0x118,0x8FAA0064,0x8FAA005C,-,-,Load the completion message from retail's stack slot,,,false
init_8F90,func_10009400,0x120,0x00009825,0x0000A025,-,-,Clear the first-frame flag in retail register s4,,,false
init_8F90,func_10009400,0x130,0x03C08825,0x24110001,-,-,Materialize the completion flag directly for message type four,,,false
init_8F90,func_10009400,0x134,0x03C08825,0x24110001,-,-,Preserve retail's duplicated completion assignment for the second terminal case,,,false
init_8F90,func_10009400,0x144,0x24840000,0x27B2005C,R_MIPS_LO16:D_8003E640,-,Prepare the terminal receive message slot before completing the audio-manager address,0x24840000,R_MIPS_LO16:D_8003E640,false
init_8F90,func_10009400,0x14C,0x0000A825,0x0000A025,-,-,Clear retail's first-frame register before closing the audio manager,,,false
init_8F90,func_10009400,0x150,0x00009825,0x00009825,-,-,Omit IDO's dead message-type register clear before closing the audio manager,,,true
init_3BD0,func_10003BD0,0x008,0x24840000,0x3C050000,R_MIPS_LO16:D_800E9D10,R_MIPS_HI16:D_800380BC,Materialize the retained final-anchor address before completing either opening pointer,0x24A50000,R_MIPS_LO16:D_800380BC,false
init_3BD0,func_10003BD0,0x00C,0x24630000,0x24840000,R_MIPS_LO16:D_800380B4,R_MIPS_LO16:D_800E9D10,Complete the arena pointer after the retained anchor address,,,false
init_3BD0,func_10003BD0,0x010,0xAC640000,0x24630000,-,R_MIPS_LO16:D_800380B4,Complete the head pointer before installing the arena,,,false
init_3BD0,func_10003BD0,0x014,0xAC800000,0xAC640000,-,-,Install the arena before clearing its first field,,,false
init_3BD0,func_10003BD0,0x018,0x8C6F0000,0xAC800000,-,-,Clear the first arena field before reloading the head,,,false
init_3BD0,func_10003BD0,0x01C,0x3C180000,0x8C6F0000,R_MIPS_HI16:D_80038098,-,Reload the installed head before materializing the size source,,,false
init_3BD0,func_10003BD0,0x020,0x3C010000,0x3C180000,R_MIPS_HI16:D_800380BC,R_MIPS_HI16:D_80038098,Materialize the size source through retail's t8 lifetime,,,false
init_3BD0,func_10003BD0,0x024,0xADE00004,0x3C010000,-,R_MIPS_HI16:D_800380B8,Hoist the second final-anchor address before clearing field four,,,false
init_3BD0,func_10003BD0,0x028,0x8F180000,0xADE00004,R_MIPS_LO16:D_80038098,-,Clear field four before loading the size source,,,false
init_3BD0,func_10003BD0,0x02C,0x8C690000,0x8F180000,-,R_MIPS_LO16:D_80038098,Load the size source before reloading the head for field eight,,,false
init_3BD0,func_10003BD0,0x030,0x0304C823,0x8C690000,-,-,Reload the head before calculating the arena size,,,false
init_3BD0,func_10003BD0,0x034,0x2728FFEC,0x0304C823,-,-,Subtract the arena base through retail's t9 lifetime,,,false
init_3BD0,func_10003BD0,0x038,0xAD280008,0x2728FFEC,-,-,Apply the record-header adjustment before storing field eight,,,false
init_3BD0,func_10003BD0,0x03C,0x8C6A0000,0xAD280008,-,-,Store field eight before the next head reload,,,false
init_3BD0,func_10003BD0,0x040,0xAD40000C,0x8C6A0000,-,-,Reload the head for field twelve,,,false
init_3BD0,func_10003BD0,0x044,0x8C6B0000,0xAD40000C,-,-,Clear field twelve before the final field reload,,,false
init_3BD0,func_10003BD0,0x048,0xAD600010,0x8C6B0000,-,-,Reload the head for field sixteen,,,false
init_3BD0,func_10003BD0,0x04C,0x8C620000,0xAD600010,-,-,Clear field sixteen before retaining the initialized node,,,false
init_3BD0,func_10003BD0,0x050,0xAC220000,0x8C620000,R_MIPS_LO16:D_800380BC,-,Load the initialized node once for all final anchors,,,false
init_3BD0,func_10003BD0,0x054,0x3C010000,0xACA20000,R_MIPS_HI16:D_800380B8,-,Store the node through the retained final-anchor pointer,,,false
guMtxIdentF,guMtxIdentF,0x004,0x44810000,0x44812000,-,-,Retain the matrix one constant in retail floating-point register f4,,,false
guMtxIdentF,guMtxIdentF,0x00C,0xE4800000,0xE4840000,-,-,Store the first diagonal one from retail floating-point register f4,,,false
guMtxIdentF,guMtxIdentF,0x01C,0xE4800014,0xE4840014,-,-,Store the second diagonal one from retail floating-point register f4,,,false
guMtxIdentF,guMtxIdentF,0x030,0xE4800028,0xE4840028,-,-,Store the third diagonal one from retail floating-point register f4,,,false
guMtxIdentF,guMtxIdentF,0x048,0xE480003C,0xE484003C,-,-,Store the fourth diagonal one from retail floating-point register f4,,,false
generated_200930,func_151D5E30,0x20,0x8DE40000,0x8DE20000,-,-,Retain the current cleanup handle in the retail return register,,,false
generated_200930,func_151D5E30,0x24,0x50800004,0x10400003,-,-,Use the retail non-likely null-handle branch,,,false
generated_200930,func_151D5E30,0x28,0x26100001,0x00402025,-,-,Copy the retained cleanup handle into the call argument delay slot,,,false
generated_1D92F0,func_151AE640,0x0C,0x14C00007,0x14C00008,-,-,Retarget the nonzero mode branch past the restored return delay slot,,,false
generated_1D92F0,func_151AE640,0x1C,0x144F0011,0x144F0012,-,-,Retarget the zero-mode mismatch branch past the restored return delay slot,,,false
generated_1D92F0,func_151AE640,0x24,0x03E00008,0xAC800044,-,-,Clear the tracked slot before returning from zero mode,,,false
generated_1D92F0,func_151AE640,0x28,0xAC800044,0x03E00008,-,-,Return after the zero-mode slot clear,0x00000000,-,false
generated_1CBE20,func_1519ED24,0x00,0x8C830170,0x3C010000,-,R_MIPS_HI16:D_800A8CD8,Load the shared scale before the independent source pointer,,,false
generated_1CBE20,func_1519ED24,0x04,0x3C010000,0xC4200000,R_MIPS_HI16:D_800A8CD8,R_MIPS_LO16:D_800A8CD8,Complete the shared scale load before reading the source pointer,,,false
generated_1CBE20,func_1519ED24,0x08,0xC4200000,0x8C830170,R_MIPS_LO16:D_800A8CD8,-,Read the independent source pointer after loading the scale,,,false
generated_1CBE20,func_1519ED24,0x0C,0xC4640018,0x24020001,-,-,Initialize the return value before the first source component load,,,false
generated_1CBE20,func_1519ED24,0x10,0x24020001,0xC4640018,-,-,Load the first source component after initializing the return value,,,false
generated_1368C0,func_1510A870,0x40,0x14D90004,0x17260004,-,-,Select retail operand order for the second record equality branch,,,false
generated_1368C0,func_1510A8CC,0x40,0x14D90004,0x17260004,-,-,Select retail operand order for the second record equality branch,,,false
generated_1B74A0,func_1518A360,0x40,0x14D90004,0x17260004,-,-,Select retail operand order for the second record equality branch,,,false
generated_71820,func_15044CE4,0x0C,0x8C85001C,0x8C99001C,-,-,Keep the scale pointer in retail's t9 lifetime,,,false
generated_71820,func_15044CE4,0x28,0x84A30000,0x87230000,-,-,Load the scale halfword through the retail pointer lifetime,,,false
generated_71820,func_15044CE4,0x30,0x0003C943,0x00034143,-,-,Keep the positive quotient in retail's t0 lifetime,,,false
generated_71820,func_15044CE4,0x38,0x0001C943,0x00014143,-,-,Keep the corrected negative quotient in retail's t0 lifetime,,,false
generated_71820,func_15044CE4,0x3C,0xA4990010,0xA4880010,-,-,Store the first scale from the retail quotient lifetime,,,false
generated_71820,func_15044CE4,0x40,0xA4990012,0xA4880012,-,-,Store the second scale from the retail quotient lifetime,,,false
generated_71820,func_15044CE4,0x48,0xA4990014,0xA4880014,-,-,Store the third scale from the retail quotient lifetime,,,false
generated_71820,func_15045714,0x20,0x8FA30018,0x8FA20018,-,-,Reload the position pointer through retail's v0 lifetime,,,false
generated_71820,func_15045714,0x2C,0xC4640000,0xC4440000,-,-,Read the X coordinate through retail's v0 pointer lifetime,,,false
generated_71820,func_15045714,0x30,0xC4680008,0xC4480008,-,-,Read the Z coordinate through retail's v0 pointer lifetime,,,false
generated_B3020,func_1508855C,0x00,0x3C020000,0x3C030000,R_MIPS_HI16:D_800872A0,R_MIPS_HI16:D_800872A0,Keep the record-table base in retail's v1 lifetime,,,false
generated_B3020,func_1508855C,0x04,0x8C420000,0x8C630000,R_MIPS_LO16:D_800872A0,R_MIPS_LO16:D_800872A0,Complete the table load through retail's v1 lifetime,,,false
generated_B3020,func_1508855C,0x10,0x14400003,0x14600003,-,-,Test the table through retail's v1 lifetime,,,false
generated_B3020,func_1508855C,0x14,0x008E1823,0x008E1023,-,-,Keep the object delta in retail's v0 lifetime,,,false
generated_B3020,func_1508855C,0x24,0x0061001A,0x0041001A,-,-,Divide the object delta through retail's v0 lifetime,,,false
generated_B3020,func_1508855C,0x28,0x00001812,0x00001012,-,-,Keep the record index in retail's v0 lifetime,,,false
generated_B3020,func_1508855C,0x30,0x14600003,0x14400003,-,-,Test the record index through retail's v0 lifetime,,,false
generated_B3020,func_1508855C,0x48,0x24450084,0x24040001,-,-,Initialize the retail loop index before the record pointer,,,false
generated_B3020,func_1508855C,0x4C,0x24060001,0x24660084,-,-,Derive the first record through retail's a2 lifetime,,,false
generated_B3020,func_1508855C,0x50,0x03192021,0x03192821,-,-,Keep the record count in retail's a1 lifetime,,,false
generated_B3020,func_1508855C,0x54,0x28810002,0x28A10002,-,-,Test the record count through retail's a1 lifetime,,,false
generated_B3020,func_1508855C,0x58,0x10200003,0x5420000B,-,-,Use retail's branch-likely count exit to the shared epilogue,,,false
generated_B3020,func_1508855C,0x60,0x03E00008,0x80C80031,-,-,Load the first record index at the retail loop head,,,false
generated_B3020,func_1508855C,0x64,0x2402FFFF,0x54480004,-,-,Compare the sought and current record indices,,,false
generated_B3020,func_1508855C,0x68,0x80A80031,0x24840001,-,-,Increment the retail loop index in the branch delay slot,,,false
generated_B3020,func_1508855C,0x6C,0x54680004,0x03E00008,-,-,Return immediately when the record index matches,,,false
generated_B3020,func_1508855C,0x70,0x24C60001,0x00801025,-,-,Return the matching retail loop index,,,false
generated_B3020,func_1508855C,0x74,0x03E00008,0x24840001,-,-,Preserve retail's duplicated post-match increment,,,false
generated_B3020,func_1508855C,0x78,0x00C01025,0x0085082A,-,-,Compare the retail loop index against the record count,,,false
generated_B3020,func_1508855C,0x7C,0x24C60001,0x1420FFF8,-,-,Loop while the retail index remains below the count,,,false
generated_B3020,func_1508855C,0x80,0x14C4FFF9,0x24C60084,-,-,Advance the record pointer in the retail loop delay slot,,,false
generated_B3020,func_1508855C,0x84,0x24A50084,0x2402FFFF,-,-,Return failure after exhausting the record table,,,false
generated_D3040,func_150A6500,0x04,0xAFBF0024,0x2408D8F0,-,-,Load the lower bound before retail's argument homes,,,false
generated_D3040,func_150A6500,0x08,0x240ED8F0,0x24094E20,-,-,Load the upper bound through retail's t1 lifetime,,,false
generated_D3040,func_150A6500,0x0C,0x240F4E20,0xAFA40010,-,-,Home the first repeated argument in retail order,,,false
generated_D3040,func_150A6500,0x10,0xAFAF001C,0xAFA50014,-,-,Home the second repeated argument in retail order,,,false
generated_D3040,func_150A6500,0x14,0xAFAE0018,0xAFBF0020,-,-,Save the return address in retail's frame slot,,,false
generated_D3040,func_150A6500,0x18,0xAFA40010,0xAFA80018,-,-,Store the lower bound through retail's t0 lifetime,,,false
generated_D3040,func_150A6500,0x1C,0x0C000000,0xAFA9001C,R_MIPS_26:func_150A6568,-,Store the upper bound before the relocated call,,,false
generated_D3040,func_150A6500,0x20,0xAFA50014,0x0C000000,-,R_MIPS_26:func_150A6568,Move the target call to its retail instruction slot,,,false
generated_D3040,func_150A6500,0x24,0x8FBF0024,0x00000000,-,-,Keep the retail call delay slot empty,,,false
generated_D3040,func_150A6500,0x28,0x27BD0028,0x8FBF0020,-,-,Restore the return address from retail's frame slot,,,false
generated_D3040,func_150A6500,0x2C,0x03E00008,0x27BD0028,-,-,Restore the stack before the return,,,false
generated_D3040,func_150A6500,0x30,0x00000000,0x03E00008,-,-,Return at the retail instruction slot,,,false
generated_1BA1D0,func_151904BC,0x10,0x51C00006,0x11C00005,-,-,Keep the null-release branch non-likely at the retail target,,,false
generated_1BA1D0,func_151904BC,0x14,0x8CA60010,0x00000000,-,-,Keep the null-release branch delay slot empty,,,false
generated_1BA1D0,func_151904BC,0x28,0x8CA60010,0x3C040000,-,R_MIPS_HI16:func_1518E298,Begin callback address setup before independent owner and resource loads,,,false
generated_1BA1D0,func_151904BC,0x2C,0x24AF0030,0x8CA60010,-,-,Load the unregister owner before deriving the resource pointer,,,false
generated_1BA1D0,func_151904BC,0x30,0x3C040000,0x24AF0030,R_MIPS_HI16:func_1518E298,-,Derive the resource pointer after loading the unregister owner,,,false
generated_1CC440,func_1519F108,0x14,0x1060000B,0x1060000C,-,-,Extend the null branch across the restored address calculation,,,false
generated_1CC440,func_1519F108,0x1C,0x8CA40020,0x8CA20020,-,-,Keep the first state load in the retail v0 lifetime,,,false
generated_1CC440,func_1519F108,0x20,0x24010006,0x24010006,-,-,Materialize the shared field base before the first comparison branch,0x24640058,,false
generated_1CC440,func_1519F108,0x24,0x54810004,0x54410004,-,-,Compare the retained state and target the second comparison,,,false
generated_1CC440,func_1519F108,0x2C,0xAC600058,0xAC800000,-,-,Clear the first field through the restored base,,,false
generated_1CC440,func_1519F108,0x30,0x8CA40020,0x8CA20020,-,-,Keep the second state load in the retail v0 lifetime,,,false
generated_1CC440,func_1519F108,0x38,0x14810002,0x14410002,-,-,Compare the second state through the retail v0 lifetime,,,false
generated_1CC440,func_1519F108,0x40,0xAC600060,0xAC800008,-,-,Clear the third field through the restored base,,,false
generated_1CC440,func_1519F168,0x14,0x1060000B,0x1060000C,-,-,Extend the null branch across the restored address calculation,,,false
generated_1CC440,func_1519F168,0x1C,0x8CA40020,0x8CA20020,-,-,Keep the first state load in the retail v0 lifetime,,,false
generated_1CC440,func_1519F168,0x20,0x24010006,0x24010006,-,-,Materialize the shared field base before the first comparison branch,0x24640058,,false
generated_1CC440,func_1519F168,0x24,0x54810004,0x54410004,-,-,Compare the retained state and target the second comparison,,,false
generated_1CC440,func_1519F168,0x2C,0xAC600058,0xAC800000,-,-,Clear the first field through the restored base,,,false
generated_1CC440,func_1519F168,0x30,0x8CA40020,0x8CA20020,-,-,Keep the second state load in the retail v0 lifetime,,,false
generated_1CC440,func_1519F168,0x38,0x14810002,0x14410002,-,-,Compare the second state through the retail v0 lifetime,,,false
generated_1CC440,func_1519F168,0x40,0xAC600060,0xAC800008,-,-,Clear the third field through the restored base,,,false
generated_18A8F0,func_1515F0AC,0x08,0x3C01C700,0x460C003E,-,-,Schedule the upper-bound compare before materializing the lower clamp,,,false
generated_18A8F0,func_1515F0AC,0x0C,0x460C003E,0x3C01C700,-,-,Fill the FP comparison slot with the independent lower-clamp load,,,false
generated_18A8F0,func_1515F0AC,0x10,0x00000000,0x00000000,-,-,Omit the compiler hazard nop after filling the comparison slot,,,true
generated_18A8F0,func_1515F040,0x08,0x3C01C700,0x460C003E,-,-,Schedule the upper-bound compare before materializing the lower clamp,,,false
generated_18A8F0,func_1515F040,0x0C,0x460C003E,0x3C01C700,-,-,Fill the FP comparison slot with the independent lower-clamp load,,,false
generated_18A8F0,func_1515F040,0x10,0x00000000,0x00000000,-,-,Omit the compiler hazard nop after filling the comparison slot,,,true
game_1944C0,func_1516706C,0x18,0x26100000,0x26310000,R_MIPS_LO16:D_8008CB64,R_MIPS_LO16:D_8008CB70,Construct the callback end pointer before the cursor pointer,,,false
game_1944C0,func_1516706C,0x1C,0x26310000,0x26100000,R_MIPS_LO16:D_8008CB70,R_MIPS_LO16:D_8008CB64,Construct the callback cursor pointer after the end pointer,,,false
generated_F21D0,func_150C522C,0x18,0x26100000,0x26310000,R_MIPS_LO16:D_800D98D0,R_MIPS_LO16:D_800D98E0,Complete the retained end address before the cursor address,,
generated_F21D0,func_150C522C,0x1C,0x26310000,0x26100000,R_MIPS_LO16:D_800D98E0,R_MIPS_LO16:D_800D98D0,Complete the cursor address after the retained end address,,
init_8F90,func_10009BE4,0x00C,0x11C00007,0x11C00008,-,-,Extend the sentinel branch over retail's retained manager address word,,,false
init_8F90,func_10009BE4,0x010,0x3C0F0F00,0x3C050000,-,R_MIPS_HI16:D_800406A0,Materialize the manager address in the sentinel branch delay slot,,,false
init_8F90,func_10009BE4,0x014,0x35EF0004,0x3C0F0F00,-,-,Materialize the sentinel high half after the manager address,,,false
init_8F90,func_10009BE4,0x018,0x3C010000,0x35EF0004,R_MIPS_HI16:D_8003C8E0,-,Complete the sentinel value before its destination address,,,false
init_8F90,func_10009BE4,0x01C,0x0C000000,0x3C010000,R_MIPS_26:func_150AD770,R_MIPS_HI16:D_8003C8E0,Materialize the sentinel destination immediately before the call,,,false
init_8F90,func_10009BE4,0x020,0xAC2F0000,0x0C000000,R_MIPS_LO16:D_8003C8E0,R_MIPS_26:func_150AD770,Move the sentinel callback into retail's call slot,,,false
init_8F90,func_10009BE4,0x024,0x10000029,0xAC2F0000,-,R_MIPS_LO16:D_8003C8E0,Write the sentinel value in the callback delay slot,,,false
init_8F90,func_10009BE4,0x028,0x8FBF0014,0x10000028,-,-,Move the sentinel return branch after its delay-slot store,,,false
init_8F90,func_10009BE4,0x02C,0x8C82000C,0x8FBF0014,-,-,Restore ra in the sentinel return branch delay slot,,,false
init_8F90,func_10009BE4,0x030,0x8C980008,0x24A50000,-,R_MIPS_LO16:D_800406A0,Complete the retained manager address on the normal path,,,false
init_8F90,func_10009BE4,0x034,0x3C030000,0x8C82000C,R_MIPS_HI16:D_800406A0,-,Load the release pointer after completing the manager address,,,false
init_8F90,func_10009BE4,0x038,0x24630000,0x8C980008,R_MIPS_LO16:D_800406A0,-,Load the retained value after the release pointer,,,false
init_8F90,func_10009BE4,0x040,0x8C790004,0x8CB90004,-,-,Load the active-list head through retail's a1 manager base,,,false
init_8F90,func_10009BE4,0x078,0x8C620010,0x8CA30010,-,-,Load the reusable-list head through retail's a1 manager base,,,false
init_8F90,func_10009BE4,0x084,0x8C620010,0x8CA30010,-,-,Reload the reusable-list head through retail's a1 manager base,,,false
init_8F90,func_10009BE4,0x088,0x1040000C,0x1060000C,-,-,Test the reusable-list head through retail's v1 lifetime,,,false
init_8F90,func_10009BE4,0x090,0xAC820004,0x8C6B0000,-,-,Read the reusable-list successor before linking the released node,,,false
init_8F90,func_10009BE4,0x094,0x8C4B0000,0xAC830004,-,-,Link the released node back to the reusable-list head,,,false
init_8F90,func_10009BE4,0x098,0xAC8B0000,0x00601025,-,-,Preserve the reusable-list head in retail's v0 lifetime,,,false
init_8F90,func_10009BE4,0x09C,0x8C430000,0xAC8B0000,-,-,Store the old successor in the released node,,,false
init_8F90,func_10009BE4,0x0A0,0x10600004,0x8C650000,-,-,Reread the old successor through retail's a1 lifetime,,,false
init_8F90,func_10009BE4,0x0A4,0x00000000,0x50A00003,-,-,Use retail's null-successor branch-likely schedule,,,false
init_8F90,func_10009BE4,0x0A8,0xAC640004,0xAC440000,-,-,Install the released node in the null-successor delay slot,,,false
init_8F90,func_10009BE4,0x0AC,0x10000006,0xACA40004,-,-,Link a nonnull successor back to the released node,,,false
init_8F90,func_10009BE4,0x0B4,0x10000004,0x10000005,-,-,Share retail's reusable-list splice return branch,,,false
init_8F90,func_10009BE4,0x0B8,0xAC440000,0x8FBF0014,-,-,Restore ra in the reusable-list splice return delay slot,,,false
init_8F90,func_1000A348,0x000,0x3C060000,0x3C070000,R_MIPS_HI16:D_800406A0,R_MIPS_HI16:D_800406A0,Keep the allocator state base in retail's a3 lifetime,,,false
init_8F90,func_1000A348,0x004,0x24C60000,0x24E70000,R_MIPS_LO16:D_800406A0,R_MIPS_LO16:D_800406A0,Complete the allocator state base in a3,,,false
init_8F90,func_1000A348,0x008,0x8CC20004,0x8CE20004,-,-,Load the active-list head through retail's state register,,,false
init_8F90,func_1000A348,0x040,0x8CD90004,0x8CF90004,-,-,Reload the active-list head through retail's state register,,,false
init_8F90,func_1000A348,0x04C,0xACC30004,0xACE30004,-,-,Advance the active-list head through retail's state register,,,false
init_8F90,func_1000A348,0x06C,0x8CC40010,0x8CE40010,-,-,Load the free-list head through retail's state register,,,false
init_8F90,func_1000A348,0x078,0x8CC40010,0x8CE40010,-,-,Reload the free-list head through retail's state register,,,false
init_8F90,func_1000A348,0x080,0xACC20010,0xACE20010,-,-,Install the first free-list node through retail's state register,,,false
init_8F90,func_1000A348,0x084,0xAC440004,0x8C8A0000,-,-,Read the old free successor before linking the recycled node,,,false
init_8F90,func_1000A348,0x088,0x8C8A0000,0xAC440004,-,-,Link the recycled node back to the free-list head,,,false
init_8F90,func_1000A348,0x08C,0xAC4A0000,0x00802825,-,-,Preserve the free-list head in retail's a1 lifetime,,,false
init_8F90,func_1000A348,0x090,0x8C850000,0xAC4A0000,-,-,Store the old successor in the recycled node,,,false
init_8F90,func_1000A348,0x094,0x54A00004,0x8C860000,-,-,Reread the old successor through retail's a2 lifetime,,,false
init_8F90,func_1000A348,0x098,0xACA20004,0x50C00003,-,-,Use retail's null-successor branch-likely schedule,,,false
init_8F90,func_1000A348,0x09C,0x10000007,0xACA20000,-,-,Install the recycled node in the null-successor delay slot,,,false
init_8F90,func_1000A348,0x0A0,0xAC820000,0xACC20004,-,-,Link a nonnull successor back to the recycled node,,,false
init_8F90,func_1000A348,0x0A4,0xACA20004,0xACA20000,-,-,Install the recycled node after a nonnull successor,,,false
init_8F90,func_1000A348,0x0AC,0xAC820000,0x00000000,-,-,Preserve retail's free-list splice branch delay slot,,,false
init_8F90,func_1000A348,0x0B0,0xACC20010,0xACE20010,-,-,Retain the alternate free-list-head store through retail's state register,,,false
init_EB00,func_1000FD38,0x68,0x50800004,0x50800006,,,Skip the count reload when no release call occurs,,
init_EB00,func_1000FD38,0x78,0x8E190010,0x3C020000,-,R_MIPS_HI16:D_80042760,Reload the loop bound after the release call,,
init_EB00,func_1000FD38,0x7C,0x3C020000,0x8C420000,R_MIPS_HI16:D_80042760,R_MIPS_LO16:D_80042760,Complete the post-call loop-bound reload,,
init_EB00,func_1000FD38,0x80,0x37280080,0x8E190010,,,Load the record flags after refreshing the loop bound,,
init_EB00,func_1000FD38,0x84,0xAE080010,0x37280080,,,Set the inactive bit after the record load,,
init_EB00,func_1000FD38,0x88,0x8C420000,0xAE080010,R_MIPS_LO16:D_80042760,-,Store the updated record flags before loop increment,,
init_3C40,func_100043B4,0x3C,0x0C000000,0xAC68FFFC,R_MIPS_26:osSetIntMask,-,Store the updated header before restoring the interrupt mask,,
init_3C40,func_100043B4,0x40,0xAC68FFFC,0x0C000000,-,R_MIPS_26:osSetIntMask,Schedule the interrupt-mask restore after the header store,,
init_3C40,func_100043B4,0x44,0x8FBF0014,0x2463FFF4,,,Retain retail's dead base-pointer adjustment in the call delay slot,,
init_3C40,func_100043B4,0x48,0x27BD0018,0x8FBF0014,,,Restore ra after the second call,,
init_3C40,func_100043B4,0x4C,0x03E00008,0x27BD0018,,,Restore the frame before returning,,
init_3C40,func_100043B4,0x50,0x00000000,0x03E00008,,,Return at the retail schedule position,,
init_EB00,func_1000FE88,0x3C,0xAFA30018,0xAFA3001C,,,Preserve retail current-pointer spill in the top frame slot,,
init_EB00,func_1000FE88,0x40,0x8FA30018,0x8FA3001C,,,Reload current pointer from the retail frame slot,,
init_EB00,func_100100E0,0x00,0x3C020000,0x3C030000,R_MIPS_HI16:D_80042760,R_MIPS_HI16:D_80042760,Load the record count through retail's v1 lifetime,,,false
init_EB00,func_100100E0,0x04,0x8C420000,0x8C630000,R_MIPS_LO16:D_80042760,R_MIPS_LO16:D_80042760,Complete the record-count load through v1,,,false
init_EB00,func_100100E0,0x0C,0x25C30000,0x25C20000,R_MIPS_LO16:D_80041FE0,R_MIPS_LO16:D_80041FE0,Construct the record cursor through retail's v0 lifetime,,,false
init_EB00,func_100100E0,0x10,0x18400016,0x18600016,-,-,Test the record count through v1,,,false
init_EB00,func_100100E0,0x14,0x00027880,0x00037880,-,-,Begin scaling the record count through v1,,,false
init_EB00,func_100100E0,0x18,0x01E27823,0x01E37823,-,-,Continue scaling the record count through v1,,,false
init_EB00,func_100100E0,0x20,0x01E34821,0x01E24821,-,-,Build the end pointer from retail's v0 cursor,,,false
init_EB00,func_100100E0,0x24,0x8FA20010,0x8FA30010,-,-,Reuse v1 for the first stack argument after the count dies,,,false
init_EB00,func_100100E0,0x2C,0x8C780014,0x8C580014,-,-,Read the first key field through retail's v0 cursor,,,false
init_EB00,func_100100E0,0x34,0x24630030,0x24420030,-,-,Advance retail's v0 cursor in the first branch delay slot,,,false
init_EB00,func_100100E0,0x38,0x8C790018,0x8C590018,-,-,Read the second key field through retail's v0 cursor,,,false
init_EB00,func_100100E0,0x40,0x24630030,0x24420030,-,-,Advance retail's v0 cursor in the second branch delay slot,,,false
init_EB00,func_100100E0,0x44,0x8C6A001C,0x8C4A001C,-,-,Read the third key field through retail's v0 cursor,,,false
init_EB00,func_100100E0,0x4C,0x24630030,0x24420030,-,-,Advance retail's v0 cursor in the third branch delay slot,,,false
init_EB00,func_100100E0,0x50,0xAC670014,0xAC470014,-,-,Store the replacement first key through retail's v0 cursor,,,false
init_EB00,func_100100E0,0x54,0xAC620018,0xAC430018,-,-,Store the replacement second key from retail's v1 lifetime,,,false
init_EB00,func_100100E0,0x58,0xAC68001C,0xAC48001C,-,-,Store the replacement third key through retail's v0 cursor,,,false
init_EB00,func_100100E0,0x5C,0x24630030,0x24420030,-,-,Advance retail's v0 cursor after a matching record,,,false
init_EB00,func_100100E0,0x60,0x0069082B,0x0049082B,-,-,Compare retail's v0 cursor with the end pointer,,,false
init_EB00,func_100100E0,0x68,0x8C780014,0x8C580014,-,-,Prefetch the next first key through retail's v0 cursor,,,false
init_EB00,func_1000EE70,0x030,0x8C780000,0x8C790000,-,-,Keep actor state in retail's t9 lifetime,,,false
init_EB00,func_1000EE70,0x034,0x8CA2001C,0x8CAF001C,-,-,Load the record key through retail's t7 lifetime,,,false
init_EB00,func_1000EE70,0x038,0x1300001A,0x1320001A,-,-,Test actor state through retail's t9 lifetime,,,false
init_EB00,func_1000EE70,0x03C,0x304F00FF,0x31F800FF,-,-,Mask the record key into retail's t8 lifetime,,,false
init_EB00,func_1000EE70,0x040,0x9079003B,0x9068003B,-,-,Load the actor identifier through retail's t0 lifetime,,,false
init_EB00,func_1000EE70,0x044,0x15F90017,0x15180017,-,-,Compare the actor identifier through retail's temporary cycle,,,false
init_EB00,func_1000EE70,0x04C,0x8C680184,0x8C690184,-,-,Load the actor orientation bits through retail's t1 lifetime,,,false
init_EB00,func_1000EE70,0x050,0x8FAC002C,0x8FAD002C,-,-,Load the orientation output through retail's t5 lifetime,,,false
init_EB00,func_1000EE70,0x058,0x000848C2,0x000950C2,-,-,Shift actor orientation through retail's t1 lifetime,,,false
init_EB00,func_1000EE70,0x05C,0x312A0030,0x314B0030,-,-,Mask actor orientation into retail's t3 lifetime,,,false
init_EB00,func_1000EE70,0x060,0x000A5840,0x000B6040,-,-,Scale actor orientation through retail's t4 lifetime,,,false
init_EB00,func_1000EE70,0x064,0xAD8B0000,0xADAC0000,-,-,Store actor orientation through retail's t5 pointer,,,false
init_EB00,func_1000EE70,0x070,0x440E3000,0x440F3000,-,-,Move the first truncated coordinate through retail's t7 lifetime,,,false
init_EB00,func_1000EE70,0x078,0xA4AE0002,0xA4AF0002,-,-,Store the first coordinate through retail's t7 lifetime,,,false
init_EB00,func_1000EE70,0x084,0x44185000,0x44195000,-,-,Move the second truncated coordinate through retail's t9 lifetime,,,false
init_EB00,func_1000EE70,0x08C,0xA4B80004,0xA4B90004,-,-,Store the second coordinate through retail's t9 lifetime,,,false
init_EB00,func_1000EE70,0x098,0x44089000,0x44099000,-,-,Move the third truncated coordinate through retail's t1 lifetime,,,false
init_EB00,func_1000EE70,0x0A0,0xA4A80006,0xA4A90006,-,-,Store the third coordinate through retail's t1 lifetime,,,false
init_EB00,func_1000EDA0,0x064,0x0061C024,0x0061C824,-,-,Keep the packed timer high half in retail's t9 lifetime,,,false
init_EB00,func_1000EDA0,0x078,0x0305C825,0x03254025,-,-,Merge the decremented timer through retail's t0 lifetime,,,false
init_EB00,func_1000EDA0,0x07C,0x8FAD0040,0x8FAE0040,-,-,Load the output pointer through retail's t6 lifetime,,,false
init_EB00,func_1000EDA0,0x080,0x00031403,0x00036C03,-,-,Extract the packed high half through retail's t5 lifetime,,,false
init_EB00,func_1000EDA0,0x084,0xA5A20000,0xA5CD0000,-,-,Store the expired high half through retail's t6 pointer,,,false
init_EB00,func_1000EDA0,0x088,0xA6020000,0xA60D0000,-,-,Store the expired high half through retail's t5 lifetime,,,false
init_EB00,func_1000EDA0,0x08C,0x8FAE0040,0x8FAF0040,-,-,Reload the output pointer through retail's t7 lifetime,,,false
init_EB00,func_1000EDA0,0x090,0x960F0008,0x96180008,-,-,Load the final callback halfword through retail's t8 lifetime,,,false
init_EB00,func_1000EDA0,0x0A0,0x95C40000,0x95E40000,-,-,Load the callback identifier through retail's t7 pointer,,,false
init_EB00,func_1000EDA0,0x0A8,0xAFAF0010,0xAFB80010,-,-,Pass the final callback halfword through retail's t8 lifetime,,,false
init_EB00,func_1000EDA0,0x0B4,0xAE190018,0xAE080018,-,-,Store the merged packed timer through retail's t0 lifetime,,,false
init_EB00,func_10011EB8,0x008,0xAFA60020,0xAFA60020,-,-,Retain the mapped-input copy after the third argument home,0x00803825,,false
init_EB00,func_10011EB8,0x00C,0x0C000000,0x00E02025,R_MIPS_26:func_1510F8CC,-,Copy the mapped input back into a0 before the call,0x0C000000,R_MIPS_26:func_1510F8CC,false
init_EB00,func_10010E78,0x050,0x00590019,0x03220019,-,-,Preserve retail's commutative fixed-point multiply operand order,,,false
debugger,func_16001390,0x13C,0x00095040,0x00193C03,,,Schedule row sign extension before stride scaling
debugger,func_16001390,0x140,0x00193C03,0x00095040,,,Schedule stride scaling after row sign extension
debugger,func_16000F8C,0x38,0x8FA20054,0x8FA30054,,,Keep raw float bits in v1
debugger,func_16000F8C,0x40,0x00411824,0x00611024,,,Mask raw float bits from v1 into v0
debugger,func_16000F8C,0x44,0x0003CDC2,0x0002CDC2,,,Shift exponent mask from v0
debugger,func_16000F8C,0x54,0x00024040,0x00031040,,,Double raw float bits from v1 into v0
debugger,func_16000F8C,0x58,0x11000006,0x10400006,,,Test doubled float bits in v0
debugger,func_160014F0,0x28,0x24C5FFE0,0x24CFFFE0,,,Keep glyph offset in t7
debugger,func_160014F0,0x2C,0x3C180000,0x3C190000,,,Load glyph table high half into t9
debugger,func_160014F0,0x30,0x27180000,0x27390000,,,Load glyph table low half into t9
debugger,func_160014F0,0x34,0x000578C0,0x000FC0C0,,,Scale glyph offset from t7 into t8
debugger,func_160014F0,0x3C,0x258C0000,0x03194021,R_MIPS_LO16:D_160038A8,-,Form glyph pointer before stride low half
debugger,func_160014F0,0x40,0x01F84021,0x00003825,,,Initialize row after glyph pointer
debugger,func_160014F0,0x44,0x00003825,0x258C0000,-,R_MIPS_LO16:D_160038A8,Schedule stride low half after row initialization
debugger,func_160014F0,0x54,0x30D90080,0x30CD0080,,,Use t5 for first pixel mask
debugger,func_160014F0,0x58,0x13200003,0x11A00003,,,Branch on first pixel mask in t5
debugger,func_160014F0,0x74,0x312E0080,0x312F0080,,,Use t7 for second pixel mask
debugger,func_160014F0,0x7C,0x11C00003,0x11E00003,,,Branch on second pixel mask in t7
debugger,func_160014F0,0x98,0x31380080,0x31390080,,,Use t9 for third pixel mask
debugger,func_160014F0,0xA0,0x13000003,0x13200003,,,Branch on third pixel mask in t9
debugger,func_160014F0,0xBC,0x312D0080,0x312E0080,,,Use t6 for fourth pixel mask
debugger,func_160014F0,0xC4,0x11A00003,0x11C00003,,,Branch on fourth pixel mask in t6
debugger,func_160014F0,0xDC,0x30CEFFFF,0x30CFFFFF,,,Keep shifted bits in t7
debugger,func_160014F0,0xE4,0x01C03025,0x01E03025,,,Copy shifted bits from t7
debugger,func_160014F0,0xF4,0x8D8F0000,0x8D980000,,,Load stride into t8
debugger,func_160014F0,0x100,0x25F8FFF8,0x2719FFF8,,,Subtract glyph width into t9
debugger,func_160014F0,0x104,0x0018C840,0x00196840,,,Scale row stride into t5
debugger,func_160014F0,0x10C,0x00591021,0x004D1021,,,Advance destination by t5
debugger_257350,func_16001BB4,0xC4,0x10000153,0x10000154,,,Retarget early return past the inserted scheduling word,
debugger_257350,func_16001BB4,0xD4,0x1000014F,0x10000150,,,Retarget early return past the inserted scheduling word,
debugger_257350,func_16001BB4,0x378,0x100000A6,0x100000A7,,,Retarget callback failure past the inserted scheduling word,
debugger_257350,func_16001BB4,0x3C4,0x10000093,0x10000094,,,Retarget callback failure past the inserted scheduling word,
debugger_257350,func_16001BB4,0x424,0x1000007B,0x1000007C,,,Retarget callback failure past the inserted scheduling word,
debugger_257350,func_16001BB4,0x470,0x10000068,0x10000069,,,Retarget callback failure past the inserted scheduling word,
debugger_257350,func_16001BB4,0x4D0,0x10000050,0x10000051,,,Retarget callback failure past the inserted scheduling word,
debugger_257350,func_16001BB4,0x520,0x1000003C,0x1000003D,,,Retarget callback failure past the inserted scheduling word,
debugger_257350,func_16001BB4,0x580,0x10000024,0x10000025,,,Retarget callback failure past the inserted scheduling word,
debugger_257350,func_16001BB4,0x5A8,0x13200018,0x53200019,,,Use the retail likely branch to the loop increment,
debugger_257350,func_16001BB4,0x5AC,0x00000000,0x26470001,,,Fill the likely delay slot with the format increment,
debugger_257350,func_16001BB4,0x5F8,0x10000006,0x10000007,,,Retarget callback failure past the inserted scheduling word,
debugger_257350,func_16001BB4,0x60C,0x1000FE94,0x26470001,,,Keep the shared format increment block,
debugger_257350,func_16001BB4,0x610,0x26470001,0x1000FE94,,,Move the loop back edge after the increment,0x90F00000
debugger,func_16000590,0x4,0xAFBF002C,0xAFB50028,-,-,Save the retained context pointer in s5
debugger,func_16000590,0x8,0xAFB40028,0x0080A825,-,-,Retain the context pointer in s5
debugger,func_16000590,0xC,0xAFB30024,0xAFBF002C,-,-,Restore retail saved-register order
debugger,func_16000590,0x10,0xAFB20020,0xAFB40024,-,-,Restore retail saved-register order
debugger,func_16000590,0x14,0xAFB1001C,0xAFB30020,-,-,Restore retail saved-register order
debugger,func_16000590,0x18,0xAFB00018,0xAFB2001C,-,-,Restore retail saved-register order
debugger,func_16000590,0x1C,0xAFA40030,0xAFB10018,-,-,Restore retail saved-register order
debugger,func_16000590,0x20,0x8FAE0030,0xAFB00014,-,-,Restore retail saved-register order
debugger,func_16000590,0x2C,0x24A50000,0x8EB2012C,R_MIPS_LO16:D_160047A4,-,Load the context field through s5
debugger,func_16000590,0x30,0x24040003,0x24A50000,-,R_MIPS_LO16:D_160047A4,Schedule the label low half after the context load
debugger,func_16000590,0x38,0x8DD2012C,0x24040003,-,-,Fill the first call delay slot with the row constant
debugger,func_16000590,0x4C,0x00127B02,0x00127302,-,-,Use t6 for the first bitfield shift
debugger,func_16000590,0x54,0x01E09025,0x01C09025,-,-,Copy the shifted bitfield from t6
debugger,func_16000590,0x5C,0x00008825,0x26730000,-,R_MIPS_LO16:D_16003B30,Schedule the label table low half before loop initialization
debugger,func_16000590,0x60,0x26730000,0x00008825,R_MIPS_LO16:D_16003B30,-,Schedule loop initialization after the label table address
debugger,func_16000590,0x64,0x32580001,0x324F0001,-,-,Use t7 for the bit test
debugger,func_16000590,0x68,0x13000006,0x11E00006,-,-,Branch on the t7 bit test
debugger,func_16000590,0x70,0x0011C880,0x0011C080,-,-,Use t8 for the label-table index
debugger,func_16000590,0x74,0x02794021,0x0278C821,-,-,Use t9 for the label-table entry
debugger,func_16000590,0x7C,0x8D050000,0x8F250000,-,-,Load the label through t9
debugger,func_16000590,0x8C,0x00124842,0x00124042,-,-,Use t0 for the loop-back shift
debugger,func_16000590,0x94,0x01209025,0x01009025,-,-,Copy the shifted bitfield from t0
debugger,func_16000590,0x98,0x3C0A0000,0x3C090000,R_MIPS_HI16:D_16003B28,R_MIPS_HI16:D_16003B28,Use t1 for the display-mode address
debugger,func_16000590,0x9C,0x814A0000,0x81290000,R_MIPS_LO16:D_16003B28,R_MIPS_LO16:D_16003B28,Load the display mode through t1
debugger,func_16000590,0xA8,0x15410003,0x15210003,-,-,Branch on the t1 display mode
debugger,func_16000590,0xC0,0x8FAC0030,0x02349021,-,-,Initialize the displayed index in s2
debugger,func_16000590,0xC4,0x02809025,0x3C140000,-,R_MIPS_HI16:D_160047AC,Load the row-label high half into s4
debugger,func_16000590,0xC8,0x00025880,0x00025080,-,-,Use t2 for the context-table offset
debugger,func_16000590,0xCC,0x3C140000,0x02AA9821,R_MIPS_HI16:D_160047AC,-,Form the context-table pointer from s5 and t2
debugger,func_16000590,0xD4,0x016C9821,0x02002025,-,-,Start the display loop with its row coordinate
debugger,func_16000590,0xD8,0x02002025,0x0C000000,-,R_MIPS_26:func_160012B0,Schedule the row-label call
debugger,func_16000590,0xDC,0x0C000000,0x02802825,R_MIPS_26:func_160012B0,-,Fill the row-label call delay slot
debugger,func_16000590,0xE0,0x02802825,0x26040002,-,-,Prepare the index column
debugger,func_16000590,0xE4,0x26040002,0x24050001,-,-,Select decimal formatting for the index
debugger,func_16000590,0xE8,0x24050001,0x0C000000,-,R_MIPS_26:func_16001044,Schedule the index draw call
debugger,func_16000590,0xEC,0x0C000000,0x02403025,R_MIPS_26:func_16001044,-,Fill the index draw call delay slot
debugger,func_16000590,0xF0,0x02403025,0x26040005,-,-,Prepare the value column
debugger,func_16000590,0xF4,0x26040005,0x24050002,-,-,Select hexadecimal formatting for the value
debugger,func_16000590,0xF8,0x24050002,0x0C000000,-,R_MIPS_26:func_16001044,Schedule the value draw call
debugger,func_16000590,0xFC,0x0C000000,0x8E660004,R_MIPS_26:func_16001044,-,Fill the value draw call delay slot
debugger,func_16000590,0x100,0x8E660004,0x26310001,-,-,Advance the display-loop counter
debugger,func_16000590,0x104,0x26310001,0x2A210010,-,-,Test the display-loop counter
debugger,func_16000590,0x108,0x2A210010,0x26730008,-,-,Advance the context-table pointer
debugger,func_16000590,0x10C,0x26730008,0x26100020,-,-,Advance the display row
debugger,func_16000590,0x110,0x26100020,0x1420FFF0,-,-,Branch to the display-loop head
debugger,func_16000590,0x114,0x1420FFF0,0x26520001,-,-,Advance the displayed index in the delay slot
debugger,func_16000590,0x118,0x26520001,0x8FBF002C,-,-,Restore ra at loop exit
debugger,func_16000590,0x11C,0x8FBF002C,0x8FB00014,-,-,Restore s0 from the retail frame slot
debugger,func_16000590,0x120,0x8FB00018,0x8FB10018,-,-,Restore s1 from the retail frame slot
debugger,func_16000590,0x124,0x8FB1001C,0x8FB2001C,-,-,Restore s2 from the retail frame slot
debugger,func_16000590,0x128,0x8FB20020,0x8FB30020,-,-,Restore s3 from the retail frame slot
debugger,func_16000590,0x12C,0x8FB30024,0x8FB40024,-,-,Restore s4 from the retail frame slot
debugger,func_16000590,0x130,0x8FB40028,0x8FB50028,-,-,Restore s5 from the retail frame slot
debugger,func_16001044,0x0,0x27BDFF40,0x27BDFF48,-,-,Match retail formatter allocation and schedule
debugger,func_16001044,0x4,0xAFB50030,0xAFB30028,-,-,Match retail formatter allocation and schedule
debugger,func_16001044,0x8,0xAFB30028,0xAFB20024,-,-,Match retail formatter allocation and schedule
debugger,func_16001044,0xC,0xAFB10020,0xAFB0001C,-,-,Match retail formatter allocation and schedule
debugger,func_16001044,0x10,0xAFB0001C,0x00808025,-,-,Match retail formatter allocation and schedule
debugger,func_16001044,0x14,0x00808025,0x00C09025,-,-,Match retail formatter allocation and schedule
debugger,func_16001044,0x18,0x00C08825,0x00A09825,-,-,Match retail formatter allocation and schedule
debugger,func_16001044,0x1C,0x00A09825,0xAFBF0034,-,-,Match retail formatter allocation and schedule
debugger,func_16001044,0x20,0x27B50098,0xAFB50030,-,-,Match retail formatter allocation and schedule
debugger,func_16001044,0x24,0xAFBF0034,0xAFB4002C,-,-,Match retail formatter allocation and schedule
debugger,func_16001044,0x28,0xAFB4002C,0xAFB10020,-,-,Match retail formatter allocation and schedule
debugger,func_16001044,0x2C,0xAFB20024,0x3C0F0000,-,R_MIPS_HI16:D_16003B50,Match retail formatter allocation and schedule
debugger,func_16001044,0x30,0x3C0E0000,0x25EF0000,R_MIPS_HI16:D_16003B50,R_MIPS_LO16:D_16003B50,Match retail formatter allocation and schedule
debugger,func_16001044,0x34,0x25CE0000,0x25E80024,R_MIPS_LO16:D_16003B50,-,Match retail formatter allocation and schedule
debugger,func_16001044,0x38,0x25D90024,0x27AE0078,-,-,Match retail formatter allocation and schedule
debugger,func_16001044,0x3C,0x02A04025,0x8DE10000,-,-,Match retail formatter allocation and schedule
debugger,func_16001044,0x40,0x8DC10000,0x25EF000C,-,-,Match retail formatter allocation and schedule
debugger,func_16001044,0x48,0x2508000C,0xADC1FFF4,-,-,Match retail formatter allocation and schedule
debugger,func_16001044,0x4C,0xAD01FFF4,0x8DE1FFF8,-,-,Match retail formatter allocation and schedule
debugger,func_16001044,0x50,0x8DC1FFF8,0xADC1FFF8,-,-,Match retail formatter allocation and schedule
debugger,func_16001044,0x54,0xAD01FFF8,0x8DE1FFFC,-,-,Match retail formatter allocation and schedule
debugger,func_16001044,0x58,0x8DC1FFFC,0x15E8FFF8,-,-,Match retail formatter allocation and schedule
debugger,func_16001044,0x5C,0x15D9FFF8,0xADC1FFFC,-,-,Match retail formatter allocation and schedule
debugger,func_16001044,0x60,0xAD01FFFC,0x8DE10000,-,-,Match retail formatter allocation and schedule
debugger,func_16001044,0x64,0x8DC10000,0x3C090000,-,R_MIPS_HI16:D_160038A0,Match retail formatter allocation and schedule
debugger,func_16001044,0x68,0x3C090000,0xADC10000,R_MIPS_HI16:D_160038A0,-,Match retail formatter allocation and schedule
debugger,func_16001044,0x6C,0xAD010000,0x8D290000,-,R_MIPS_LO16:D_160038A0,Match retail formatter allocation and schedule
debugger,func_16001044,0x70,0x8D290000,0x00095140,R_MIPS_LO16:D_160038A0,-,Match retail formatter allocation and schedule
debugger,func_16001044,0x74,0x00095140,0x020A082A,-,-,Match retail formatter allocation and schedule
debugger,func_16001044,0x78,0x020A082A,0x14200073,-,-,Match retail formatter allocation and schedule
debugger,func_16001044,0x7C,0x14200072,0x2A010341,-,-,Match retail formatter allocation and schedule
debugger,func_16001044,0x80,0x2A010341,0x50200072,-,-,Match retail formatter allocation and schedule
debugger,func_16001044,0x84,0x50200071,0x8FBF0034,-,-,Match retail formatter allocation and schedule
debugger,func_16001044,0x88,0x8FBF0034,0x0C000000,-,R_MIPS_26:func_1600160C,Match retail formatter allocation and schedule
debugger,func_16001044,0x8C,0x0C000000,0x02002025,R_MIPS_26:func_1600160C,-,Match retail formatter allocation and schedule
debugger,func_16001044,0x90,0x02002025,0x12600009,-,-,Match retail formatter allocation and schedule
debugger,func_16001044,0x94,0x12600009,0x00408825,-,-,Match retail formatter allocation and schedule
debugger,func_16001044,0x98,0x00409025,0x24010001,-,-,Match retail formatter allocation and schedule
debugger,func_16001044,0x9C,0x24010001,0x1261001D,-,-,Match retail formatter allocation and schedule
debugger,func_16001044,0xA0,0x1261001E,0x00000000,-,-,Match retail formatter allocation and schedule
debugger,func_16001044,0xA4,0x00000000,0x24010002,-,-,Match retail formatter allocation and schedule
debugger,func_16001044,0xA8,0x24010002,0x52610047,-,-,Match retail formatter allocation and schedule
debugger,func_16001044,0xAC,0x52610046,0x3C017F80,-,-,Match retail formatter allocation and schedule
debugger,func_16001044,0xB0,0x3C017F80,0x10000066,-,-,Match retail formatter allocation and schedule
debugger,func_16001044,0xB4,0x10000065,0x8FBF0034,-,-,Match retail formatter allocation and schedule
debugger,func_16001044,0xB8,0x8FBF0034,0x24510070,-,-,Match retail formatter allocation and schedule
debugger,func_16001044,0xBC,0x24520070,0x00008025,-,-,Match retail formatter allocation and schedule
debugger,func_16001044,0xC0,0x00008025,0x24130008,-,-,Match retail formatter allocation and schedule
debugger,func_16001044,0xC4,0x24130008,0x3242000F,-,-,Match retail formatter allocation and schedule
debugger,func_16001044,0xC8,0x3222000F,0x304300FF,-,-,Match retail formatter allocation and schedule
debugger,func_16001044,0xCC,0x304300FF,0x2861000A,-,-,Match retail formatter allocation and schedule
debugger,func_16001044,0xD0,0x2861000A,0x14200004,-,-,Match retail formatter allocation and schedule
debugger,func_16001044,0xD4,0x14200004,0x304500FF,-,-,Match retail formatter allocation and schedule
debugger,func_16001044,0xD8,0x304500FF,0x24650007,-,-,Match retail formatter allocation and schedule
debugger,func_16001044,0xDC,0x24650007,0x30AB00FF,-,-,Match retail formatter allocation and schedule
debugger,func_16001044,0xE0,0x30AB00FF,0x01602825,-,-,Match retail formatter allocation and schedule
debugger,func_16001044,0xE4,0x01602825,0x24A50030,-,-,Match retail formatter allocation and schedule
debugger,func_16001044,0xE8,0x24A50030,0x30AC00FF,-,-,Match retail formatter allocation and schedule
debugger,func_16001044,0xEC,0x30AC00FF,0x01802825,-,-,Match retail formatter allocation and schedule
debugger,func_16001044,0xF0,0x01802825,0x0C000000,-,R_MIPS_26:func_160014F0,Match retail formatter allocation and schedule
debugger,func_16001044,0xF4,0x0C000000,0x02202025,R_MIPS_26:func_160014F0,-,Match retail formatter allocation and schedule
debugger,func_16001044,0xF8,0x02402025,0x00126903,-,-,Match retail formatter allocation and schedule
debugger,func_16001044,0xFC,0x00116903,0x26100001,-,-,Match retail formatter allocation and schedule
debugger,func_16001044,0x100,0x01A08825,0x01A09025,-,-,Match retail formatter allocation and schedule
debugger,func_16001044,0x104,0x2452FFF0,0x1613FFEF,-,-,Match retail formatter allocation and schedule
debugger,func_16001044,0x108,0x26100001,0x2631FFF0,-,-,Match retail formatter allocation and schedule
debugger,func_16001044,0x10C,0x5613FFEF,0x1000004F,-,-,Match retail formatter allocation and schedule
debugger,func_16001044,0x110,0x3222000F,0x8FBF0034,-,-,Match retail formatter allocation and schedule
debugger,func_16001044,0x114,0x1000004D,0x06430007,-,-,Match retail formatter allocation and schedule
debugger,func_16001044,0x118,0x8FBF0034,0x27B90078,-,-,Match retail formatter allocation and schedule
debugger,func_16001044,0x11C,0x06230007,0x02202025,-,-,Match retail formatter allocation and schedule
debugger,func_16001044,0x120,0x00009825,0x0C000000,-,R_MIPS_26:func_160014F0,Match retail formatter allocation and schedule
debugger,func_16001044,0x124,0x02402025,0x2405002D,-,-,Match retail formatter allocation and schedule
debugger,func_16001044,0x128,0x0C000000,0x00408825,R_MIPS_26:func_160014F0,-,Match retail formatter allocation and schedule
debugger,func_16001044,0x12C,0x2405002D,0x00129023,-,-,Match retail formatter allocation and schedule
debugger,func_16001044,0x130,0x00409025,0x27B90078,-,-,Match retail formatter allocation and schedule
debugger,func_16001044,0x134,0x00118823,0x00009825,-,-,Match retail formatter allocation and schedule
debugger,func_16001044,0x138,0x00009825,0x0320A825,-,-,Match retail formatter allocation and schedule
debugger,func_16001044,0x13C,0x02A0A025,0x0320A025,-,-,Match retail formatter allocation and schedule
debugger,func_16001044,0x140,0x27B000BC,0x27B0009C,-,-,Match retail formatter allocation and schedule
debugger,func_16001044,0x148,0x0222001A,0x0242001A,-,-,Match retail formatter allocation and schedule
debugger,func_16001044,0x164,0x16210002,0x16410002,-,-,Match retail formatter allocation and schedule
debugger,func_16001044,0x174,0x00008810,0x00009010,-,-,Match retail formatter allocation and schedule
debugger,func_16001044,0x188,0x56150009,0x56140009,-,-,Match retail formatter allocation and schedule
debugger,func_16001044,0x19C,0x02402025,0x02202025,-,-,Match retail formatter allocation and schedule
debugger,func_16001044,0x1A8,0x00409025,0x00408825,-,-,Match retail formatter allocation and schedule
debugger,func_16001044,0x1B0,0x0214082B,0x0215082B,-,-,Match retail formatter allocation and schedule
debugger,func_16001044,0x1C8,0x02211024,0x02411024,-,-,Match retail formatter allocation and schedule
debugger,func_16001044,0x1CC,0x00027DC3,0x000245C3,-,-,Match retail formatter allocation and schedule
debugger,func_16001044,0x1D0,0x19E00004,0x19000004,-,-,Match retail formatter allocation and schedule
debugger,func_16001044,0x1D4,0x01E01025,0x01001025,-,-,Match retail formatter allocation and schedule
debugger,func_16001044,0x1D8,0x29E100FF,0x290100FF,-,-,Match retail formatter allocation and schedule
debugger,func_16001044,0x1DC,0x54200005,0x5420000B,-,-,Match retail formatter allocation and schedule
debugger,func_16001044,0x1E0,0x27B20048,0xAFB2006C,-,-,Match retail formatter allocation and schedule
debugger,func_16001044,0x1E4,0x14400014,0x14400002,-,-,Match retail formatter allocation and schedule
debugger,func_16001044,0x1E8,0x0011CA40,0x00127A40,-,-,Match retail formatter allocation and schedule
debugger,func_16001044,0x1EC,0x17200012,0x11E00006,-,-,Match retail formatter allocation and schedule
debugger,func_16001044,0x1F0,0x27B20048,0x3C050000,-,R_MIPS_HI16:D_160047E4,Match retail formatter allocation and schedule
debugger,func_16001044,0x1F4,0xAFB10044,0x24A50000,-,R_MIPS_LO16:D_160047E4,Match retail formatter allocation and schedule
debugger,func_16001044,0x1F8,0xC7A40044,0x0C000000,-,R_MIPS_26:func_160012B0,Match retail formatter allocation and schedule
debugger,func_16001044,0x1FC,0x3C050000,0x02002025,R_MIPS_HI16:D_160047E8,-,Match retail formatter allocation and schedule
debugger,func_16001044,0x200,0x3C060000,0x10000012,R_MIPS_HI16:D_160047F0,-,Match retail formatter allocation and schedule
debugger,func_16001044,0x204,0x460021A1,0x8FBF0034,-,-,Match retail formatter allocation and schedule
debugger,func_16001044,0x208,0x3C070000,0xAFB2006C,R_MIPS_HI16:D_160047F4,-,Match retail formatter allocation and schedule
debugger,func_16001044,0x20C,0x24E70000,0xC7A4006C,R_MIPS_LO16:D_160047F4,-,Match retail formatter allocation and schedule
debugger,func_16001044,0x210,0xF7A60010,0x27B10048,-,-,Match retail formatter allocation and schedule
debugger,func_16001044,0x214,0x24C60000,0x3C050000,R_MIPS_LO16:D_160047F0,R_MIPS_HI16:D_160047E8,Match retail formatter allocation and schedule
debugger,func_16001044,0x218,0x24A50000,0x460021A1,R_MIPS_LO16:D_160047E8,-,Match retail formatter allocation and schedule
debugger,func_16001044,0x21C,0x0C000000,0x3C060000,R_MIPS_26:func_16001B34,R_MIPS_HI16:D_160047F0,Match retail formatter allocation and schedule
debugger,func_16001044,0x220,0x02402025,0x3C070000,-,R_MIPS_HI16:D_160047F4,Match retail formatter allocation and schedule
debugger,func_16001044,0x224,0x02002025,0x24E70000,-,R_MIPS_LO16:D_160047F4,Match retail formatter allocation and schedule
debugger,func_16001044,0x228,0x0C000000,0x24C60000,R_MIPS_26:func_160012B0,R_MIPS_LO16:D_160047F0,Match retail formatter allocation and schedule
debugger,func_16001044,0x22C,0x02402825,0xF7A60010,-,-,Match retail formatter allocation and schedule
debugger,func_16001044,0x230,0x10000006,0x24A50000,-,R_MIPS_LO16:D_160047E8,Match retail formatter allocation and schedule
debugger,func_16001044,0x234,0x8FBF0034,0x0C000000,-,R_MIPS_26:func_16001B34,Match retail formatter allocation and schedule
debugger,func_16001044,0x238,0x3C050000,0x02202025,R_MIPS_HI16:D_160047E4,-,Match retail formatter allocation and schedule
debugger,func_16001044,0x23C,0x24A50000,0x02002025,R_MIPS_LO16:D_160047E4,-,Match retail formatter allocation and schedule
debugger,func_16001044,0x244,0x02002025,0x02202825,-,-,Match retail formatter allocation and schedule
debugger,func_16001044,0x268,0x27BD00C0,0x27BD00B8,-,-,Match retail formatter allocation and schedule
debugger,func_1600078C,0x060,0x32580003,0x32480003,-,-,Use retail temporary for alignment mask
debugger,func_1600078C,0x064,0x17000091,0x15000091,-,-,Branch on retail alignment temporary
debugger,func_1600078C,0x07C,0x1020008B,0x5020008C,-,-,Restore retail likely invalid-address exit
debugger,func_1600078C,0x080,0x3C030000,0x8FBF002C,R_MIPS_HI16:D_8002D4B0,-,Fill likely delay slot with return-address restore
debugger,func_1600078C,0x084,0x24630000,0x14400008,R_MIPS_LO16:D_8002D4B0,-,Move zero-offset test before range-base setup
debugger,func_1600078C,0x088,0x14400007,0x3C150000,-,R_MIPS_HI16:D_8002D4B0,Load retail range-base high half
debugger,func_1600078C,0x08C,0x0060A825,0x240400FF,-,-,Restore red-color argument setup
debugger,func_1600078C,0x090,0x240400FF,0x00002825,-,-,Restore red-color argument setup
debugger,func_1600078C,0x094,0x00002825,0x0C000000,-,R_MIPS_26:func_16001338,Move red-color call to retail slot
debugger,func_1600078C,0x098,0x0C000000,0x00003025,R_MIPS_26:func_16001338,-,Restore red-color call delay slot
debugger,func_1600078C,0x09C,0x00003025,0x3C150000,-,R_MIPS_HI16:D_8002D4B0,Reload retail range-base high half
debugger,func_1600078C,0x0A0,0x1000001F,0x1000001E,-,-,Retarget zero-offset branch after base setup
debugger,func_1600078C,0x0A4,0x24110061,0x26B50000,-,R_MIPS_LO16:D_8002D4B0,Complete zero-offset range base in delay slot
debugger,func_1600078C,0x0A8,0x2475D4B0,0x26B50000,-,R_MIPS_LO16:D_8002D4B0,Complete nonzero range base from s5
debugger,func_1600078C,0x0B4,0x26B90400,0x26A90400,-,-,Use retail first-range upper-bound temporary
debugger,func_1600078C,0x0B8,0x0259082B,0x0249082B,-,-,Test retail first-range upper-bound temporary
debugger,func_1600078C,0x0E8,0x24484000,0x244A4000,-,-,Use retail second-range upper-bound temporary
debugger,func_1600078C,0x0EC,0x0248082B,0x024A082B,-,-,Test retail second-range upper-bound temporary
debugger,func_1600078C,0x154,0x304900FF,0x304B00FF,-,-,Keep memory prefix in retail temporary
debugger,func_1600078C,0x158,0x15210006,0x15610006,-,-,Branch on retail memory-prefix temporary
debugger,func_1600078C,0x15C,0x01201025,0x01601025,-,-,Preserve retail memory-prefix temporary
debugger,func_1600078C,0x230,0x26AA0400,0x26AC0400,-,-,Use retail loop first-range upper-bound temporary
debugger,func_1600078C,0x234,0x024A082B,0x024C082B,-,-,Test retail loop first-range upper-bound temporary
debugger,func_1600078C,0x264,0x244B4000,0x244D4000,-,-,Use retail loop second-range upper-bound temporary
debugger,func_1600078C,0x268,0x024B082B,0x024D082B,-,-,Test retail loop second-range upper-bound temporary
debugger,func_16000B14,0x000,0x27BDFFB8,0x27BDFFB0,-,-,Normalize fixed-address debugger main loop to retail,
debugger,func_16000B14,0x02C,0xAFA40048,0xAFA40050,-,-,Normalize fixed-address debugger main loop to retail,
debugger,func_16000B14,0x030,0x3C0F0000,0x3C0F8003,R_MIPS_HI16:D_8002AC5C,-,Normalize fixed-address debugger main loop to retail,
debugger,func_16000B14,0x034,0x91EF0000,0x91EFAC5C,R_MIPS_LO16:D_8002AC5C,-,Normalize fixed-address debugger main loop to retail,
debugger,func_16000B14,0x03C,0xAFAE0044,0x00009825,-,-,Normalize fixed-address debugger main loop to retail,
debugger,func_16000B14,0x044,0x00009825,0xAFAE0040,-,-,Normalize fixed-address debugger main loop to retail,
debugger,func_16000B14,0x050,0x3C100000,0x3C108003,R_MIPS_HI16:D_8002AAE8,-,Normalize fixed-address debugger main loop to retail,
debugger,func_16000B14,0x054,0x26100000,0x2610AAE8,R_MIPS_LO16:D_8002AAE8,-,Normalize fixed-address debugger main loop to retail,
debugger,func_16000B14,0x05C,0x3C110000,0x3C111600,R_MIPS_HI16:D_16003888,-,Normalize fixed-address debugger main loop to retail,
debugger,func_16000B14,0x060,0x26310000,0x26313888,R_MIPS_LO16:D_16003888,-,Normalize fixed-address debugger main loop to retail,
debugger,func_16000B14,0x088,0x0C000000,0x0D800D94,R_MIPS_26:func_16003650,-,Normalize fixed-address debugger main loop to retail,
debugger,func_16000B14,0x090,0x3C030000,0x3C028004,R_MIPS_HI16:D_8003C8E8,-,Normalize fixed-address debugger main loop to retail,
debugger,func_16000B14,0x094,0x24630000,0x2442C8E8,R_MIPS_LO16:D_8003C8E8,-,Normalize fixed-address debugger main loop to retail,
debugger,func_16000B14,0x098,0x8C6C0000,0x8C4C0000,-,-,Normalize fixed-address debugger main loop to retail,
debugger,func_16000B14,0x09C,0x8C6D0004,0x8C4D0004,-,-,Normalize fixed-address debugger main loop to retail,
debugger,func_16000B14,0x0A0,0x8C6E0008,0x8C4E0008,-,-,Normalize fixed-address debugger main loop to retail,
debugger,func_16000B14,0x0A4,0x3C070000,0x3C071600,R_MIPS_HI16:D_160038AC,-,Normalize fixed-address debugger main loop to retail,
debugger,func_16000B14,0x0A8,0x3C080000,0x3C081600,R_MIPS_HI16:D_1600392C,-,Normalize fixed-address debugger main loop to retail,
debugger,func_16000B14,0x0AC,0x25080000,0x2508392C,R_MIPS_LO16:D_1600392C,-,Normalize fixed-address debugger main loop to retail,
debugger,func_16000B14,0x0B0,0x24E70000,0x24E738AC,R_MIPS_LO16:D_160038AC,-,Normalize fixed-address debugger main loop to retail,
debugger,func_16000B14,0x0B4,0x3C010000,0x3C011600,R_MIPS_HI16:D_160039E8,-,Normalize fixed-address debugger main loop to retail,
debugger,func_16000B14,0x0C0,0xAC2E0000,0xAC2E39E8,R_MIPS_LO16:D_160039E8,-,Normalize fixed-address debugger main loop to retail,
debugger,func_16000B14,0x0C4,0x8C6F000C,0x8C4F000C,-,-,Normalize fixed-address debugger main loop to retail,
debugger,func_16000B14,0x0C8,0x8FB80048,0x8FB80050,-,-,Normalize fixed-address debugger main loop to retail,
debugger,func_16000B14,0x0CC,0x3C010000,0x3C011600,R_MIPS_HI16:D_16003A68,-,Normalize fixed-address debugger main loop to retail,
debugger,func_16000B14,0x0D0,0xAC2F0000,0xAC2F3A68,R_MIPS_LO16:D_16003A68,-,Normalize fixed-address debugger main loop to retail,
debugger,func_16000B14,0x0D4,0x8F05011C,0x8F09011C,-,-,Normalize fixed-address debugger main loop to retail,
debugger,func_16000B14,0x0E0,0x00A1C824,0x0121C824,-,-,Normalize fixed-address debugger main loop to retail,
debugger,func_16000B14,0x0F4,0x3C010000,0x3C011600,R_MIPS_HI16:D_16003AF0,-,Normalize fixed-address debugger main loop to retail,
debugger,func_16000B14,0x0FC,0xAC290000,0xAC293AF0,R_MIPS_LO16:D_16003AF0,-,Normalize fixed-address debugger main loop to retail,
debugger,func_16000B14,0x100,0x3C0B0000,0x2401F000,R_MIPS_HI16:D_16003AF0,-,Normalize fixed-address debugger main loop to retail,
debugger,func_16000B14,0x104,0x256B0000,0x01212824,R_MIPS_LO16:D_16003AF0,-,Normalize fixed-address debugger main loop to retail,
debugger,func_16000B14,0x108,0x2401E000,0x3C0B1600,-,-,Normalize fixed-address debugger main loop to retail,
debugger,func_16000B14,0x10C,0x3C040000,0x2401EFFF,R_MIPS_HI16:D_160039AC,-,Normalize fixed-address debugger main loop to retail,
debugger,func_16000B14,0x110,0x3C0A0000,0x256B3AF0,R_MIPS_HI16:D_160039AC,-,Normalize fixed-address debugger main loop to retail,
debugger,func_16000B14,0x114,0xAD600000,0x30A61000,-,-,Normalize fixed-address debugger main loop to retail,
debugger,func_16000B14,0x118,0x254A0080,0x00A16024,R_MIPS_LO16:D_160039AC,-,Normalize fixed-address debugger main loop to retail,
debugger,func_16000B14,0x11C,0x24840000,0x3C041600,R_MIPS_LO16:D_160039AC,-,Normalize fixed-address debugger main loop to retail,
debugger,func_16000B14,0x120,0x00A13024,0x3C0A1600,-,-,Normalize fixed-address debugger main loop to retail,
debugger,func_16000B14,0x124,0x00001825,0x01802825,-,-,Normalize fixed-address debugger main loop to retail,
debugger,func_16000B14,0x128,0x24090001,0xAD600000,-,-,Normalize fixed-address debugger main loop to retail,
debugger,func_16000B14,0x12C,0x8C8C0000,0x254A3A2C,-,-,Normalize fixed-address debugger main loop to retail,
debugger,func_16000B14,0x130,0x30AD1000,0x248439AC,-,-,Normalize fixed-address debugger main loop to retail,
debugger,func_16000B14,0x134,0x54CC000C,0x24090001,-,-,Normalize fixed-address debugger main loop to retail,
debugger,func_16000B14,0x138,0x8C990004,0x00001825,-,-,Normalize fixed-address debugger main loop to retail,
debugger,func_16000B14,0x13C,0x11A00004,0x8C8D0000,-,-,Normalize fixed-address debugger main loop to retail,
debugger,func_16000B14,0x140,0x00E37821,0x54AD000C,-,-,Normalize fixed-address debugger main loop to retail,
debugger,func_16000B14,0x144,0x01037021,0x8C990004,-,-,Normalize fixed-address debugger main loop to retail,
debugger,func_16000B14,0x148,0x10000002,0x10C00004,-,-,Normalize fixed-address debugger main loop to retail,
debugger,func_16000B14,0x14C,0x8DC20000,0x00E37821,-,-,Normalize fixed-address debugger main loop to retail,
debugger,func_16000B14,0x150,0x8DE20000,0x01037021,-,-,Normalize fixed-address debugger main loop to retail,
debugger,func_16000B14,0x154,0x30580002,0x10000002,-,-,Normalize fixed-address debugger main loop to retail,
debugger,func_16000B14,0x158,0x53000003,0x8DC20000,-,-,Normalize fixed-address debugger main loop to retail,
debugger,func_16000B14,0x15C,0x8C990004,0x8DE20000,-,-,Normalize fixed-address debugger main loop to retail,
debugger,func_16000B14,0x160,0xAD690000,0x30580002,-,-,Normalize fixed-address debugger main loop to retail,
debugger,func_16000B14,0x164,0x8C990004,0x53000003,-,-,Normalize fixed-address debugger main loop to retail,
debugger,func_16000B14,0x168,0x30AC1000,0x8C990004,-,-,Normalize fixed-address debugger main loop to retail,
debugger,func_16000B14,0x16C,0x54D9000C,0xAD690000,-,-,Normalize fixed-address debugger main loop to retail,
debugger,func_16000B14,0x170,0x8C980008,0x8C990004,-,-,Normalize fixed-address debugger main loop to retail,
debugger,func_16000B14,0x174,0x11800004,0x54B9000C,-,-,Normalize fixed-address debugger main loop to retail,
debugger,func_16000B14,0x178,0x00E37021,0x8C8F0008,-,-,Normalize fixed-address debugger main loop to retail,
debugger,func_16000B14,0x17C,0x01036821,0x10C00004,-,-,Normalize fixed-address debugger main loop to retail,
debugger,func_16000B14,0x180,0x10000002,0x00E36821,-,-,Normalize fixed-address debugger main loop to retail,
debugger,func_16000B14,0x184,0x8DA20004,0x01036021,-,-,Normalize fixed-address debugger main loop to retail,
debugger,func_16000B14,0x188,0x8DC20004,0x10000002,-,-,Normalize fixed-address debugger main loop to retail,
debugger,func_16000B14,0x18C,0x304F0002,0x8D820004,-,-,Normalize fixed-address debugger main loop to retail,
debugger,func_16000B14,0x190,0x51E00003,0x8DA20004,-,-,Normalize fixed-address debugger main loop to retail,
debugger,func_16000B14,0x194,0x8C980008,0x304E0002,-,-,Normalize fixed-address debugger main loop to retail,
debugger,func_16000B14,0x198,0xAD690000,0x51C00003,-,-,Normalize fixed-address debugger main loop to retail,
debugger,func_16000B14,0x19C,0x8C980008,0x8C8F0008,-,-,Normalize fixed-address debugger main loop to retail,
debugger,func_16000B14,0x1A0,0x30B91000,0xAD690000,-,-,Normalize fixed-address debugger main loop to retail,
debugger,func_16000B14,0x1A4,0x54D8000C,0x8C8F0008,-,-,Normalize fixed-address debugger main loop to retail,
debugger,func_16000B14,0x1A8,0x8C8F000C,0x54AF000C,-,-,Normalize fixed-address debugger main loop to retail,
debugger,func_16000B14,0x1AC,0x13200004,0x8C8D000C,-,-,Normalize fixed-address debugger main loop to retail,
debugger,func_16000B14,0x1B0,0x00E36821,0x10C00004,-,-,Normalize fixed-address debugger main loop to retail,
debugger,func_16000B14,0x1B4,0x01036021,0x00E3C821,-,-,Normalize fixed-address debugger main loop to retail,
debugger,func_16000B14,0x1B8,0x10000002,0x0103C021,-,-,Normalize fixed-address debugger main loop to retail,
debugger,func_16000B14,0x1BC,0x8D820008,0x10000002,-,-,Normalize fixed-address debugger main loop to retail,
debugger,func_16000B14,0x1C0,0x8DA20008,0x8F020008,-,-,Normalize fixed-address debugger main loop to retail,
debugger,func_16000B14,0x1C4,0x304E0002,0x8F220008,-,-,Normalize fixed-address debugger main loop to retail,
debugger,func_16000B14,0x1C8,0x51C00003,0x304C0002,-,-,Normalize fixed-address debugger main loop to retail,
debugger,func_16000B14,0x1CC,0x8C8F000C,0x51800003,-,-,Normalize fixed-address debugger main loop to retail,
debugger,func_16000B14,0x1D0,0xAD690000,0x8C8D000C,-,-,Normalize fixed-address debugger main loop to retail,
debugger,func_16000B14,0x1D4,0x8C8F000C,0xAD690000,-,-,Normalize fixed-address debugger main loop to retail,
debugger,func_16000B14,0x1D8,0x24840010,0x8C8D000C,-,-,Normalize fixed-address debugger main loop to retail,
debugger,func_16000B14,0x1DC,0x30B81000,0x24840010,-,-,Normalize fixed-address debugger main loop to retail,
debugger,func_16000B14,0x1E0,0x14CF000B,0x14AD000B,-,-,Normalize fixed-address debugger main loop to retail,
debugger,func_16000B14,0x1E8,0x13000004,0x10C00004,-,-,Normalize fixed-address debugger main loop to retail,
debugger,func_16000B14,0x1EC,0x00E36021,0x00E37821,-,-,Normalize fixed-address debugger main loop to retail,
debugger,func_16000B14,0x1F0,0x0103C821,0x01037021,-,-,Normalize fixed-address debugger main loop to retail,
debugger,func_16000B14,0x1F8,0x8F22000C,0x8DC2000C,-,-,Normalize fixed-address debugger main loop to retail,
debugger,func_16000B14,0x1FC,0x8D82000C,0x8DE2000C,-,-,Normalize fixed-address debugger main loop to retail,
debugger,func_16000B14,0x200,0x304D0002,0x30580002,-,-,Normalize fixed-address debugger main loop to retail,
debugger,func_16000B14,0x204,0x11A00002,0x13000002,-,-,Normalize fixed-address debugger main loop to retail,
debugger,func_16000B14,0x210,0x148AFFC6,0x148AFFCA,-,-,Normalize fixed-address debugger main loop to retail,
debugger,func_16000B14,0x218,0x3C0E0000,0x3C198004,R_MIPS_HI16:D_8003C8E0,-,Normalize fixed-address debugger main loop to retail,
debugger,func_16000B14,0x21C,0x8DCE0000,0x8F39C8E0,R_MIPS_LO16:D_8003C8E0,-,Normalize fixed-address debugger main loop to retail,
debugger,func_16000B14,0x224,0x3C190000,0x3C0F8003,R_MIPS_HI16:D_8002BDE0,-,Normalize fixed-address debugger main loop to retail,
debugger,func_16000B14,0x228,0x000E7E02,0x00196602,-,-,Normalize fixed-address debugger main loop to retail,
debugger,func_16000B14,0x22C,0x15E10004,0x318D00FF,-,-,Normalize fixed-address debugger main loop to retail,
debugger,func_16000B14,0x230,0x3C160001,0x15A10004,-,-,Normalize fixed-address debugger main loop to retail,
debugger,func_16000B14,0x234,0x3C180000,0x3C160001,R_MIPS_HI16:D_80031AE0,-,Normalize fixed-address debugger main loop to retail,
debugger,func_16000B14,0x238,0x27180000,0x3C0E8003,R_MIPS_LO16:D_80031AE0,-,Normalize fixed-address debugger main loop to retail,
debugger,func_16000B14,0x23C,0xAFB80048,0x25CE1AE0,-,-,Normalize fixed-address debugger main loop to retail,
debugger,func_16000B14,0x240,0x8F390000,0xAFAE0050,R_MIPS_LO16:D_8002BDE0,-,Normalize fixed-address debugger main loop to retail,
debugger,func_16000B14,0x244,0x8E0D0004,0x8DEFBDE0,-,-,Normalize fixed-address debugger main loop to retail,
debugger,func_16000B14,0x248,0x3C140000,0x8E180004,R_MIPS_HI16:D_16003AF4,-,Normalize fixed-address debugger main loop to retail,
debugger,func_16000B14,0x24C,0x8F2C0004,0x3C141600,-,-,Normalize fixed-address debugger main loop to retail,
debugger,func_16000B14,0x250,0x26940000,0x8DE20004,R_MIPS_LO16:D_16003AF4,-,Normalize fixed-address debugger main loop to retail,
debugger,func_16000B14,0x254,0x3C150002,0x26943AF4,-,-,Normalize fixed-address debugger main loop to retail,
debugger,func_16000B14,0x258,0x158D0003,0x3C150002,-,-,Normalize fixed-address debugger main loop to retail,
debugger,func_16000B14,0x25C,0x3C120000,0x14580002,R_MIPS_HI16:D_16003898,-,Normalize fixed-address debugger main loop to retail,
debugger,func_16000B14,0x260,0x240E0001,0x3C121600,-,-,Normalize fixed-address debugger main loop to retail,
debugger,func_16000B14,0x264,0xA22E0000,0xA2290000,-,-,Normalize fixed-address debugger main loop to retail,
debugger,func_16000B14,0x268,0x8FAF0048,0x8FB90050,-,-,Normalize fixed-address debugger main loop to retail,
debugger,func_16000B14,0x26C,0x3C010000,0x3C011600,R_MIPS_HI16:D_1600389C,-,Normalize fixed-address debugger main loop to retail,
debugger,func_16000B14,0x270,0x3C110000,0x3C111600,R_MIPS_HI16:D_160036F0,-,Normalize fixed-address debugger main loop to retail,
debugger,func_16000B14,0x274,0xAC2F0000,0xAC39389C,R_MIPS_LO16:D_1600389C,-,Normalize fixed-address debugger main loop to retail,
debugger,func_16000B14,0x278,0x8DE20120,0x3C011600,-,-,Normalize fixed-address debugger main loop to retail,
debugger,func_16000B14,0x27C,0x3C010000,0xA02038A4,R_MIPS_HI16:D_160038A4,-,Normalize fixed-address debugger main loop to retail,
debugger,func_16000B14,0x280,0x26310000,0x8F2C0120,R_MIPS_LO16:D_160036F0,-,Normalize fixed-address debugger main loop to retail,
debugger,func_16000B14,0x284,0x38580020,0x24010020,-,-,Normalize fixed-address debugger main loop to retail,
debugger,func_16000B14,0x288,0x2F020001,0x263136F0,-,-,Normalize fixed-address debugger main loop to retail,
debugger,func_16000B14,0x28C,0x10400006,0x15810007,-,-,Normalize fixed-address debugger main loop to retail,
debugger,func_16000B14,0x290,0x26520000,0x26523898,R_MIPS_LO16:D_16003898,-,Normalize fixed-address debugger main loop to retail,
debugger,func_16000B14,0x294,0x8DF9011C,0x8F2E011C,-,-,Normalize fixed-address debugger main loop to retail,
debugger,func_16000B14,0x298,0x3C0C0000,0x3C0D150B,R_MIPS_HI16:func_150AD770,-,Normalize fixed-address debugger main loop to retail,
debugger,func_16000B14,0x29C,0x258C0000,0x25ADD770,R_MIPS_LO16:func_150AD770,-,Normalize fixed-address debugger main loop to retail,
debugger,func_16000B14,0x2A0,0x01991026,0x15AE0002,-,-,Normalize fixed-address debugger main loop to retail,
debugger,func_16000B14,0x2A4,0x2C420001,0x3C011600,-,-,Normalize fixed-address debugger main loop to retail,
debugger,func_16000B14,0x2A8,0x3C100000,0xA02938A4,R_MIPS_HI16:D_16003894,-,Normalize fixed-address debugger main loop to retail,
debugger,func_16000B14,0x2AC,0xA0220000,0x3C101600,R_MIPS_LO16:D_160038A4,-,Normalize fixed-address debugger main loop to retail,
debugger,func_16000B14,0x2B0,0x26100000,0x26103894,R_MIPS_LO16:D_16003894,-,Normalize fixed-address debugger main loop to retail,
debugger,func_16000B14,0x2B4,0x8FAD0044,0x8FAF0040,-,-,Normalize fixed-address debugger main loop to retail,
debugger,func_16000B14,0x2B8,0x326E0002,0x32780002,-,-,Normalize fixed-address debugger main loop to retail,
debugger,func_16000B14,0x2BC,0x55A00006,0x55E00006,-,-,Normalize fixed-address debugger main loop to retail,
debugger,func_16000B14,0x2C0,0x92980000,0x928C0000,-,-,Normalize fixed-address debugger main loop to retail,
debugger,func_16000B14,0x2C4,0x51C00004,0x53000004,-,-,Normalize fixed-address debugger main loop to retail,
debugger,func_16000B14,0x2C8,0x92980000,0x928C0000,-,-,Normalize fixed-address debugger main loop to retail,
debugger,func_16000B14,0x2CC,0x0C000000,0x0D80059E,R_MIPS_26:func_16001678,-,Normalize fixed-address debugger main loop to retail,
debugger,func_16000B14,0x2D4,0x92980000,0x928C0000,-,-,Normalize fixed-address debugger main loop to retail,
debugger,func_16000B14,0x2D8,0x3C020000,0x3C021600,R_MIPS_HI16:D_16003AF8,-,Normalize fixed-address debugger main loop to retail,
debugger,func_16000B14,0x2DC,0x00187880,0x000CC880,-,-,Normalize fixed-address debugger main loop to retail,
debugger,func_16000B14,0x2E0,0x004F1021,0x00591021,-,-,Normalize fixed-address debugger main loop to retail,
debugger,func_16000B14,0x2E4,0x8C420000,0x8C423AF8,R_MIPS_LO16:D_16003AF8,-,Normalize fixed-address debugger main loop to retail,
debugger,func_16000B14,0x2F8,0x0C000000,0x0C0093C4,R_MIPS_26:osWritebackDCacheAll,-,Normalize fixed-address debugger main loop to retail,
debugger,func_16000B14,0x300,0x8E0C0000,0x8E0D0000,-,-,Normalize fixed-address debugger main loop to retail,
debugger,func_16000B14,0x308,0x0C000000,0x0D8005C0,R_MIPS_26:func_16001700,-,Normalize fixed-address debugger main loop to retail,
debugger,func_16000B14,0x30C,0xAE4C0000,0xAE4D0000,-,-,Normalize fixed-address debugger main loop to retail,
debugger,func_16000B14,0x310,0x0C000000,0x0D80060C,R_MIPS_26:func_16001830,-,Normalize fixed-address debugger main loop to retail,
debugger,func_16000B14,0x318,0x8FB90044,0x8FAE0040,-,-,Normalize fixed-address debugger main loop to retail,
debugger,func_16000B14,0x31C,0x53200004,0x51C00004,-,-,Normalize fixed-address debugger main loop to retail,
debugger,func_16000B14,0x324,0x8E0D0000,0x8E0F0000,-,-,Normalize fixed-address debugger main loop to retail,
debugger,func_16000B14,0x328,0xAE4D0000,0xAE4F0000,-,-,Normalize fixed-address debugger main loop to retail,
debugger,func_16000B14,0x330,0x962E0000,0x96380000,-,-,Normalize fixed-address debugger main loop to retail,
debugger,func_16000B14,0x33C,0xAE0E0000,0xAE180000,-,-,Normalize fixed-address debugger main loop to retail,
debugger,func_16000B14,0x340,0x01D57825,0x0315C825,-,-,Normalize fixed-address debugger main loop to retail,
debugger,func_16000B14,0x344,0xAE0F0000,0xAE190000,-,-,Normalize fixed-address debugger main loop to retail,
debugger,func_16000B14,0x354,0x8E0C0000,0x8E0D0000,-,-,Normalize fixed-address debugger main loop to retail,
debugger,func_16000B14,0x358,0x0196C825,0x01B67025,-,-,Normalize fixed-address debugger main loop to retail,
debugger,func_16000B14,0x35C,0xAE190000,0xAE0E0000,-,-,Normalize fixed-address debugger main loop to retail,
debugger,func_16000B14,0x370,0x8E0D0000,0x8E0F0000,-,-,Normalize fixed-address debugger main loop to retail,
debugger,func_16000B14,0x374,0x01B77025,0x01F7C025,-,-,Normalize fixed-address debugger main loop to retail,
debugger,func_16000B14,0x378,0xAE0E0000,0xAE180000,-,-,Normalize fixed-address debugger main loop to retail,
debugger,func_16000B14,0x388,0x8E180000,0x8E0C0000,-,-,Normalize fixed-address debugger main loop to retail,
debugger,func_16000B14,0x38C,0x031E7825,0x019EC825,-,-,Normalize fixed-address debugger main loop to retail,
debugger,func_16000B14,0x390,0xAE0F0000,0xAE190000,-,-,Normalize fixed-address debugger main loop to retail,
debugger,func_16000B14,0x398,0x8E4C0000,0x8E4D0000,-,-,Normalize fixed-address debugger main loop to retail,
debugger,func_16000B14,0x39C,0x3C010000,0x3C011600,R_MIPS_HI16:D_16003890,-,Normalize fixed-address debugger main loop to retail,
debugger,func_16000B14,0x3A0,0x3C030000,0x3C031600,R_MIPS_HI16:D_16003B08,-,Normalize fixed-address debugger main loop to retail,
debugger,func_16000B14,0x3A4,0x004CC826,0x004D7026,-,-,Normalize fixed-address debugger main loop to retail,
debugger,func_16000B14,0x3A8,0x03226824,0x01C27824,-,-,Normalize fixed-address debugger main loop to retail,
debugger,func_16000B14,0x3AC,0xAC2D0000,0xAC2F3890,R_MIPS_LO16:D_16003890,-,Normalize fixed-address debugger main loop to retail,
debugger,func_16000B14,0x3B0,0x928E0000,0x92980000,-,-,Normalize fixed-address debugger main loop to retail,
debugger,func_16000B14,0x3B4,0x000EC080,0x00186080,-,-,Normalize fixed-address debugger main loop to retail,
debugger,func_16000B14,0x3B8,0x00781821,0x006C1821,-,-,Normalize fixed-address debugger main loop to retail,
debugger,func_16000B14,0x3BC,0x8C630000,0x8C633B08,R_MIPS_LO16:D_16003B08,-,Normalize fixed-address debugger main loop to retail,
debugger,func_16000B14,0x3C4,0x326F0005,0x32790005,-,-,Normalize fixed-address debugger main loop to retail,
debugger,func_16000B14,0x3D4,0x326F0005,0x32790005,-,-,Normalize fixed-address debugger main loop to retail,
debugger,func_16000B14,0x3D8,0x51E0FFCA,0x5320FFCA,-,-,Normalize fixed-address debugger main loop to retail,
debugger,func_16000B14,0x3DC,0x8E0C0000,0x8E0D0000,-,-,Normalize fixed-address debugger main loop to retail,
debugger,func_16000B14,0x3E0,0x326C0004,0x326D0004,-,-,Normalize fixed-address debugger main loop to retail,
debugger,func_16000B14,0x3E4,0x1180FFB3,0x11A0FFB3,-,-,Normalize fixed-address debugger main loop to retail,
debugger,func_16000B14,0x3E8,0xAFA00044,0xAFA00040,-,-,Normalize fixed-address debugger main loop to retail,
debugger,func_16000B14,0x3EC,0x3C190000,0x3C0E1600,R_MIPS_HI16:D_16003AF0,-,Normalize fixed-address debugger main loop to retail,
debugger,func_16000B14,0x3F0,0x8F390000,0x8DCE3AF0,R_MIPS_LO16:D_16003AF0,-,Normalize fixed-address debugger main loop to retail,
debugger,func_16000B14,0x3F4,0x8FAE0048,0x8FB80050,-,-,Normalize fixed-address debugger main loop to retail,
debugger,func_16000B14,0x3FC,0x17200005,0x15C00005,-,-,Normalize fixed-address debugger main loop to retail,
debugger,func_16000B14,0x400,0x8FB80048,0x8FAC0050,-,-,Normalize fixed-address debugger main loop to retail,
debugger,func_16000B14,0x404,0x240D0004,0x240F0004,-,-,Normalize fixed-address debugger main loop to retail,
debugger,func_16000B14,0x408,0xA5CD0010,0xA70F0010,-,-,Normalize fixed-address debugger main loop to retail,
debugger,func_16000B14,0x410,0xA5C00012,0xA7000012,-,-,Normalize fixed-address debugger main loop to retail,
debugger,func_16000B14,0x414,0x8F0F0120,0x8D990120,-,-,Normalize fixed-address debugger main loop to retail,
debugger,func_16000B14,0x41C,0x3C0C0000,0x3C0D1600,R_MIPS_HI16:D_160038A4,-,Normalize fixed-address debugger main loop to retail,
debugger,func_16000B14,0x420,0x15E10009,0x17210009,-,-,Normalize fixed-address debugger main loop to retail,
debugger,func_16000B14,0x428,0x918C0000,0x91AD38A4,R_MIPS_LO16:D_160038A4,-,Normalize fixed-address debugger main loop to retail,
debugger,func_16000B14,0x42C,0x15800006,0x15A00006,-,-,Normalize fixed-address debugger main loop to retail,
debugger,func_16000B14,0x434,0x8F19011C,0x8D8E011C,-,-,Normalize fixed-address debugger main loop to retail,
debugger,func_16000B14,0x43C,0x272D0004,0x25CF0004,-,-,Normalize fixed-address debugger main loop to retail,
debugger,func_16000B14,0x444,0xAF0D011C,0xAD8F011C,-,-,Normalize fixed-address debugger main loop to retail,
debugger,func_16000B14,0x474,0x27BD0048,0x27BD0050,-,-,Normalize fixed-address debugger main loop to retail,
game_161520,func_15135480,0x048,0x54590005,0x57220005,-,-,Use loaded event value as first branch operand,
game_161520,func_15135480,0x0AC,0x10490005,0x11220005,-,-,Use loaded event value as first branch operand,
generated_DC6B0,func_150AF2E0,0x018,0x01C27821,0x004E7821,-,-,Use retail commutative integer-add operand order,
generated_DC6B0,func_150AF738,0x004,0xAFBF0014,0xAFA50024,-,-,Preserve the byte argument before the saved return address,
generated_DC6B0,func_150AF738,0x008,0xAFA40020,0x00C03825,-,-,Move the third argument into its outgoing register early,
generated_DC6B0,func_150AF738,0x00C,0xAFA50024,0x93A60027,-,-,Narrow the preserved byte argument before saving the return address,
generated_DC6B0,func_150AF738,0x010,0x00C03825,0xAFBF0014,-,-,Save the return address after normalizing outgoing arguments,
generated_DC6B0,func_150AF738,0x014,0x87B90022,0xAFA40020,-,-,Preserve the halfword argument before narrowing it,
generated_DC6B0,func_150AF738,0x018,0x240E0001,0x87B90022,-,-,Narrow the preserved halfword argument before loading record constants,
generated_DC6B0,func_150AF738,0x01C,0x240FFFFF,0x240E0001,-,-,Load the first record constant in retail order,
generated_DC6B0,func_150AF738,0x020,0x24180002,0x240FFFFF,-,-,Load the second record constant in retail order,
generated_DC6B0,func_150AF738,0x024,0xA3AE0018,0x24180002,-,-,Load the third record constant before storing the record,
generated_DC6B0,func_150AF738,0x028,0xA3AF0019,0xA3AE0018,-,-,Store the first record byte in retail order,
generated_DC6B0,func_150AF738,0x02C,0xA3B8001A,0xA3AF0019,-,-,Store the second record byte in retail order,
generated_DC6B0,func_150AF738,0x030,0xA3A0001E,0xA3B8001A,-,-,Store the third record byte in retail order,
generated_DC6B0,func_150AF738,0x034,0x27A40018,0xA3A0001E,-,-,Clear the final record byte before forming its address,
generated_DC6B0,func_150AF738,0x038,0x00002825,0x27A40018,-,-,Form the stack-record pointer before clearing the second argument,
generated_DC6B0,func_150AF738,0x03C,0x93A60027,0x00002825,-,-,Clear the second outgoing argument after forming the record pointer,
generated_DC6B0,func_150AFBF4,0x008,0xAFA50024,0xAFA50024,-,-,Omit the unused scratch-parameter home,,,true
generated_DC6B0,func_150AFBF4,0x048,0xAFA3001C,0xAFA30018,-,-,Use retail's first local spill slot for the derived value pointer,
generated_DC6B0,func_150AFBF4,0x04C,0x8FA3001C,0x8FA30018,-,-,Reload the derived value pointer from retail's first local spill slot,
generated_133190,func_151061EC,0x018,0x01C41021,0x008E1021,-,-,Use retail commutative address-add operand order,
game_16EE20,func_15144A74,0x028,0x46048000,0x46102000,-,-,Use retail commutative floating-add operand order,
generated_1D92F0,func_151ACB60,0x020,0x00000000,0xAFA40018,-,-,Home incoming pointer in retail jal delay slot,
generated_B3020,func_15087FC4,0x018,0x01C27821,0x01C21821,-,-,Use retail final-pointer register,
generated_B3020,func_15087FC4,0x01C,0xA1E50031,0xA0650031,-,-,Use retail final-pointer register in byte store,
generated_B3020,func_15087FEC,0x02C,0x01C27821,0x01C21821,-,-,Use retail final-pointer register,
generated_B3020,func_15087FEC,0x034,0xE5EA0004,0xE46A0004,-,-,Use retail final-pointer register in float store,
generated_B3020,func_150881CC,0x000,0x3C030000,0x00802825,R_MIPS_HI16:D_800872A0,-,Preserve retail index copy before loading the table base,0x3C030000,R_MIPS_HI16:D_800872A0
generated_B3020,func_150881CC,0x008,0x00047140,0x00057140,-,-,Scale the retained index through the retail register,
generated_B3020,func_150881CC,0x00C,0x01C47021,0x01C57021,-,-,Complete the retail stride through the retained index register,
generated_B3020,func_150881CC,0x020,0x01C37821,0x01C32021,-,-,Use retail computed-pointer register,
generated_B3020,func_150881CC,0x02C,0xC5E40000,0xC4840000,-,-,Load the scaled value through the retail pointer register,
generated_1C2C60,func_1519C910,0x010,0x50AE0007,0x51C50007,-,-,Use retail commutative equality operand order,
generated_1C2C60,func_1519C910,0x01C,0x50AF0004,0x51E50004,-,-,Use retail commutative equality operand order,
generated_1AC2F0,func_1517F448,0x010,0x004E1821,0x01E27821,-,-,Schedule retail second-array address first,
generated_1AC2F0,func_1517F448,0x014,0x01E27821,0x004E1821,-,-,Schedule retail first-array address second,
generated_1AC2F0,func_1517F7B4,0x000,0x3C040000,0x3C050000,R_MIPS_HI16:D_800DDE08,R_MIPS_HI16:D_800DDE08,Keep the timer base in retail argument register,
generated_1AC2F0,func_1517F7B4,0x004,0x24840000,0x24A50000,R_MIPS_LO16:D_800DDE08,R_MIPS_LO16:D_800DDE08,Complete the timer address through retail argument register,
generated_1AC2F0,func_1517F7B4,0x008,0x94820000,0x94A20000,-,-,Load the timer through retail base register,
generated_1AC2F0,func_1517F7B4,0x030,0xA48E0000,0xA4AE0000,-,-,Store the decremented timer through retail base register,
generated_1AC2F0,func_1517F7B4,0x034,0xA4800000,0xA4A00000,-,-,Clear the timer through retail base register,
game_A28B0,func_15079F6C,0x014,0x90630000,0x906E0000,R_MIPS_LO16:D_800D1891,R_MIPS_LO16:D_800D1891,Use retail byte temporary register,
game_A28B0,func_1507A100,0x038,0x3C0F0000,0x3C180000,R_MIPS_HI16:D_800D1891,R_MIPS_HI16:D_800D1891,Load the halfword index through retail's temporary register,,,false
game_A28B0,func_1507A100,0x044,0x91EF0000,0x93180000,R_MIPS_LO16:D_800D1891,R_MIPS_LO16:D_800D1891,Complete the halfword-index load through retail's temporary register,,,false
game_A28B0,func_1507A100,0x04C,0x018E1821,0x018E7821,-,-,Keep the indexed path entry in retail's address temporary,,,false
game_A28B0,func_1507A100,0x050,0x000FC040,0x00184040,-,-,Scale the halfword index through retail's temporary register,,,false
game_A28B0,func_1507A100,0x054,0x00784021,0x01E84821,-,-,Form the final destination in retail's address temporary,,,false
game_A28B0,func_1507A100,0x058,0xA5020008,0xA5220008,-,-,Store the packed value through the retail destination register,,,false
game_A28B0,func_15079F6C,0x020,0x01E3C025,0x01EEC025,-,-,Use retail byte temporary in packed halfword,
game_1944C0,func_1516968C,0x028,0x908F000C,0x90AF0000,-,-,Load comparison byte from arg1 first,
game_1944C0,func_1516968C,0x02C,0x90B80000,0x9098000C,-,-,Load comparison byte from arg0 second,
game_1944C0,func_151696DC,0x00C,0x00001025,0x24C60000,-,R_MIPS_LO16:D_800DD198,Schedule slot-table low half before count branch,
game_1944C0,func_151696DC,0x014,0x24C60000,0x00001025,R_MIPS_LO16:D_800DD198,-,Initialize loop index in count-branch delay slot,
generated_90840,func_150636A4,0x010,0x8C43031C,0x8C45031C,-,-,Keep nested pointer in retail argument register,
generated_90840,func_150636A4,0x01C,0x10600009,0x10A00009,-,-,Test nested pointer in retail argument register,
generated_90840,func_150636A4,0x030,0xA06F0195,0xA0AF0195,-,-,Store through nested pointer in retail argument register,
game_16EE20,func_1514672C,0x000,0xC4800000,0x3C010000,-,R_MIPS_HI16:D_800A56C4,Schedule threshold high half before object component load,
game_16EE20,func_1514672C,0x004,0x3C010000,0xC4220000,R_MIPS_HI16:D_800A56C4,R_MIPS_LO16:D_800A56C4,Schedule threshold low load before object component load,
game_16EE20,func_1514672C,0x008,0xC4220000,0xC4800000,R_MIPS_LO16:D_800A56C4,-,Schedule object component load after threshold pair,
game_83300,func_1505D024,0x134,0x8FA50040,0x01002825,-,-,Reuse live object pointer for call argument,
game_83300,func_1505D024,0x160,0x24080007,0x24090007,-,-,Keep final constant in retail scratch register,
game_83300,func_1505D024,0x164,0xAFA80018,0xAFA90018,-,-,Store final constant from retail scratch register,
generated_C9EC0,func_1509D054,0x008,0x3C040000,0x3C020000,R_MIPS_HI16:D_800D2FB0,R_MIPS_HI16:D_800D2FB0,Keep optional pointer in retail return register,
generated_C9EC0,func_1509D054,0x00C,0x8C840000,0x8C420000,R_MIPS_LO16:D_800D2FB0,R_MIPS_LO16:D_800D2FB0,Load optional pointer into retail return register,
generated_C9EC0,func_1509D054,0x010,0x50800006,0x50400006,-,-,Test optional pointer in retail return register,
generated_C9EC0,func_1509D054,0x01C,0x00000000,0x00402025,-,-,Copy optional pointer into call argument delay slot,
generated_E8C10,func_150BDB3C,0x008,0x904E001B,0x904F001B,-,-,Keep existing byte in retail comparison register,
generated_E8C10,func_150BDB3C,0x00C,0x000328C0,0x000370C0,-,-,Keep shifted value in retail temporary register,
generated_E8C10,func_150BDB3C,0x010,0x00AE082A,0x01CF082A,-,-,Compare retail scalar temporaries,
generated_E8C10,func_150BDB3C,0x01C,0xA045001B,0xA04E001B,-,-,Store shifted value from retail temporary register,
generated_11FF10,func_150F33B0,0x020,0x9099004F,0x9088004F,-,-,Load set-bit byte into retail temporary register,
generated_11FF10,func_150F33B0,0x034,0x9099004F,0x9088004F,-,-,Keep unreachable duplicate load in retail temporary register,
generated_11FF10,func_150F33B0,0x038,0x37280001,0x35090001,-,-,Set flag bit in retail result register,
generated_11FF10,func_150F33B0,0x03C,0xA088004F,0xA089004F,-,-,Store set-bit result from retail temporary register,
game_14FF90,func_151254F4,0x004,0xAFBF0014,0x3C010000,-,R_MIPS_HI16:D_800A352C,Schedule scale high half before frame saves,
game_14FF90,func_151254F4,0x008,0xAFA5001C,0xC4200000,-,R_MIPS_LO16:D_800A352C,Schedule scale load before frame saves,
game_14FF90,func_151254F4,0x00C,0x3C010000,0xAFBF0014,R_MIPS_HI16:D_800A352C,-,Save return address after scale load,
game_14FF90,func_151254F4,0x010,0xC4200000,0xAFA5001C,R_MIPS_LO16:D_800A352C,-,Save second argument after scale load,
game_83300,func_1505841C,0x0C0,0x460A0402,0x460A0002,-,-,Keep scaled denominator in retail floating-point register,
game_83300,func_1505841C,0x0C4,0x46101003,0x46001403,-,-,Keep quotient in retail floating-point temporary,
game_83300,func_1505841C,0x0CC,0x46120000,0x46128000,-,-,Add global offset from retail quotient temporary,
game_83300,func_1505841C,0x160,0x3C020000,0x3C190000,R_MIPS_HI16:D_800419A0,R_MIPS_HI16:D_800419A0,Load timer-table index base in retail register,
game_83300,func_1505841C,0x170,0x90590000,0x93390000,R_MIPS_LO16:D_800419A0,R_MIPS_LO16:D_800419A0,Load timer-table index through retail register,
game_83300,func_15058F24,0x014,0xAFA60018,0x3C014110,-,-,Schedule the surface-offset constant instead of IDO's unused third-parameter home,,,false
game_83300,func_15058F24,0x01C,0x3C014110,0x44813000,-,-,Move the surface-offset constant into retail's f6 lifetime,,,false
game_83300,func_15058F24,0x020,0x44813000,0x4600A306,-,-,Preserve the original blend factor in f12 before computing its complement,,,false
game_83300,func_15058F24,0x024,0x4600A306,0x46140401,-,-,Compute the blend-factor complement before the conditional branch,,,false
game_83300,func_15058F24,0x028,0x45000002,0x45020003,-,-,Use retail's likely branch after the scheduled complement calculation,,,false
game_83300,func_15058F24,0x02C,0x46140401,0xC4840118,-,-,Load the water-surface base in the likely branch delay slot,,,false
game_83300,func_15058F24,0x04C,0x908200AD,0x908F00AD,-,-,Load the water-state byte through retail's t7 lifetime,,,false
game_83300,func_15058F24,0x054,0x29CF0064,0x29C10064,-,-,Keep the range-test result in retail's assembler temporary,,,false
game_83300,func_15058F24,0x058,0x55E0006E,0x5420006E,-,-,Branch on retail's range-test temporary,,,false
game_83300,func_15058F24,0x060,0x908200AD,0x908F00AD,-,-,Reload the water-state byte through retail's t7 lifetime,,,false
game_83300,func_15058F24,0x068,0x5440000E,0x55E0000E,-,-,Test the reloaded water-state byte through t7,,,false
game_83300,func_15058F24,0x154,0x44814000,0x44815000,-,-,Materialize the settle gravity constant through retail's f10 lifetime,,,false
game_83300,func_15058F24,0x158,0x46066382,0x46066202,-,-,Scale the settle correction through retail's f8 lifetime,,,false
game_83300,func_15058F24,0x164,0xE4880024,0xE48A0024,-,-,Store settle gravity from retail's f10 lifetime,,,false
game_83300,func_15058F24,0x168,0x460E1101,0x46081101,-,-,Apply the settle correction from retail's f8 lifetime,,,false
game_83300,func_15058F24,0x184,0x44815000,0x44813000,-,-,Materialize the rising-gravity scale through retail's f6 lifetime,,,false
game_83300,func_15058F24,0x198,0x44815000,0x44813000,-,-,Reuse retail's f6 lifetime for the rising-gravity scale,,,false
game_83300,func_15058F24,0x1A0,0x44814000,0x44812000,-,-,Materialize the velocity damping factor through retail's f4 lifetime,,,false
game_83300,func_15058F24,0x1A4,0x460A8182,0x46068202,-,-,Compute rising gravity through retail's f8 lifetime,,,false
game_83300,func_15058F24,0x1AC,0x46080102,0x46040282,-,-,Compute damped velocity through retail's f10 lifetime,,,false
game_83300,func_15058F24,0x1B0,0xE4860024,0xE4880024,-,-,Store rising gravity from retail's f8 lifetime,,,false
game_83300,func_15058F24,0x1B4,0xE4840020,0xE48A0020,-,-,Store damped velocity from retail's f10 lifetime,,,false
game_83300,func_15058F24,0x1C0,0x44815000,0x44813000,-,-,Materialize the sinking-velocity scale through retail's f6 lifetime,,,false
game_83300,func_15058F24,0x1C8,0x44813000,0x44814000,-,-,Materialize the sinking-gravity scale through retail's f8 lifetime,,,false
game_83300,func_15058F24,0x1CC,0x460A8082,0x46068082,-,-,Compute the sinking velocity limit through retail's f2 lifetime,,,false
game_83300,func_15058F24,0x1D4,0x46068202,0x46088102,-,-,Compute sinking gravity through retail's f4 lifetime,,,false
game_83300,func_15058F24,0x1DC,0xE4880024,0xE4840024,-,-,Store sinking gravity in the branch delay slot from retail's f4 lifetime,,,false
game_83300,func_15058F24,0x1E4,0xE4880024,0xE4840024,-,-,Store sinking gravity after clamping from retail's f4 lifetime,,,false
game_83300,func_15058F24,0x1F0,0x44812000,0x44815000,-,-,Materialize the terminal-velocity scale through retail's f10 lifetime,,,false
game_83300,func_15058F24,0x1F8,0x46142082,0x46145082,-,-,Compute terminal velocity through retail's f2 lifetime,,,false
generated_11C2B0,func_150F02A0,0x004,0x9045000C,0x904E000C,-,-,Load slot index into retail temporary register,
generated_11C2B0,func_150F02A0,0x00C,0x00057080,0x000E7880,-,-,Scale slot index in retail temporary chain,
generated_11C2B0,func_150F02A0,0x010,0x006E7821,0x006FC021,-,-,Form slot address in retail temporary register,
generated_11C2B0,func_150F02A0,0x014,0xADE0012C,0xAF00012C,-,-,Clear slot field through retail address register,
generated_11C2B0,func_150F1684,0x01C,0x24820018,0x24830018,-,-,Keep the embedded identity pointer in retail v1,
generated_11C2B0,func_150F1684,0x020,0x8CAF0000,0x8CA20000,-,-,Load the incoming identity word into retail v0,
generated_11C2B0,func_150F1684,0x024,0x8C580000,0x8C6F0000,-,-,Load the embedded identity word into retail t7,
generated_11C2B0,func_150F1684,0x028,0x11F80005,0x104F0005,-,-,Compare the identity words through retail registers,
generated_11C2B0,func_150F1684,0x030,0x90590004,0x90780004,-,-,Load the embedded identity byte into retail t8,
generated_11C2B0,func_150F1684,0x034,0x90A80004,0x90B90004,-,-,Load the incoming identity byte into retail t9,
generated_11C2B0,func_150F1684,0x038,0x57280004,0x57190004,-,-,Compare the identity bytes through retail registers,
generated_18A8F0,func_1515F008,0x004,0x01C41021,0x008E1821,-,-,Form packed-value pointer in retail register,
generated_18A8F0,func_1515F008,0x008,0x84430000,0x84620000,-,-,Load signed high half through retail pointer and value registers,
generated_18A8F0,func_1515F008,0x00C,0x944F0020,0x946F0020,-,-,Load unsigned low half through retail pointer register,
generated_18A8F0,func_1515F008,0x014,0x0003C400,0x0002C400,-,-,Shift signed high half from retail value register,
generated_18A8F0,func_1515F008,0x018,0x01F81825,0x01F81025,-,-,Combine packed halves in retail value register,
generated_18A8F0,func_1515F008,0x01C,0x44832000,0x44822000,-,-,Move packed value to floating-point conversion through retail register,
generated_19A8B0,func_1516F8EC,0x004,0x908E0027,0x908F0027,-,-,Load packed low byte into retail temporary register,
generated_19A8B0,func_1516F8EC,0x008,0x00027A00,0x00027200,-,-,Shift packed high byte into retail temporary register,
generated_19A8B0,func_1516F8EC,0x018,0x00021A03,0x00024203,-,-,Scale packed value through retail intermediate register,
generated_19A8B0,func_1516F8EC,0x01C,0x0003C203,0x0008CA03,-,-,Extract packed high byte through retail temporary chain,
generated_19A8B0,func_1516F8EC,0x020,0xA0980026,0xA0990026,-,-,Store packed high byte from retail temporary register,
generated_19A8B0,func_1516F8EC,0x024,0xA0830027,0xA0880027,-,-,Store packed low byte from retail intermediate register,
generated_19A8B0,func_1516F91C,0x004,0x908E0029,0x908F0029,-,-,Load packed low byte into retail temporary register,
generated_19A8B0,func_1516F91C,0x008,0x00027A00,0x00027200,-,-,Shift packed high byte into retail temporary register,
generated_19A8B0,func_1516F91C,0x018,0x00021A03,0x00024203,-,-,Scale packed value through retail intermediate register,
generated_19A8B0,func_1516F91C,0x01C,0x0003C203,0x0008CA03,-,-,Extract packed high byte through retail temporary chain,
generated_19A8B0,func_1516F91C,0x020,0xA0980028,0xA0990028,-,-,Store packed high byte from retail temporary register,
generated_19A8B0,func_1516F91C,0x024,0xA0830029,0xA0880029,-,-,Store packed low byte from retail intermediate register,
game_45B80,func_15019BB8,0x000,0x27BDFFC8,0x27BDFFD0,-,-,Use retail frame size after IDO reserves an unused stack chunk,
game_45B80,func_15019BB8,0x020,0x3C180000,0x3C0F0000,R_MIPS_HI16:D_800BE628,R_MIPS_HI16:D_800BE628,Load viewport base through retail temporary register,
game_45B80,func_15019BB8,0x02C,0x8F180000,0x8DEf0000,R_MIPS_LO16:D_800BE628,R_MIPS_LO16:D_800BE628,Complete viewport base load through retail temporary register,
game_45B80,func_15019BB8,0x030,0x00107880,0x0010C080,-,-,Begin viewport stride calculation in retail temporary register,
game_45B80,func_15019BB8,0x034,0x01F07823,0x0310C023,-,-,Continue viewport stride calculation in retail temporary register,
game_45B80,func_15019BB8,0x038,0x000F79C0,0x0018C1C0,-,-,Finish viewport stride calculation in retail temporary register,
game_45B80,func_15019BB8,0x104,0x27BD0038,0x27BD0030,-,-,Release retail frame size,
generated_CBDB0,func_1509F6B0,0x004,0xAFA60028,0xAFBF001C,-,-,Save return address in retail schedule,
generated_CBDB0,func_1509F6B0,0x008,0xAFA7002C,0xAFA50024,-,-,Spill second argument in retail schedule,
generated_CBDB0,func_1509F6B0,0x00C,0x87A7002A,0xAFA60028,-,-,Spill third argument in retail schedule,
generated_CBDB0,func_1509F6B0,0x010,0xAFBF001C,0xAFA7002C,-,-,Spill fourth argument in retail schedule,
generated_CBDB0,func_1509F6B0,0x014,0xAFA50024,0x97A50026,-,-,Reload unsigned second argument in retail schedule,
generated_CBDB0,func_1509F6B0,0x018,0x97A50026,0x93A6002F,-,-,Reload unsigned fourth argument in retail schedule,
generated_CBDB0,func_1509F6B0,0x01C,0x93A6002F,0x87A7002A,-,-,Reload signed third argument in retail schedule,
generated_FA360,func_150CDB6C,0x000,0x0480000C,0x0480000D,-,-,Extend negative-range branch across inserted pointer materialization,
generated_FA360,func_150CDB6C,0x008,0x1020000A,0x1020000B,-,-,Extend upper-range branch across inserted pointer materialization,
generated_FA360,func_150CDB6C,0x014,0x10400007,0x10400008,-,-,Extend null-pointer branch across inserted pointer materialization,
generated_FA360,func_150CDB6C,0x02C,0x46083282,0x24430028,-,-,Materialize retail destination pointer before the multiply,
generated_FA360,func_150CDB6C,0x030,0xE44A002C,0x46083282,-,-,Move multiply after destination pointer materialization,
generated_FA360,func_150CDB6C,0x034,0x03E00008,0xE46A0004,-,-,Store through retail destination pointer,
generated_FA360,func_150CDB6C,0x038,0x00000000,0x03E00008,-,-,Move return after retail store,
generated_135D00,func_15108B80,0x000,0x240503E7,0x240303E7,-,-,Keep terminal marker in retail value register,
generated_135D00,func_15108B80,0x00C,0x01C41021,0x008E1021,-,-,Use retail operand order for commutative pointer addition,
generated_135D00,func_15108B80,0x018,0x10AF0007,0x106F0007,-,-,Compare terminal marker from retail value register,
generated_135D00,func_15108B80,0x028,0x03191823,0x03194023,-,-,Keep countdown result in retail temporary register,
generated_135D00,func_15108B80,0x02C,0x04610002,0x05010002,-,-,Branch on retail countdown temporary,
generated_135D00,func_15108B80,0x030,0xAC43001C,0xAC48001C,-,-,Store countdown from retail temporary register,
generated_135D00,func_15108B80,0x034,0xAC450014,0xAC430014,-,-,Store terminal marker from retail value register,
game_161520,func_1513A594,0x030,0x8FAF0018,0x8FA20018,-,-,Reload wrapper object through retail pointer register,
game_161520,func_1513A594,0x038,0x8DE001D4,0x8C4F01D4,-,-,Load retained field through retail pointer register,0x11E00001
game_161520,func_1513A594,0x03C,0x03E00008,0x00000000,-,-,Restore redundant branch delay slot before return,0x03E00008
game_16EE20,func_151423D8,0x02C,0x304400C0,0x304800C0,-,-,Keep quadrant mask in retail temporary register,
game_16EE20,func_151423D8,0x030,0x10800003,0x11000003,-,-,Test quadrant through retail temporary register,
game_16EE20,func_151423D8,0x038,0x14810006,0x15010006,-,-,Compare quadrant through retail temporary register,
game_16EE20,func_151423D8,0x03C,0x00034880,0x00035080,-,-,Shift negative-table index through retail temporary register,
game_16EE20,func_151423D8,0x040,0x00034080,0x00034880,-,-,Shift positive-table index through retail temporary register,
game_16EE20,func_151423D8,0x048,0x00280821,0x00290821,-,-,Add positive-table index from retail temporary register,
game_16EE20,func_151423D8,0x058,0x00290821,0x002A0821,-,-,Add negative-table index from retail temporary register,
generated_182C30,func_15155EF8,0x008,0x00803025,0x00802825,-,-,Keep outer object in retail argument register,
generated_182C30,func_15155EF8,0x00C,0x8CC50014,0x8CA60014,-,-,Load child pointer into retail argument register,
generated_182C30,func_15155EF8,0x010,0x10A00004,0x10C00004,-,-,Test child pointer through retail argument register,
generated_182C30,func_15155EF8,0x014,0x00A02025,0x00C02025,-,-,Forward child pointer from retail argument register,
generated_182C30,func_15155EF8,0x01C,0xAFA60018,0xAFA50018,-,-,Spill outer object from retail argument register,
generated_182C30,func_15155EF8,0x020,0x8FA60018,0x8FA50018,-,-,Reload outer object into retail argument register,
generated_182C30,func_15155EF8,0x028,0x00C02025,0x00A02025,-,-,Forward outer object from retail argument register,
generated_182C30,func_15155F3C,0x01C,0x90440011,0x90430011,-,-,Retain the state byte in retail value register,
generated_182C30,func_15155F3C,0x024,0x54810004,0x54610004,-,-,Compare state two through retail value register,
generated_182C30,func_15155F3C,0x038,0x14810002,0x14610002,-,-,Compare state three through retail value register,
generated_182C30,func_15155780,0x044,0xA0600011,0x8FB80028,-,-,Load the incoming key before the initialization stores,,,false
generated_182C30,func_15155780,0x048,0xAC600014,0x44802000,-,-,Prepare floating zero before the initialization stores,,,false
generated_182C30,func_15155780,0x04C,0x8FB80028,0xA0600011,-,-,Schedule the state-byte clear after independent value setup,,,false
generated_182C30,func_15155780,0x050,0x44802000,0xAC600014,-,-,Schedule the link-word clear after independent value setup,,,false
generated_182C30,func_15155780,0x054,0x240400A6,0xA0780010,-,-,Store the incoming key before the notification argument,,,false
generated_182C30,func_15155780,0x058,0xA0780010,0xE4640098,-,-,Store floating zero in retail schedule order,,,false
generated_182C30,func_15155780,0x05C,0xE4640098,0xAFA30024,-,-,Preserve the result pointer before the notification call,,,false
generated_182C30,func_15155780,0x064,0xAFA30024,0x240400A6,-,-,Set the notification identifier in the call delay slot,,,false
generated_182C30,func_15155FD4,0x000,0x3C020000,0x3C050000,R_MIPS_HI16:D_800DCE50,R_MIPS_HI16:D_800DCE50,Keep the owner-array address in retail's a1 lifetime,,,false
generated_182C30,func_15155FD4,0x004,0x3C050000,0x3C020000,R_MIPS_HI16:D_800DD190,R_MIPS_HI16:D_800DD190,Keep the owner-array end in retail's v0 lifetime,,,false
generated_182C30,func_15155FD4,0x008,0x24420000,0x24420000,R_MIPS_LO16:D_800DCE50,R_MIPS_LO16:D_800DD190,Complete the owner-array end address before the owner base,,,false
generated_182C30,func_15155FD4,0x00C,0x24A50000,0x24A50000,R_MIPS_LO16:D_800DD190,R_MIPS_LO16:D_800DCE50,Complete the owner-array base through retail's a1 lifetime,,,false
generated_182C30,func_15155FD4,0x010,0x8C430140,0x8CA30140,-,-,Load the first list head through retail's owner register,,,false
generated_182C30,func_15155FD4,0x014,0x244201A0,0x24A501A0,-,-,Advance the owner cursor through retail's a1 lifetime,,,false
generated_182C30,func_15155FD4,0x040,0x5445FFF4,0x54A2FFF4,-,-,Compare owner cursor and end in retail operand order,,,false
generated_182C30,func_15155FD4,0x044,0x8C430140,0x8CA30140,-,-,Load the next list head through retail's owner register,,,false
generated_117490,func_150EA904,0x004,0x3C0F0000,0x3C0E0000,R_MIPS_HI16:D_800DBEF4,R_MIPS_HI16:D_800DBEF4,Load the global base through retail temporary register,
generated_117490,func_150EA904,0x008,0x8DEF0000,0x8DCE0000,R_MIPS_LO16:D_800DBEF4,R_MIPS_LO16:D_800DBEF4,Retain the global base in retail temporary register,
generated_117490,func_150EA904,0x00C,0x00057080,0x00057880,-,-,Start stride scaling in retail index register,
generated_117490,func_150EA904,0x010,0x01C57021,0x01E57821,-,-,Accumulate stride in retail index register,
generated_117490,func_150EA904,0x014,0x000E7140,0x000F7940,-,-,Finish stride scaling in retail index register,
generated_117490,func_150EA904,0x02C,0x90590073,0x90480073,-,-,Load flags through retail byte temporary register,
generated_117490,func_150EA904,0x030,0x37280003,0x35090003,-,-,Set flags through retail result register,
generated_117490,func_150EA904,0x034,0xA0480073,0xA0490073,-,-,Store flags from retail result register,
generated_1188E0,func_150EB430,0x008,0x00A03025,0x00A03825,-,-,Retain the second vector in retail argument register,
generated_1188E0,func_150EB430,0x010,0xC4C60000,0xC4E60000,-,-,Load the second first component through retail argument register,
generated_1188E0,func_150EB430,0x020,0xC4D00004,0xC4F00004,-,-,Load the second middle component through retail argument register,
generated_1188E0,func_150EB430,0x030,0xC4C60008,0xC4E60008,-,-,Load the second final component through retail argument register,
generated_18A8F0,func_1515D480,0x000,0x27BDFFD8,0x27BDFFE0,-,-,Use retail 32-byte stack frame,
generated_18A8F0,func_1515D480,0x008,0xAFA40028,0xAFA40020,-,-,Spill incoming count above retail frame,
generated_18A8F0,func_1515D480,0x00C,0x8FA40028,0x8FA40020,-,-,Reload incoming count above retail frame,
generated_18A8F0,func_1515D480,0x024,0xAFA4001C,0xAFA40018,-,-,Store allocation size in retail local slot,
generated_18A8F0,func_1515D480,0x030,0xAFA20020,0xAFA2001C,-,-,Store allocation result in retail local slot,
generated_18A8F0,func_1515D480,0x03C,0x8FA5001C,0x8FA50018,-,-,Reload allocation size from retail local slot,
generated_18A8F0,func_1515D480,0x040,0x8FA20020,0x8FA2001C,-,-,Reload allocation result from retail local slot,
generated_18A8F0,func_1515D480,0x048,0x27BD0028,0x27BD0020,-,-,Release retail 32-byte stack frame,
game_A28B0,func_150771F0,0x010,0x3C0F0000,0x3C060000,R_MIPS_HI16:D_800D1892,R_MIPS_HI16:D_800D1890,Hoist third argument high half before outer branch,
game_A28B0,func_150771F0,0x014,0x3C040000,0x3C0F0000,R_MIPS_HI16:D_800D154C,R_MIPS_HI16:D_800D1892,Prepare selector high half after third argument,
game_A28B0,func_150771F0,0x024,0x3C060000,0x3C070000,R_MIPS_HI16:D_800D1890,R_MIPS_HI16:D_800D1891,Prepare fourth argument high half before selector branch,
game_A28B0,func_150771F0,0x028,0x3C070000,0x90C60000,R_MIPS_HI16:D_800D1891,R_MIPS_LO16:D_800D1890,Load third argument before selector branch,
game_A28B0,func_150771F0,0x030,0x24050002,0x90E70000,-,R_MIPS_LO16:D_800D1891,Load fourth argument in selector branch delay slot,
game_A28B0,func_150771F0,0x034,0x10000001,0x10000002,-,-,Branch over alternate selector assignment,
game_A28B0,func_150771F0,0x03C,0x8C840000,0x24050002,R_MIPS_LO16:D_800D154C,-,Assign selector value on zero path,
game_A28B0,func_150771F0,0x040,0x90C60000,0x3C040000,R_MIPS_LO16:D_800D1890,R_MIPS_HI16:D_800D154C,Delay actor global high half until selector resolves,
game_A28B0,func_150771F0,0x044,0x90E70000,0x8C840000,R_MIPS_LO16:D_800D1891,R_MIPS_LO16:D_800D154C,Load actor pointer immediately before call,
generated_13AE20,func_1510E634,0x004,0xAFA60008,0xAFA60008,-,-,Preserve original display-list cursor after argument spills,0x00801825
generated_13AE20,func_1510E634,0x010,0x35CE0003,0x25EF0000,-,R_MIPS_LO16:D_80089470,Finish segment address before command constant,
generated_13AE20,func_1510E634,0x014,0x25EF0000,0x35CE0003,R_MIPS_LO16:D_80089470,-,Finish command constant after segment address,
generated_13AE20,func_1510E634,0x018,0x24820008,0xAC6E0000,-,-,Store command through preserved cursor,
generated_13AE20,func_1510E634,0x01C,0xAC8E0000,0xAC6F0004,-,-,Store segment address through preserved cursor,
generated_13AE20,func_1510E634,0x020,0xAC8F0004,0x24840008,-,-,Advance display-list cursor after command stores,
generated_13AE20,func_1510E634,0x024,0x03E00008,0x00801025,-,-,Move advanced cursor into return register,
generated_13AE20,func_1510E634,0x028,0x00000000,0x03E00008,-,-,Move return after cursor result,0x00000000
generated_15AA10,func_1512D6B0,0x000,0x908E023D,0x908F023D,-,-,Load record index through retail temporary register,
generated_15AA10,func_1512D6B0,0x004,0x3C180000,0x3C0E0000,R_MIPS_HI16:D_800DC2B0,R_MIPS_HI16:D_800DC2B0,Load record base high half through retail register,
generated_15AA10,func_1512D6B0,0x008,0x8F180000,0x8DCE0000,R_MIPS_LO16:D_800DC2B0,R_MIPS_LO16:D_800DC2B0,Load record base through retail register,
generated_15AA10,func_1512D6B0,0x00C,0x000E7880,0x000FC080,-,-,Start stride scaling in retail offset register,
generated_15AA10,func_1512D6B0,0x010,0x01EE7823,0x030FC023,-,-,Subtract index in retail offset register,
generated_15AA10,func_1512D6B0,0x014,0x000F7880,0x0018C080,-,-,Continue stride scaling in retail offset register,
generated_15AA10,func_1512D6B0,0x018,0x01EE7823,0x030FC023,-,-,Finish stride subtraction in retail offset register,
generated_15AA10,func_1512D6B0,0x01C,0x000F7900,0x0018C100,-,-,Scale record offset by sixteen,
generated_15AA10,func_1512D6B0,0x020,0x01F81821,0x01D81821,-,-,Add retail base and offset registers,
generated_193E50,func_15166FD8,0x004,0xAFA60008,0xAFA60008,-,-,Preserve original display-list cursor after argument spills,0x00801825
generated_193E50,func_15166FD8,0x010,0x35CE0003,0x25EF0000,-,R_MIPS_LO16:D_80089470,Finish segment address before command constant,
generated_193E50,func_15166FD8,0x014,0x25EF0000,0x35CE0003,R_MIPS_LO16:D_80089470,-,Finish command constant after segment address,
generated_193E50,func_15166FD8,0x018,0x24820008,0xAC6E0000,-,-,Store command through preserved cursor,
generated_193E50,func_15166FD8,0x01C,0xAC8E0000,0xAC6F0004,-,-,Store segment address through preserved cursor,
generated_193E50,func_15166FD8,0x020,0xAC8F0004,0x24840008,-,-,Advance display-list cursor after command stores,
generated_193E50,func_15166FD8,0x024,0x03E00008,0x00801025,-,-,Move advanced cursor into return register,
generated_193E50,func_15166FD8,0x028,0x00000000,0x03E00008,-,-,Move return after cursor result,0x00000000
generated_1C2C60,func_15196330,0x018,0x8DC30098,0x8DC20098,-,-,Keep record pointer in retail value register,
generated_1C2C60,func_15196330,0x01C,0x80620065,0x80430065,-,-,Load first selector through retail value register,
generated_1C2C60,func_15196330,0x020,0x10410008,0x10610008,-,-,Test first selector in retail value register,
generated_1C2C60,func_15196330,0x024,0x00027880,0x00037880,-,-,Scale first selector from retail value register,
generated_1C2C60,func_15196330,0x034,0xAFA3001C,0xAFA2001C,-,-,Spill retail record-pointer register across callback,
generated_1C2C60,func_15196330,0x040,0x8FA3001C,0x8FA2001C,-,-,Reload retail record-pointer register after callback,
generated_1C2C60,func_15196330,0x044,0x80620062,0x80430062,-,-,Load second selector through retail value register,
generated_1C2C60,func_15196330,0x050,0x10410006,0x10610006,-,-,Test second selector in retail value register,
generated_1C2C60,func_15196330,0x054,0x0002C080,0x0003C080,-,-,Scale second selector from retail value register,
generated_1C2C60,func_151963B4,0x018,0x8DC30098,0x8DC20098,-,-,Keep record pointer in retail value register,
generated_1C2C60,func_151963B4,0x01C,0x80620065,0x80430065,-,-,Load first selector through retail value register,
generated_1C2C60,func_151963B4,0x020,0x10410008,0x10610008,-,-,Test first selector in retail value register,
generated_1C2C60,func_151963B4,0x024,0x00027880,0x00037880,-,-,Scale first selector from retail value register,
generated_1C2C60,func_151963B4,0x034,0xAFA3001C,0xAFA2001C,-,-,Spill retail record-pointer register across callback,
generated_1C2C60,func_151963B4,0x040,0x8FA3001C,0x8FA2001C,-,-,Reload retail record-pointer register after callback,
generated_1C2C60,func_151963B4,0x044,0x80620062,0x80430062,-,-,Load second selector through retail value register,
generated_1C2C60,func_151963B4,0x050,0x10410006,0x10610006,-,-,Test second selector in retail value register,
generated_1C2C60,func_151963B4,0x054,0x0002C080,0x0003C080,-,-,Scale second selector from retail value register,
generated_20AE20,func_151E81EC,0x000,0x3C020000,0x3C010000,R_MIPS_HI16:D_800E0BA0,R_MIPS_HI16:D_800E0BA4,Use retail first paired-store high half,
generated_20AE20,func_151E81EC,0x004,0x24420000,0xAC200000,R_MIPS_LO16:D_800E0BA0,R_MIPS_LO16:D_800E0BA4,Store the second word through the retail temporary,
generated_20AE20,func_151E81EC,0x008,0xAC400004,0xAC200000,-,R_MIPS_LO16:D_800E0BA0,Store the first word through the retained retail high half,
generated_20AE20,func_151E81EC,0x00C,0xAC400000,0x3C010000,-,R_MIPS_HI16:D_800E0BA8,Use retail second paired-store high half,
generated_20AE20,func_151E81EC,0x010,0xAC400008,0xAC200000,-,R_MIPS_LO16:D_800E0BA8,Store the third word through the retail temporary,
generated_20AE20,func_151E81EC,0x014,0xAC40000C,0xAC200000,-,R_MIPS_LO16:D_800E0BAC,Store the fourth word through the retained retail high half,
generated_58F80,func_1502EE8C,0x038,0x50200004,0x14200008,-,-,Use the retail ordinary low-value branch,,,false
generated_58F80,func_1502EE8C,0x03C,0x28410004,0x00401825,-,-,Copy the raw byte into the retail result register,,,false
generated_58F80,func_1502EE8C,0x040,0x10000006,0x28410004,-,-,Compare the raw byte with the upper pair bound,,,false
generated_58F80,func_1502EE8C,0x044,0x00401825,0x14200003,-,-,Branch to the retail middle-pair assignment,,,false
generated_58F80,func_1502EE8C,0x048,0x28410004,0x00000000,-,-,Keep the retail empty comparison delay slot,,,false
generated_58F80,func_1502EE8C,0x04C,0x10200003,0x10000003,-,-,Skip the middle-pair assignment after the high clamp,,,false
generated_58F80,func_1502EA0C,0x010,0x241800FF,0x00054400,-,-,Schedule the first packed-byte shift before the byte stores,
generated_58F80,func_1502EA0C,0x014,0xA09800A7,0x00065200,-,-,Schedule the second packed-byte shift before the byte stores,
generated_58F80,func_1502EA0C,0x01C,0x8FB90010,0x8FB80010,-,-,Load the high packed byte in the retail temporary,
generated_58F80,func_1502EA0C,0x020,0x00054C00,0x240D00FF,-,-,Load the trailing-byte constant after the stack argument,
generated_58F80,func_1502EA0C,0x024,0x00065A00,0xA08D00A7,-,-,Store the trailing byte in retail order,
generated_58F80,func_1502EA0C,0x028,0x00194600,0x0018CE00,-,-,Shift the high packed byte in the retail temporary,
generated_58F80,func_1502EA0C,0x02C,0x01095025,0x03284825,-,-,Combine the first two packed-byte components,
generated_58F80,func_1502EA0C,0x030,0x014B6025,0x012A5825,-,-,Combine the third packed-byte component,
generated_58F80,func_1502EA0C,0x034,0x01876825,0x01676025,-,-,Combine the final packed-byte component,
generated_58F80,func_1502EA0C,0x038,0xAC8D00A0,0xAC8C00A0,-,-,Store the packed word from the retail result register,
generated_C1D70,func_15094F40,0x000,0x3C0F0000,0x00801825,R_MIPS_HI16:D_800873D0,-,Preserve the original display-list cursor,
generated_C1D70,func_15094F40,0x004,0x3C0EDE00,0x3C0F0000,-,R_MIPS_HI16:D_800873D0,Resolve the display-list target before the command constant,
generated_C1D70,func_15094F40,0x00C,0xAC8E0000,0x3C0EDE00,-,-,Load the display-list command after the target address,
generated_C1D70,func_15094F40,0x010,0xAC8F0004,0xAC6E0000,-,-,Store the command through the preserved cursor,
generated_C1D70,func_15094F40,0x014,0x3C010000,0xAC6F0004,R_MIPS_HI16:D_800D2CA0,-,Store the target through the preserved cursor,
generated_C1D70,func_15094F40,0x018,0x24820008,0x24840008,-,-,Advance the display-list cursor before clearing state,
generated_C1D70,func_15094F40,0x01C,0xAC200000,0x3C010000,R_MIPS_LO16:D_800D2CA0,R_MIPS_HI16:D_800D2CA0,Move the global-clear high half after the cursor update,
generated_C1D70,func_15094F40,0x020,0x03E00008,0xAC200000,-,R_MIPS_LO16:D_800D2CA0,Clear display-list state before returning,0x00801025
generated_C1D70,func_15094F40,0x024,0x00000000,0x03E00008,-,-,Return after copying the advanced cursor,0x00000000
generated_C1D70,func_15096934,0x000,0x3C0F0000,0x00801825,R_MIPS_HI16:D_80087408,-,Preserve the original display-list cursor,
generated_C1D70,func_15096934,0x004,0x3C0EDE00,0x3C0F0000,-,R_MIPS_HI16:D_80087408,Resolve the display-list target before the command constant,
generated_C1D70,func_15096934,0x00C,0xAC8E0000,0x3C0EDE00,-,-,Load the display-list command after the target address,
generated_C1D70,func_15096934,0x010,0xAC8F0004,0xAC6E0000,-,-,Store the command through the preserved cursor,
generated_C1D70,func_15096934,0x014,0x3C010000,0xAC6F0004,R_MIPS_HI16:D_800D2DAB,-,Store the target through the preserved cursor,
generated_C1D70,func_15096934,0x018,0x24820008,0x24840008,-,-,Advance the display-list cursor before clearing state,
generated_C1D70,func_15096934,0x01C,0xA0200000,0x3C010000,R_MIPS_LO16:D_800D2DAB,R_MIPS_HI16:D_800D2DAB,Move the state-byte high half after the cursor update,
generated_C1D70,func_15096934,0x020,0x03E00008,0xA0200000,-,R_MIPS_LO16:D_800D2DAB,Clear the state byte before returning,0x00801025
generated_C1D70,func_15096934,0x024,0x00000000,0x03E00008,-,-,Return after copying the advanced cursor,0x00000000
generated_15F680,func_15133A50,0x000,0x44801000,0x44800000,-,-,Keep the shared zero value in f0,
generated_15F680,func_15133A50,0x018,0xE4820044,0xE4800044,-,-,Clear field 0x44 from f0,
generated_15F680,func_15133A50,0x01C,0xE4820048,0xE4800048,-,-,Clear field 0x48 from f0,
generated_15F680,func_15133A50,0x020,0x46062000,0x46062200,-,-,Keep the pending sum in f8,
generated_15F680,func_15133A50,0x024,0xE482004C,0xE480004C,-,-,Clear field 0x4C from f0,
generated_15F680,func_15133A50,0x028,0xE4820050,0xE4800050,-,-,Clear field 0x50 from f0,
generated_15F680,func_15133A50,0x02C,0xE4820054,0xE4800054,-,-,Clear field 0x54 from f0,
generated_15F680,func_15133A50,0x030,0xE480003C,0xE488003C,-,-,Store the pending sum from f8,
generated_15F680,func_15133A50,0x034,0xE4820058,0xE4800058,-,-,Clear field 0x58 from f0,
generated_185560,func_151581D8,0x004,0xAFBF0024,0xAFA5002C,-,-,Spill arg1 before saving ra,
generated_185560,func_151581D8,0x008,0xAFA5002C,0xAFA70034,-,-,Spill arg3 after arg1,
generated_185560,func_151581D8,0x00C,0xAFA60030,0x93A7002F,-,-,Narrow arg1 into a3 before saving ra,
generated_185560,func_151581D8,0x010,0xAFA70034,0xAFBF0024,-,-,Save ra after preparing a3,
generated_185560,func_151581D8,0x014,0x8FAE0030,0xAFA60030,-,-,Spill arg2 after saving ra,
generated_185560,func_151581D8,0x018,0x93AF0037,0x8FAE0030,-,-,Reload forwarded arg2 into t6,
generated_185560,func_151581D8,0x01C,0x8FB80038,0x93AF0037,-,-,Narrow forwarded arg3 into t7,
generated_185560,func_151581D8,0x020,0x00002825,0x8FB80038,-,-,Load forwarded arg4 into t8,
generated_185560,func_151581D8,0x024,0x00003025,0x00002825,-,-,Clear the second call argument,
generated_185560,func_151581D8,0x028,0x93A7002F,0x00003025,-,-,Clear the third call argument,
game_981E0,func_1506D6B4,0x01C,0x46040032,0x46002032,-,-,Preserve retail's commutative floating comparison operand order,,,false
game_981E0,func_1506D6B4,0x070,0x8C790000,0x8C680000,-,-,Load the packed state through retail's t0 lifetime,,,false
game_981E0,func_1506D6B4,0x074,0x0002C600,0x0002CE00,-,-,Shift the selected state through retail's t9 lifetime,,,false
game_981E0,func_1506D6B4,0x078,0x3328FFFF,0x3109FFFF,-,-,Mask the prior packed state through retail's t1 lifetime,,,false
game_981E0,func_1506D6B4,0x07C,0x03084825,0x03295025,-,-,Merge the packed state through retail's t2 lifetime,,,false
game_981E0,func_1506D6B4,0x084,0xAC690000,0xAC6A0000,-,-,Store the packed state from retail's t2 lifetime,,,false
game_981E0,func_150717E0,0x014,0x10400009,0x1040000A,-,-,Extend the null branch over the preserved local pointer,
game_981E0,func_150717E0,0x024,0x24050043,0xAFA40018,-,-,Preserve the local record pointer across the first call,
game_981E0,func_150717E0,0x028,0x0C000000,0x24050043,R_MIPS_26:func_15131D4C,-,Load the first call tag after preserving the pointer,
game_981E0,func_150717E0,0x02C,0xA3AE0024,0x0C000000,-,R_MIPS_26:func_15131D4C,Move the first call after its tag load,
game_981E0,func_150717E0,0x030,0x27A40020,0xA3AE0024,-,-,Fill the first call delay slot with the unique identifier store,
game_981E0,func_150717E0,0x034,0x0C000000,0x8FA40018,R_MIPS_26:func_151494E0,-,Reload the preserved pointer before the second call,
game_981E0,func_150717E0,0x038,0x24050043,0x0C000000,-,R_MIPS_26:func_151494E0,Move the second call after the pointer reload,
game_981E0,func_150717E0,0x03C,0x8FBF0014,0x24050043,-,-,Fill the second call delay slot with its tag,
game_981E0,func_150717E0,0x040,0x27BD0028,0x8FBF0014,-,-,Restore ra after the second call,
game_981E0,func_150717E0,0x044,0x03E00008,0x27BD0028,-,-,Restore the stack before returning,
game_981E0,func_150717E0,0x048,0x00000000,0x03E00008,-,-,Return in the final instruction pair,
game_981E0,func_15074A94,0x09C,0xC42C0000,0xC4320000,R_MIPS_LO16:D_8009A0F4,R_MIPS_LO16:D_8009A0F4,Keep the interpolation floor in f18,
game_981E0,func_15074A94,0x0A0,0x46100481,0x46100101,-,-,Keep the distance numerator in f4,
game_981E0,func_15074A94,0x0A8,0xC4240000,0xC4260000,R_MIPS_LO16:D_8009A0F8,R_MIPS_LO16:D_8009A0F8,Load the interpolation denominator into f6,
game_981E0,func_15074A94,0x0AC,0x460C7201,0x46127301,-,-,Keep the field distance in f12,
game_981E0,func_15074A94,0x0B0,0x46049183,0x46062203,-,-,Keep the normalized factor in f8,
game_981E0,func_15074A94,0x0B4,0x46083282,0x460C4282,-,-,Multiply the normalized factor by the field distance,
game_981E0,func_15074A94,0x0B8,0x460C5080,0x46125080,-,-,Add the preserved interpolation floor into f2,
game_981E0,func_15074A94,0x0C8,0xC4520158,0xC4440158,-,-,Reload the chained field value through f4,
game_981E0,func_15074A94,0x0CC,0xE4520154,0xE4440154,-,-,Store the chained field value from f4,
game_981E0,func_15074A94,0x0D4,0xC4240000,0xC4260000,R_MIPS_LO16:D_8009A0FC,R_MIPS_LO16:D_8009A0FC,Load the terminal constant into f6,
game_981E0,func_15074A94,0x0D8,0xE5C4015C,0xE5C6015C,-,-,Store the terminal constant from f6,
generated_E4070,func_150B6D34,0x000,0x3C020000,0x3C030000,R_MIPS_HI16:D_800D9898,R_MIPS_HI16:D_800D9898,Keep the entry cursor in v1,
generated_E4070,func_150B6D34,0x008,0x24420000,0x24A50000,R_MIPS_LO16:D_800D9898,R_MIPS_LO16:D_800D98A4,Resolve the end pointer before the entry cursor,
generated_E4070,func_150B6D34,0x00C,0x24A50000,0x24630000,R_MIPS_LO16:D_800D98A4,R_MIPS_LO16:D_800D9898,Resolve the entry cursor in v1,
generated_E4070,func_150B6D34,0x014,0x8C430014,0x8C620014,-,-,Load the current record pointer into v0,
generated_E4070,func_150B6D34,0x018,0x24420004,0x24630004,-,-,Advance the entry cursor in v1,
generated_E4070,func_150B6D34,0x01C,0x10600002,0x10400002,-,-,Test the current record pointer in v0,
generated_E4070,func_150B6D34,0x024,0xAC640020,0xAC440020,-,-,Store the active flag through the v0 record pointer,
generated_E4070,func_150B6D34,0x028,0x5445FFFB,0x5465FFFB,-,-,Compare the v1 cursor with the end pointer,
generated_E4070,func_150B6D34,0x02C,0x8C430014,0x8C620014,-,-,Reload the next record pointer into v0,
generated_E4070,func_150B6D78,0x038,0x26100000,0x26310000,R_MIPS_LO16:D_800D9898,R_MIPS_LO16:D_800D98C0,Resolve the slot-array end before the current cursor,,,false
generated_E4070,func_150B6D78,0x03C,0x26310000,0x26100000,R_MIPS_LO16:D_800D98C0,R_MIPS_LO16:D_800D9898,Resolve the current cursor after the slot-array end,,,false
game_16DC80,func_15141564,0x054,0xAFA3001C,0xAFA30018,-,-,Preserve the phase base in the retail local slot,
game_16DC80,func_15141564,0x058,0x8FA3001C,0x8FA30018,-,-,Reload the phase base from the retail local slot,
generated_5D2C0,func_15031E2C,0x004,0x8C820038,0x8C830038,-,-,Keep the persistent counter in v1,
generated_5D2C0,func_15031E2C,0x00C,0x3C050000,0x3C180000,R_MIPS_HI16:D_800902BC,R_MIPS_HI16:D_800902BC,Use t8 for the table address high half,
generated_5D2C0,func_15031E2C,0x010,0x28410003,0x28610003,-,-,Test the persistent v1 counter,
generated_5D2C0,func_15031E2C,0x018,0x00401825,0x00601025,-,-,Copy the counter into the v0 table index,
generated_5D2C0,func_15031E2C,0x01C,0x01C21823,0x01C21023,-,-,Reflect the table index in v0,
generated_5D2C0,func_15031E2C,0x020,0x00037880,0x00027880,-,-,Scale the v0 table index,
generated_5D2C0,func_15031E2C,0x024,0x00AF2821,0x030FC021,-,-,Form the table address in t8,
generated_5D2C0,func_15031E2C,0x028,0x8CA50000,0x8F180000,R_MIPS_LO16:D_800902BC,R_MIPS_LO16:D_800902BC,Load the table value through t8,
generated_5D2C0,func_15031E2C,0x02C,0x24420001,0x24790001,-,-,Advance the persistent counter into t9,
generated_5D2C0,func_15031E2C,0x030,0x28410006,0x2B210006,-,-,Test the advanced t9 counter,
generated_5D2C0,func_15031E2C,0x034,0xAC820038,0xAC990038,-,-,Store the advanced t9 counter,
generated_5D2C0,func_15031E2C,0x03C,0xA4850018,0xA4980018,-,-,Store the table value from t8,
game_77AD0,func_1504BA38,0x03C,0x03191021,0x03191821,-,-,Keep the three-byte record pointer in v1,
game_77AD0,func_1504BA38,0x040,0x80430002,0x80650002,-,-,Load record byte two into a1,
game_77AD0,func_1504BA38,0x044,0x50600006,0x50A00006,-,-,Test record byte two in a1,
game_77AD0,func_1504BA38,0x048,0x80430001,0x80620001,-,-,Load record byte one into v0 on the zero path,
game_77AD0,func_1504BA38,0x054,0x80430001,0x80620001,-,-,Load record byte one into v0 on the occupied path,
game_77AD0,func_1504BA38,0x058,0xA08300AA,0xA08500AA,-,-,Store record byte two from a1,
game_77AD0,func_1504BA38,0x05C,0x80430001,0x80620001,-,-,Reload record byte one into v0,
game_77AD0,func_1504BA38,0x060,0x54600005,0x54400005,-,-,Test record byte one in v0,
game_77AD0,func_1504BA38,0x064,0x44834000,0x44824000,-,-,Move record byte one from v0 into f8,
game_77AD0,func_1504BA38,0x068,0x80490000,0x80690000,-,-,Load record byte zero through the v1 pointer,
game_77AD0,func_1504BA38,0x074,0x44834000,0x44824000,-,-,Move nonzero record byte one from v0 into f8,
game_77AD0,func_1504BA38,0x078,0x804A0000,0x806A0000,-,-,Load record byte zero through the v1 pointer for scaling,
generated_B3020,func_150882B0,0x000,0x3C030000,0x00802825,R_MIPS_HI16:D_800872A0,-,Preserve the original index in a1 before loading the global,
generated_B3020,func_150882B0,0x004,0x8C630000,0x3C030000,R_MIPS_LO16:D_800872A0,R_MIPS_HI16:D_800872A0,Move the global high half after the index copy,
generated_B3020,func_150882B0,0x008,0x00802825,0x8C630000,-,R_MIPS_LO16:D_800872A0,Move the global low half after its address load,
generated_B3020,func_150882B0,0x010,0x14600003,0x01C57021,-,-,Complete the 132-byte stride before the null branch,
generated_B3020,func_150882B0,0x014,0x01C57021,0x14600003,-,-,Schedule the null branch after the stride addition,
generated_B3020,func_150882B0,0x018,0x03E00008,0x000E7080,-,-,Fill the null branch delay slot with the final stride shift,
generated_B3020,func_150882B0,0x01C,0x00001025,0x03E00008,-,-,Move the null return after the stride shift,
generated_B3020,func_150882B0,0x020,0x000E7080,0x00001025,-,-,Return zero in the null return delay slot,
generated_B3020,func_150882B0,0x024,0x01C37821,0x01C32021,-,-,Form the final record pointer in a0,
generated_B3020,func_150882B0,0x028,0x81E20027,0x80820027,-,-,Load the signed byte through the a0 record pointer,
generated_B3020,func_1508B194,0x008,0x00047880,0x3C0F0000,-,R_MIPS_HI16:D_8008FDD4,Load the record-table address before scaling the index,
generated_B3020,func_1508B194,0x00C,0x3C180000,0x0004C080,R_MIPS_HI16:D_8008FDD4,-,Scale the record index in t8,
generated_B3020,func_1508B194,0x024,0x8F180000,0x8DEF0000,R_MIPS_LO16:D_8008FDD4,R_MIPS_LO16:D_8008FDD4,Load the record-table pointer through t7,
generated_B3020,func_1508B194,0x028,0x01E47823,0x0304C023,-,-,Continue the 12-byte stride in t8,
generated_B3020,func_1508B194,0x02C,0x000F7880,0x0018C080,-,-,Finish the 12-byte stride in t8,
generated_1104D0,func_150E33CC,0x014,0x8CC50000,0x8CC20000,-,-,Load the pointed value into v0,
generated_1104D0,func_150E33CC,0x018,0x14A00003,0x24040002,-,-,Materialize the call selector before testing the value,
generated_1104D0,func_150E33CC,0x01C,0x00000000,0x14400003,-,-,Test the pointed value in v0,
generated_1104D0,func_150E33CC,0x020,0x10000004,0x00000000,-,-,Keep the nonzero branch delay slot empty,
generated_1104D0,func_150E33CC,0x024,0x24020001,0x10000004,-,-,Move the zero-path join branch after the null test,
generated_1104D0,func_150E33CC,0x028,0x0C000000,0x24020001,R_MIPS_26:func_1000E7A0,-,Return one in the zero-path branch delay slot,
generated_1104D0,func_150E33CC,0x02C,0x24040002,0x0C000000,-,R_MIPS_26:func_1000E7A0,Move the call after the zero-return path,
generated_1104D0,func_150E33CC,0x030,0x00001025,0x00402825,-,-,Move the pointed value from v0 to a1 in the call delay slot,
generated_1104D0,func_150E33CC,0x034,0x8FBF0014,0x00001025,-,-,Set the successful return value after the call,
generated_1104D0,func_150E33CC,0x038,0x27BD0018,0x8FBF0014,-,-,Restore ra after setting the return value,
generated_1104D0,func_150E33CC,0x03C,0x03E00008,0x27BD0018,-,-,Close the stack frame before returning,
generated_1104D0,func_150E33CC,0x040,0x00000000,0x03E00008,-,-,Move the return before the final padding nop,
game_161520,func_151355B8,0x068,0x8C820010,0x8C8D0010,-,-,Load the masked field into t5 on the word-match path,
game_161520,func_151355B8,0x07C,0x8C820010,0x8C8D0010,-,-,Load the masked field into t5 on the byte-match path,
game_161520,func_151355B8,0x084,0x00416824,0x01A17024,-,-,Write the masked result into t6,
game_161520,func_151355B8,0x088,0xAC8D0010,0xAC8E0010,-,-,Store the masked t6 result first,
game_161520,func_151355B8,0x08C,0xAC8D0010,0xAC8E0010,-,-,Retain the duplicate masked t6 store,
generated_20AE20,func_151E5FAC,0x00C,0x11C0000A,0x3C020000,-,R_MIPS_HI16:D_8008FD90,Preload the final fallback address before testing the flag,
generated_20AE20,func_151E5FAC,0x010,0x00000000,0x11C0000A,-,-,Move the flag branch after the fallback address preload,
generated_20AE20,func_151E5FAC,0x014,0x80630000,0x00000000,R_MIPS_LO16:D_8008FD8C,-,Keep the flag branch delay slot empty,
generated_20AE20,func_151E5FAC,0x018,0x3C020000,0x80630000,R_MIPS_HI16:D_8008FD90,R_MIPS_LO16:D_8008FD8C,Load the candidate signed byte after the flag test,
generated_20AE20,func_151E5FAC,0x01C,0x28610005,0x3C020000,-,R_MIPS_HI16:D_8008FD90,Rematerialize the fallback address before the threshold test,
generated_20AE20,func_151E5FAC,0x020,0x14200003,0x28610005,-,-,Move the signed threshold comparison after the address preload,
generated_20AE20,func_151E5FAC,0x024,0x00000000,0x14200003,-,-,Branch positively to the candidate return path,
generated_20AE20,func_151E5FAC,0x028,0x03E00008,0x00000000,-,-,Keep the threshold branch delay slot empty,
generated_20AE20,func_151E5FAC,0x02C,0x80420000,0x03E00008,R_MIPS_LO16:D_8008FD90,-,Return directly on the flagged fallback path,
generated_20AE20,func_151E5FAC,0x030,0x03E00008,0x80420000,-,R_MIPS_LO16:D_8008FD90,Load the flagged fallback in the return delay slot,
generated_20AE20,func_151E5FAC,0x034,0x00601025,0x03E00008,-,-,Move the candidate return after the fallback path,
generated_20AE20,func_151E5FAC,0x038,0x3C020000,0x00601025,R_MIPS_HI16:D_8008FD90,-,Return the candidate signed byte in the delay slot,
game_2DF70,func_15002560,0x048,0x00448821,0x00828821,-,-,Add the child offset to the current node with the base first,
game_2DF70,func_15002560,0x060,0x03118021,0x02388021,-,-,Add the sibling offset to the child node with the base first,
generated_61D10,func_150356C8,0x010,0x3C190000,0x3C080000,R_MIPS_HI16:D_800C3F08,R_MIPS_HI16:D_800C3F08,Keep the record-table address in t0,
generated_61D10,func_150356C8,0x018,0x27390000,0x246E0001,R_MIPS_LO16:D_800C3F08,-,Increment the slot byte in t6 in the branch delay slot,
generated_61D10,func_150356C8,0x024,0x24630001,0x31CF00FF,-,-,Narrow the incremented slot into t7,
generated_61D10,func_150356C8,0x028,0x306E00FF,0x000FC080,-,-,Start the 12-byte stride in t8,
generated_61D10,func_150356C8,0x02C,0x000E7880,0x030FC023,-,-,Continue the 12-byte stride in t8,
generated_61D10,func_150356C8,0x030,0x01EE7823,0x0018C080,-,-,Finish the 12-byte stride in t8,
generated_61D10,func_150356C8,0x034,0x000F7880,0x2719FFF4,-,-,Select the previous record offset in t9,
generated_61D10,func_150356C8,0x038,0x25F8FFF4,0x25080000,-,R_MIPS_LO16:D_800C3F08,Materialize the record-table address in t0,
generated_61D10,func_150356C8,0x040,0x03191021,0x03281021,-,-,Add the record offset to the table address,
game_A28B0,func_1507A3E8,0x004,0x3C180000,0x91CF0000,R_MIPS_HI16:D_800D1891,R_MIPS_LO16:D_800D1890,Load the first packed byte immediately after its address,
game_A28B0,func_1507A3E8,0x008,0x93180000,0x3C190000,R_MIPS_LO16:D_800D1891,R_MIPS_HI16:D_800D1891,Materialize the second packed-byte address in t9,
game_A28B0,func_1507A3E8,0x00C,0x91CE0000,0x93280000,R_MIPS_LO16:D_800D1890,R_MIPS_LO16:D_800D1891,Load the second packed byte into t0,
game_A28B0,func_1507A3E8,0x010,0x3C090000,0x3C0B0000,R_MIPS_HI16:D_800D1892,R_MIPS_HI16:D_800D1892,Materialize the third packed-byte address in t3,
game_A28B0,func_1507A3E8,0x014,0x91290000,0x916C0000,R_MIPS_LO16:D_800D1892,R_MIPS_LO16:D_800D1892,Load the third packed byte into t4,
game_A28B0,func_1507A3E8,0x018,0x3C0C0000,0x000FC600,R_MIPS_HI16:D_800D1893,-,Shift the first packed byte from t7 into t8,
game_A28B0,func_1507A3E8,0x01C,0x918C0000,0x3C0F0000,R_MIPS_LO16:D_800D1893,R_MIPS_HI16:D_800D1893,Materialize the fourth packed-byte address in t7,
game_A28B0,func_1507A3E8,0x020,0x0018CC00,0x91F90000,-,R_MIPS_LO16:D_800D1893,Load the fourth packed byte into t9,
game_A28B0,func_1507A3E8,0x024,0x000E7E00,0x00084C00,-,-,Shift the second packed byte from t0 into t1,
game_A28B0,func_1507A3E8,0x028,0x01F94025,0x03095025,-,-,Merge the first two packed bytes into t2,
game_A28B0,func_1507A3E8,0x02C,0x00095200,0x000C6A00,-,-,Shift the third packed byte from t4 into t5,
game_A28B0,func_1507A3E8,0x030,0x010A5825,0x014D7025,-,-,Merge the first three packed bytes into t6,
game_A28B0,func_1507A3E8,0x034,0x016C1025,0x01D91025,-,-,Merge the fourth packed byte into the return value,
generated_AC030,func_1507FF94,0x004,0x00803025,0xAFBF0014,-,-,Save the return address before preparing the local record,
generated_AC030,func_1507FF94,0x008,0x27A40020,0x00803025,-,-,Retain the incoming record pointer in a2,
generated_AC030,func_1507FF94,0x00C,0xAFBF0014,0xAFA60020,-,-,Store the target pointer into the local record,
generated_AC030,func_1507FF94,0x010,0xAFA60020,0x90CE003B,-,-,Load the record code through the retained target pointer,
generated_AC030,func_1507FF94,0x014,0x90CE003B,0x27A40020,-,-,Form the local record address after its field loads,
game_16DC80,func_1514143C,0x000,0x8C820154,0x8C8E0154,-,-,Load the output vertex into t6 for the null check,
game_16DC80,func_1514143C,0x004,0x10400009,0x11C0000B,-,-,Branch on the retained t6 value across the retail-sized body,
game_16DC80,func_1514143C,0x008,0x00000000,0x00000000,-,-,Materialize the embedded object base after the branch delay slot,0x24820110
game_16DC80,func_1514143C,0x00C,0xC4840034,0x8C4F0044,-,-,Reload the output vertex through the embedded base into t7,
game_16DC80,func_1514143C,0x010,0xE4440000,0xC4840034,-,-,Load the source x component after its destination pointer,
game_16DC80,func_1514143C,0x014,0x8C8E0154,0xE5E40000,-,-,Store the x component through t7,
game_16DC80,func_1514143C,0x018,0xC4860038,0x8C580044,-,-,Reload the output vertex through the embedded base into t8,
game_16DC80,func_1514143C,0x01C,0xE5C60004,0xC4860038,-,-,Load the source y component after its destination pointer,
game_16DC80,func_1514143C,0x020,0x8C8F0154,0xE7060004,-,-,Store the y component through t8,
game_16DC80,func_1514143C,0x024,0xC488003C,0x8C590044,-,-,Reload the output vertex through the embedded base into t9,
game_16DC80,func_1514143C,0x028,0xE5E80008,0xC488003C,-,-,Load the source z component after its destination pointer,
game_16DC80,func_1514143C,0x02C,0x03E00008,0xE7280008,-,-,Store the z component through t9,
game_16DC80,func_1514143C,0x030,0x00000000,0x03E00008,-,-,Move the return into the final retail instruction pair,0x00000000
game_16EE20,func_15144B68,0x008,0x46006086,0x460C003C,-,-,Compare the period before copying the input into the result register,
game_16EE20,func_15144B68,0x00C,0x460C003C,0x46006086,-,-,Copy the input while the floating-point compare settles,
generated_1C2C60,func_1519582C,0x000,0x3C0E0000,0x3C020000,R_MIPS_HI16:D_800E08E4,R_MIPS_HI16:D_800E08E4,Keep the first reset pointer in v0,
generated_1C2C60,func_1519582C,0x004,0x25CE0000,0x3C030000,R_MIPS_LO16:D_800E08E4,R_MIPS_HI16:D_800E08EC,Preload the second reset pointer in v1,
generated_1C2C60,func_1519582C,0x008,0xADC00000,0x24630000,-,R_MIPS_LO16:D_800E08EC,Complete the second reset pointer before the first,
generated_1C2C60,func_1519582C,0x00C,0x3C010000,0x24420000,R_MIPS_HI16:D_800E08E0,R_MIPS_LO16:D_800E08E4,Complete the first reset pointer in v0,
generated_1C2C60,func_1519582C,0x010,0xAC200000,0xAC400000,R_MIPS_LO16:D_800E08E0,-,Clear the first pointer-backed global through v0,
generated_1C2C60,func_1519582C,0x014,0x3C0F0000,0x3C010000,R_MIPS_HI16:D_800E08EC,R_MIPS_HI16:D_800E08E0,Materialize the direct reset address after the first store,
generated_1C2C60,func_1519582C,0x018,0x25EF0000,0xAC200000,R_MIPS_LO16:D_800E08EC,R_MIPS_LO16:D_800E08E0,Clear the direct reset global before consuming v1,
generated_1C2C60,func_1519582C,0x01C,0xADE00000,0xAC600000,-,-,Clear the second pointer-backed global through v1,
generated_1D4E00,func_151A931C,0x010,0x14C1000A,0x14C1000B,-,-,Extend the set-event branch across the restored return delay slot,
generated_1D4E00,func_151A931C,0x024,0x15F80010,0x15F80011,-,-,Extend the identity-mismatch branch across the restored return delay slot,
generated_1D4E00,func_151A931C,0x034,0x03E00008,0xA0480000,-,-,Store the set flag before returning,
generated_1D4E00,func_151A931C,0x038,0xA0480000,0x03E00008,-,-,Move the early return after the set store,0x00000000,,false
generated_1D4E00,func_151A8584,0x008,0xAFA40018,0xAFA40018,-,-,Omit IDO's early object spill before the callback-table lookup,,,true
generated_1D4E00,func_151A8584,0x00C,0x8FAE0018,0x908E005C,-,-,Load the callback selector directly from the incoming object,,,false
generated_1D4E00,func_151A8584,0x014,0x91CF005C,0x000E7880,-,-,Scale the callback selector through retail's t7 lifetime,,,false
generated_1D4E00,func_151A8584,0x018,0x000FC080,0x004F1021,-,-,Index the first callback table through v0,,,false
generated_1D4E00,func_151A8584,0x01C,0x00581021,0x8C420000,-,R_MIPS_LO16:D_8008F94C,Load the first optional callback through v0,,,false
generated_1D4E00,func_151A8584,0x020,0x8C420000,0x10400004,R_MIPS_LO16:D_8008F94C,-,Branch around the indirect call and callback-path object reload,,,false
generated_1D4E00,func_151A8584,0x024,0x10400003,0x00000000,-,-,Restore the null-callback branch delay slot,,,false
generated_1D4E00,func_151A8584,0x028,0x00000000,0x0040F809,-,-,Move the optional indirect call into retail's callback slot,,,false
generated_1D4E00,func_151A8584,0x02C,0x0040F809,0xAFA40018,-,-,Spill the object in the indirect-call delay slot,,,false
generated_1D4E00,func_151A8584,0x030,0x00000000,0x8FA40018,-,-,Reload the object after the optional callback,,,false
generated_1D4E00,func_151A8584,0x038,0x8FA40018,0xAFA40018,-,-,Preserve the object across the shared teardown call,,,false
generated_1D4E00,func_151A85D4,0x008,0xAFA40018,0xAFA40018,-,-,Omit IDO's early object spill before the callback-table lookup,,,true
generated_1D4E00,func_151A85D4,0x00C,0x8FAE0018,0x908E005C,-,-,Load the callback selector directly from the incoming object,,,false
generated_1D4E00,func_151A85D4,0x014,0x91CF005C,0x000E7880,-,-,Scale the callback selector through retail's t7 lifetime,,,false
generated_1D4E00,func_151A85D4,0x018,0x000FC080,0x004F1021,-,-,Index the second callback table through v0,,,false
generated_1D4E00,func_151A85D4,0x01C,0x00581021,0x8C420000,-,R_MIPS_LO16:D_8008F958,Load the second optional callback through v0,,,false
generated_1D4E00,func_151A85D4,0x020,0x8C420000,0x10400004,R_MIPS_LO16:D_8008F958,-,Branch around the indirect call and callback-path object reload,,,false
generated_1D4E00,func_151A85D4,0x024,0x10400003,0x00000000,-,-,Restore the null-callback branch delay slot,,,false
generated_1D4E00,func_151A85D4,0x028,0x00000000,0x0040F809,-,-,Move the optional indirect call into retail's callback slot,,,false
generated_1D4E00,func_151A85D4,0x02C,0x0040F809,0xAFA40018,-,-,Spill the object in the indirect-call delay slot,,,false
generated_1D4E00,func_151A85D4,0x030,0x00000000,0x8FA40018,-,-,Reload the object after the optional callback,,,false
generated_1D4E00,func_151A85D4,0x038,0x8FA40018,0xAFA40018,-,-,Preserve the object across the shared teardown call,,,false
game_D5030,func_150A7B80,0x000,0x08000000,0x24080001,R_MIPS_26:__retail_overflow_func_150A7B80,-,Replace the oversized C trampoline with the retail constant load,
game_D5030,func_150A7B80,0x004,0x00000000,0xFC800000,-,-,Clear matrix word pair 0 with one 64-bit store,
game_D5030,func_150A7B80,0x008,0x00000000,0xFC800008,-,-,Clear matrix word pair 1 with one 64-bit store,
game_D5030,func_150A7B80,0x00C,0x00000000,0xFC800010,-,-,Clear matrix word pair 2 with one 64-bit store,
game_D5030,func_150A7B80,0x010,0x00000000,0xFC800018,-,-,Clear matrix word pair 3 with one 64-bit store,
game_D5030,func_150A7B80,0x014,0x00000000,0xFC800020,-,-,Clear matrix word pair 4 with one 64-bit store,
game_D5030,func_150A7B80,0x018,0x00000000,0xFC800028,-,-,Clear matrix word pair 5 with one 64-bit store,
game_D5030,func_150A7B80,0x01C,0x00000000,0xFC800030,-,-,Clear matrix word pair 6 with one 64-bit store,
game_D5030,func_150A7B80,0x020,0x00000000,0xFC800038,-,-,Clear matrix word pair 7 with one 64-bit store,
game_D5030,func_150A7B80,0x024,0x00000000,0xA4880000,-,-,Write the first fixed-point diagonal element,
game_D5030,func_150A7B80,0x028,0x00000000,0xA488000A,-,-,Write the second fixed-point diagonal element,
game_D5030,func_150A7B80,0x02C,0x00000000,0xA4880014,-,-,Write the third fixed-point diagonal element,
game_D5030,func_150A7B80,0x030,0x00000000,0x03E00008,-,-,Return after the third diagonal store,
game_D5030,func_150A7B80,0x034,0x00000000,0xA488001E,-,-,Write the fourth diagonal element in the return delay slot,
game_D5160,func_150A7CB0,0x040,0xAC800038,0xE484003C,-,-,Store the floating identity element before returning,
game_D5160,func_150A7CB0,0x044,0xE484003C,0x03E00008,-,-,Restore the retail return position,
game_D5160,func_150A7CB0,0x048,0x03E00008,0xAC800038,-,-,Clear the final matrix word in the return delay slot,
game_D5250,func_150A7DA0,0x004,0x44810000,0x44812000,-,-,Keep the shared identity constant in the retail FP register,
game_D5250,func_150A7DA0,0x00C,0xE4800000,0xE4840000,-,-,Store the first identity element through the retail FP register,
game_D5250,func_150A7DA0,0x01C,0xE4800014,0xE4840014,-,-,Store the second identity element through the retail FP register,
game_D5250,func_150A7DA0,0x030,0xE4800028,0xE4840028,-,-,Store the third identity element through the retail FP register,
game_D5250,func_150A7DA0,0x044,0xE480003C,0x03E00008,-,-,Restore the retail return position,
game_D5250,func_150A7DA0,0x048,0x03E00008,0xE484003C,-,-,Store the final identity element in the return delay slot,
generated_FC5F0,func_150CFE98,0x000,0x27BDFFD8,0x27BDFFE0,-,-,Use the retail 32-byte frame after source lifetime recovery,
generated_FC5F0,func_150CFE98,0x030,0xAFA60028,0xAFA60020,-,-,Spill the owner pointer in its retail incoming-argument slot,
generated_FC5F0,func_150CFE98,0x038,0xAFA3001C,0xAFA30018,-,-,Spill the buffer-state pointer in the retail local slot,
generated_FC5F0,func_150CFE98,0x03C,0x8FA3001C,0x8FA30018,-,-,Reload the buffer-state pointer from the retail local slot,
generated_FC5F0,func_150CFE98,0x040,0x8FA40028,0x8FA40020,-,-,Reload the owner pointer from its retail incoming-argument slot,
generated_FC5F0,func_150CFE98,0x058,0x8FA3001C,0x8FA30018,-,-,Reload the buffer-state pointer for the ready-bit update,
generated_FC5F0,func_150CFE98,0x06C,0x27BD0028,0x27BD0020,-,-,Release the retail 32-byte frame,
game_BC510,func_1508F060,0x000,0x3C020000,0x3C010000,R_MIPS_HI16:D_800D2460,R_MIPS_HI16:D_800D246D,Start with the first standalone state byte,
game_BC510,func_1508F060,0x004,0x24420000,0xA0200000,R_MIPS_LO16:D_800D2460,R_MIPS_LO16:D_800D246D,Clear the first standalone state byte,
game_BC510,func_1508F060,0x008,0x3C010000,0x3C010000,R_MIPS_HI16:D_800D246D,R_MIPS_HI16:D_800D247D,Prepare the second standalone state byte,
game_BC510,func_1508F060,0x00C,0xA0200000,0x24020002,R_MIPS_LO16:D_800D246D,-,Materialize selected row index two,
game_BC510,func_1508F060,0x010,0x3C010000,0x3C0F0000,R_MIPS_HI16:D_800D247D,R_MIPS_HI16:D_800D2460,Prepare the row table base,
game_BC510,func_1508F060,0x018,0xA040003D,0x25EF0000,-,R_MIPS_LO16:D_800D2460,Finish the row table base address,
game_BC510,func_1508F060,0x01C,0xA040004D,0x00027100,-,-,Scale selected row index by sixteen,0x01CF1821
game_BC510,func_1508F060,0x020,0xA040005D,0xA060001D,-,-,Clear selected row relative byte 0x1D,0xA060002D
game_BC510,func_1508F060,0x024,0xA040002D,0xA060003D,-,-,Clear selected row relative byte 0x3D,0xA060000D
generated_1BA1D0,func_1518F89C,0x008,0x0C000000,0xAFA40018,R_MIPS_26:func_150ADA68,-,Store the object argument before the sample call,
generated_1BA1D0,func_1518F89C,0x00C,0xAFA40018,0x0C000000,-,R_MIPS_26:func_150ADA68,Move the sample call after the argument-home store,0x00000000
generated_1BA1D0,func_1518F89C,0x014,0xC4840040,0x24820030,-,-,Retain the float-record base in v0,
generated_1BA1D0,func_1518F89C,0x018,0xC488003C,0xC4440010,-,-,Load the scale field through the retained base,
generated_1BA1D0,func_1518F89C,0x01C,0x46002182,0xC448000C,-,-,Load the base field through the retained base,
generated_1BA1D0,func_1518F89C,0x020,0x46083280,0x46040182,-,-,Multiply the sample by the scale in retail operand order,
generated_1BA1D0,func_1518F89C,0x024,0x0C000000,0x46083280,R_MIPS_26:func_1518F8E0,-,Add the stored base after the scaled sample,
generated_1BA1D0,func_1518F89C,0x028,0xE48A0030,0x0C000000,-,R_MIPS_26:func_1518F8E0,Move the update call after the float arithmetic,
generated_1BA1D0,func_1518F89C,0x02C,0x8FBF0014,0xE44A0000,-,-,Store the result through v0 in the call delay slot,
generated_1BA1D0,func_1518F89C,0x030,0x27BD0018,0x8FBF0014,-,-,Restore the return address after the update call,
generated_1BA1D0,func_1518F89C,0x034,0x03E00008,0x27BD0018,-,-,Restore the frame before returning,
generated_1BA1D0,func_1518F89C,0x038,0x00000000,0x03E00008,-,-,Move the return into the final instruction pair,
generated_1CC440,func_1519F3B8,0x000,0x27BDFFE8,0x27BDFFE0,-,-,Reserve the retail pointer spill slot,
generated_1CC440,func_1519F3B8,0x010,0xAFA40018,0xAFA40020,-,-,Move the object argument home above the larger frame,
generated_1CC440,func_1519F3B8,0x014,0x8FA40018,0x8FA40020,-,-,Reload the object from its retail home slot,
generated_1CC440,func_1519F3B8,0x01C,0xAC820058,0x24830058,-,-,Retain the four-word record base in v1,
generated_1CC440,func_1519F3B8,0x020,0x0C000000,0xAC620000,R_MIPS_26:func_1519F1C8,-,Store selector six through the retained base,
generated_1CC440,func_1519F3B8,0x024,0xAC80005C,0xAC600004,-,-,Clear the second word through the retained base,
generated_1CC440,func_1519F3B8,0x028,0x8FA40018,0x0C000000,-,R_MIPS_26:func_1519F1C8,Move the selector seven call after the first stores,
generated_1CC440,func_1519F3B8,0x02C,0x24830058,0xAFA30018,-,-,Spill the retained base in the call delay slot,0x8FA30018
generated_1CC440,func_1519F3B8,0x040,0x27BD0018,0x27BD0020,-,-,Restore the larger retail frame in the return delay slot,
generated_1E73B0,func_151BD750,0x004,0x3C010000,0x3C014000,R_MIPS_HI16:D_800AA860,-,Materialize the retail 2.0f bit pattern directly,
generated_1E73B0,func_151BD750,0x008,0xC4280000,0x44814000,R_MIPS_LO16:D_800AA860,-,Move the literal bit pattern into f8,
generated_1E73B0,func_151BD750,0x010,0x3C010000,0x3C010000,R_MIPS_HI16:D_800AA864,R_MIPS_HI16:D_800AA860,Load the scale before converting the source halfword,
generated_1E73B0,func_151BD750,0x014,0xC4300000,0xC4300000,R_MIPS_LO16:D_800AA864,R_MIPS_LO16:D_800AA860,Load the scale into retail f16,
generated_1E73B0,func_151BD750,0x018,0x46802320,0x468021A0,-,-,Convert the source halfword into f6,
generated_1E73B0,func_151BD750,0x01C,0x3C0E0000,0x3C010000,R_MIPS_HI16:D_800BE9E4,R_MIPS_HI16:D_800AA864,Begin loading the additive float into f4,
generated_1E73B0,func_151BD750,0x020,0x8DCE0000,0xC4240000,R_MIPS_LO16:D_800BE9E4,R_MIPS_LO16:D_800AA864,Finish loading the additive float into f4,
generated_1E73B0,func_151BD750,0x024,0x004E7821,0x3C0E0000,-,R_MIPS_HI16:D_800BE9E4,Begin loading the halfword increment after both floats,
generated_1E73B0,func_151BD750,0x028,0x460C6180,0x8DCE0000,-,R_MIPS_LO16:D_800BE9E4,Finish loading the halfword increment,
generated_1E73B0,func_151BD750,0x02C,0xA48F0080,0x46083282,-,-,Multiply the converted halfword by the materialized 2.0f,
generated_1E73B0,func_151BD750,0x030,0x46083282,0x004E7821,-,-,Compute the updated halfword between the float multiplies,
generated_1E73B0,func_151BD750,0x034,0x46105080,0xA48F0080,-,-,Store the updated halfword before the scale multiply,
generated_1E73B0,func_151BD750,0x038,0x46001006,0x46105482,-,-,Multiply the doubled value by the global scale,
generated_1E73B0,func_151BD750,0x03C,0x03E00008,0x46049080,-,-,Add the global offset after both multiplies,0x46001006
generated_1E73B0,func_151BD750,0x040,0x00000000,0x03E00008,-,-,Move the return after the restored result copy,0x00000000
game_981E0,func_150718E4,0x04C,0x3C090000,0x3C0B0000,R_MIPS_HI16:D_800D154C,R_MIPS_HI16:D_800D154C,Retain the actor pointer in t3 after the random call,
game_981E0,func_150718E4,0x050,0x8D290000,0x8D6B0000,R_MIPS_LO16:D_800D154C,R_MIPS_LO16:D_800D154C,Finish loading the actor pointer into t3,
game_981E0,func_150718E4,0x054,0x03A81821,0x03A84821,-,-,Address the selected source byte through t1,
game_981E0,func_150718E4,0x058,0x90630020,0x91290020,-,-,Keep the selected source byte in t1,
game_981E0,func_150718E4,0x05C,0x8D2A01D4,0x8D6C01D4,-,-,Load the actor child pointer into t4,
game_981E0,func_150718E4,0x064,0x00035980,0x00095180,-,-,Keep the shifted byte offset in t2,
game_981E0,func_150718E4,0x074,0x014B3021,0x014C3021,-,-,Combine the t2 byte offset with the t4 child pointer,
game_981E0,func_150718E4,0x078,0x3C0C0000,0x3C0D0000,R_MIPS_HI16:D_800D154C,R_MIPS_HI16:D_800D154C,Use t5 for the post-call actor reload,
game_981E0,func_150718E4,0x07C,0x8D8C0000,0x8DAD0000,R_MIPS_LO16:D_800D154C,R_MIPS_LO16:D_800D154C,Finish the post-call actor reload into t5,
game_981E0,func_150718E4,0x088,0xC5840180,0xC5A40180,-,-,Load the actor height through the retained t5 pointer,
generated_B3020,func_15088270,0x000,0x3C030000,0x00802825,R_MIPS_HI16:D_800872A0,-,Preserve the incoming table index in a1 first,
generated_B3020,func_15088270,0x004,0x8C630000,0x3C030000,R_MIPS_LO16:D_800872A0,R_MIPS_HI16:D_800872A0,Begin loading the table base into v1 after the index copy,
generated_B3020,func_15088270,0x008,0x00802825,0x8C630000,-,R_MIPS_LO16:D_800872A0,Finish loading the table base into v1,
generated_B3020,func_15088270,0x010,0x14600003,0x01C57021,-,-,Continue the record stride before the null branch,
generated_B3020,func_15088270,0x014,0x01C57021,0x14600003,-,-,Branch on the v1 table base after two stride operations,
generated_B3020,func_15088270,0x018,0x03E00008,0x000E7080,-,-,Finish the record stride in the branch delay slot,
generated_B3020,func_15088270,0x01C,0x00001025,0x03E00008,-,-,Move the null-table return after the full stride,
generated_B3020,func_15088270,0x020,0x000E7080,0x00001025,-,-,Return zero in the null-table delay slot,
generated_B3020,func_15088270,0x024,0x01C37821,0x01C32021,-,-,Form the record pointer in a0 from t6 and v1,
generated_B3020,func_15088270,0x028,0xC5E40014,0xC4840014,-,-,Load the result float through the a0 record pointer,
generated_B3020,func_15088218,0x000,0x3C030000,0x00802825,R_MIPS_HI16:D_800872A0,-,Preserve the incoming table index in a1 before loading the global,
generated_B3020,func_15088218,0x004,0x8C630000,0x3C030000,R_MIPS_LO16:D_800872A0,R_MIPS_HI16:D_800872A0,Move the table-base high half after the index copy,
generated_B3020,func_15088218,0x008,0x00802825,0x8C630000,-,R_MIPS_LO16:D_800872A0,Complete the table-base load in v1,
generated_B3020,func_15088218,0x010,0x14600003,0x01C57021,-,-,Complete the multiply-by-33 stride before the null branch,
generated_B3020,func_15088218,0x014,0x01C57021,0x14600003,-,-,Schedule the null branch after the stride addition,
generated_B3020,func_15088218,0x018,0x03E00008,0x000E7080,-,-,Finish the 132-byte stride in the null-branch delay slot,
generated_B3020,func_15088218,0x01C,0x00001025,0x03E00008,-,-,Move the null return after the full stride calculation,
generated_B3020,func_15088218,0x020,0x000E7080,0x00001025,-,-,Return zero in the null-return delay slot,
generated_B3020,func_15088218,0x04C,0x03191021,0x03381021,-,-,Add the fixed-point and truncated-float terms in retail operand order,
generated_1B5CC0,func_15188A58,0x008,0x54400004,0x5040000C,-,-,Branch to the null-head assignment when the loaded head is zero,
generated_1B5CC0,func_15188A58,0x00C,0x8C45000C,0xACA40000,-,-,Assign the new head in the null branch delay slot,
generated_1B5CC0,func_15188A58,0x010,0x03E00008,0x8C45000C,-,-,Load the first next pointer before initializing the previous-node cursor,
generated_1B5CC0,func_15188A58,0x014,0xACA40000,0x00401825,-,-,Initialize the previous-node cursor from the original head,
generated_1B5CC0,func_15188A58,0x018,0x8C45000C,0x10A00005,-,-,Branch directly to the append when the first next pointer is null,
generated_1B5CC0,func_15188A58,0x01C,0x00401825,0x00000000,-,-,Keep the first-next null branch delay slot empty,
generated_1B5CC0,func_15188A58,0x020,0x50A00006,0x00A01825,-,-,Advance the previous-node cursor before the traversal loop,
generated_1B5CC0,func_15188A58,0x024,0xAC64000C,0x8CA5000C,-,-,Load the following link through the a1 traversal cursor,
generated_1B5CC0,func_15188A58,0x028,0x00A01825,0x54A0FFFE,-,-,Loop while another linked node remains,
generated_1B5CC0,func_15188A58,0x02C,0x8CA5000C,0x00A01825,-,-,Advance the previous-node cursor in the loop branch delay slot,
generated_1B5CC0,func_15188A58,0x030,0x54A0FFFE,0x03E00008,-,-,Return immediately after reaching the tail node,
generated_1B5CC0,func_15188A58,0x034,0x00A01825,0xAC64000C,-,-,Append the new node in the return delay slot,
generated_1B5CC0,func_15188A58,0x038,0xAC64000C,0xACA40000,-,-,Retain retail's duplicated null-head assignment before the shared return,
generated_1EF500,func_151C4510,0x008,0xC4A40004,0xC4A60004,-,-,Load the first source component into f6,
generated_1EF500,func_151C4510,0x00C,0xC4800034,0xC4840034,-,-,Load the first destination component into f4,
generated_1EF500,func_151C4510,0x010,0xC4820038,0xC4900038,-,-,Retain the second destination component in f16,
generated_1EF500,func_151C4510,0x014,0x460C2182,0x460C3202,-,-,Multiply the first source component through f6 and f12,
generated_1EF500,func_151C4510,0x018,0xC48E003C,0x46082280,-,-,Complete the first scaled addition before the third destination preload,
generated_1EF500,func_151C4510,0x01C,0x46003200,0xC488003C,-,-,Preload the third destination component into f8,
generated_1EF500,func_151C4510,0x020,0xE4880034,0xE48A0034,-,-,Store the first updated destination component from f10,
generated_1EF500,func_151C4510,0x024,0xC4AA0008,0xC4B20008,-,-,Load the second source component into f18,
generated_1EF500,func_151C4510,0x028,0x460C5402,0x460C9182,-,-,Multiply the second source component through f18 and f12,
generated_1EF500,func_151C4510,0x02C,0x46028480,0x46068100,-,-,Add the second scaled component to retained f16,
generated_1EF500,func_151C4510,0x030,0xE4920038,0xE4840038,-,-,Store the second updated destination component from f4,
generated_1EF500,func_151C4510,0x034,0xC4A4000C,0xC4AA000C,-,-,Load the third source component into f10,
generated_1EF500,func_151C4510,0x038,0x460C2182,0x460C5482,-,-,Multiply the third source component through f10 and f12,
generated_1EF500,func_151C4510,0x03C,0x460E3200,0x46124400,-,-,Add the third scaled component to retained f8,
generated_1EF500,func_151C4510,0x040,0xE488003C,0xE490003C,-,-,Store the third updated destination component from f16,
generated_F4D20,func_150C78E0,0x00C,0x3C03FFFF,0x3C020000,-,R_MIPS_HI16:D_800DBEF4,Begin loading the global state pointer before the flag test,
generated_F4D20,func_150C78E0,0x010,0x3C020000,0x31CF0004,R_MIPS_HI16:D_800DBEF4,-,Test object flag 0x04 after the global high-half load,
generated_F4D20,func_150C78E0,0x014,0x31CF0004,0x55E0000B,-,-,Branch over the update when object flag 0x04 is set,
generated_F4D20,func_150C78E0,0x018,0x55E00009,0x8FBF0014,-,-,Reload ra in the taken branch delay slot,
generated_F4D20,func_150C78E0,0x01C,0x8FBF0014,0x8C420000,-,R_MIPS_LO16:D_800DBEF4,Finish loading the global state pointer on the update path,
generated_F4D20,func_150C78E0,0x020,0x8C420000,0x3C03FFFF,R_MIPS_LO16:D_800DBEF4,-,Materialize the high-half mask after the global pointer load,
generated_F4D20,func_150C78E0,0x024,0x8C58021C,0x8C58021C,-,-,Retain the source word load before the dead pointer advance,0x244201E0
generated_F4D20,func_150C7968,0x020,0x55E00008,0x55E00009,,,Account for the retained dead pointer advance on the update path,,
generated_F4D20,func_150C7968,0x028,0x8C83007C,0x8C420000,-,R_MIPS_LO16:D_800DBEF4,Finish loading the global state before the optional record pointer,,
generated_F4D20,func_150C7968,0x02C,0x8C420000,0x8C83007C,R_MIPS_LO16:D_800DBEF4,-,Load the optional record after the global state pointer,,
generated_F4D20,func_150C7968,0x030,0x10600003,0x8445021C,,,Read the signed source value before advancing the retained state pointer,0x244201E0,
generated_F4D20,func_150C7968,0x034,0x8445021C,0x10600002,,,Test the optional record after the retained pointer advance,,
generated_FC5F0,func_150CFE3C,0x01C,0x01E7C021,0x00EFC021,-,-,Add the object base before the scaled active buffer index,
generated_FC5F0,func_150CFE3C,0x02C,0x8FA70018,0x8FA70018,-,-,Retain the nested buffer-state base after reloading the object pointer,0x24E20028
generated_FC5F0,func_150CFE3C,0x030,0x90F9003D,0x90590015,-,-,Load the active buffer index from the nested state base,
generated_FC5F0,func_150CFE3C,0x034,0x90EB003C,0x904B0014,-,-,Load the active buffer size from the nested state base,
generated_FC5F0,func_150CFE3C,0x03C,0x00E84821,0x00484821,-,-,Index the active buffer pointer from the nested state base,
generated_FC5F0,func_150CFE3C,0x040,0x8D2A0040,0x8D2A0018,-,-,Load the active buffer pointer from nested state offset 0x18,
game_1944C0,func_15167010,0x000,0x27BDFFE0,0x27BDFFD8,-,-,Reserve retail's three-register callback traversal frame,
game_1944C0,func_15167010,0x004,0xAFBF001C,0xAFBF0024,-,-,Save ra at the top of the expanded frame,
game_1944C0,func_15167010,0x008,0xAFB10018,0xAFB20020,-,-,Save the table end pointer in s2,
game_1944C0,func_15167010,0x00C,0xAFB00014,0xAFB1001C,-,-,Retain retail's contiguous saved-register set,
game_1944C0,func_15167010,0x010,0x3C100000,0xAFB00018,R_MIPS_HI16:D_8008B4A8,-,Save the table cursor before materializing its address,
game_1944C0,func_15167010,0x014,0x3C110000,0x3C0E0000,R_MIPS_HI16:D_8008B4A8,R_MIPS_HI16:D_8008B4A8,Materialize the table base through t6,
game_1944C0,func_15167010,0x018,0x26100000,0x25D00000,R_MIPS_LO16:D_8008B4A8,R_MIPS_LO16:D_8008B4A8,Finish the table cursor address through t6,
game_1944C0,func_15167010,0x01C,0x26311484,0x26121484,R_MIPS_LO16:D_8008B4A8,-,Derive the table end in s2 from the cursor,
game_1944C0,func_15167010,0x038,0x0211082B,0x0212082B,-,-,Compare the cursor against the s2 end pointer,
game_1944C0,func_15167010,0x044,0x8FBF001C,0x8FBF0024,-,-,Restore ra from the expanded frame,
game_1944C0,func_15167010,0x048,0x8FB00014,0x8FB00018,-,-,Restore the table cursor register,
game_1944C0,func_15167010,0x04C,0x8FB10018,0x8FB1001C,-,-,Restore retail's retained s1 slot,
game_1944C0,func_15167010,0x050,0x03E00008,0x8FB20020,-,-,Restore the table end pointer before returning,
game_1944C0,func_15167010,0x054,0x27BD0020,0x03E00008,-,-,Move the return after the s2 restore and recover its frame delay slot,0x27BD0028
game_1944C0,func_15167D84,0x048,0x10400008,0x14400003,-,-,Enter the populated-record path on a non-null allocation,0x00401825
game_1944C0,func_15167D84,0x04C,0x8FA40028,0x1000000A,-,-,Branch from the null path to the shared frame teardown,0x8FBF001C
game_1944C0,func_15167D84,0x050,0x24450010,0x8FA40028,-,-,Reload the source pointer at the populated-path entry,
game_1944C0,func_15167D84,0x054,0x24060038,0x24650010,-,-,Derive the copy destination from the retained result in v1,
game_1944C0,func_15167D84,0x058,0x0C000000,0x24060038,R_MIPS_26:bcopy,-,Materialize the copy size before the relocated call,
game_1944C0,func_15167D84,0x05C,0xAFA20024,0x0C000000,-,R_MIPS_26:bcopy,Move the bcopy call after its retail argument schedule,
game_1944C0,func_15167D84,0x060,0x8FA30024,0xAFA30024,-,-,Preserve the retained result in the call delay slot,
game_1944C0,func_15167D84,0x064,0x83B80037,0x8FA20024,-,-,Reload the result after bcopy,
game_1944C0,func_15167D84,0x068,0xA0780048,0x83B80037,-,-,Load the signed record byte after the result reload,
game_1944C0,func_15167D84,0x06C,0x8FBF001C,0xA0580048,-,-,Store the signed byte through the reloaded result,
game_1944C0,func_15167D84,0x070,0x27BD0028,0x8FBF001C,-,-,Restore ra after the populated record update,
game_1944C0,func_15167D84,0x074,0x03E00008,0x27BD0028,-,-,Place the shared frame teardown before the return,
game_1944C0,func_15167D84,0x078,0x00000000,0x03E00008,-,-,Move the return after the shared frame teardown,
game_1FFF60,func_151D2E5C,0x080,0x54790005,0x57230005,-,-,Compare the loaded alternate endpoint against the retained current endpoint,
game_3D9A0,func_150104F0,0x004,0x3C020000,0x3C030000,R_MIPS_HI16:D_800D9950,R_MIPS_HI16:D_800D9950,Materialize the three-byte global base in v1,
game_3D9A0,func_150104F0,0x008,0x24420000,0x24630000,R_MIPS_LO16:D_800D9950,R_MIPS_LO16:D_800D9950,Finish the three-byte global base in v1,
game_3D9A0,func_150104F0,0x00C,0xAFBF0014,0xAFBF0014,-,-,Retain the explicit chained-assignment zero after saving ra,0x00001025
game_3D9A0,func_150104F0,0x010,0xA0400001,0xA0620001,-,-,Store the chained zero to byte one through the v1 base,
game_3D9A0,func_150104F0,0x014,0xA0400000,0xA0620000,-,-,Store the chained zero to byte zero through the v1 base,
game_3D9A0,func_150104F0,0x018,0xA0400002,0xA0600002,-,-,Clear byte two directly through the v1 base,
game_76710,func_150492CC,0x000,0x3C013F00,0x3C014000,-,-,Materialize retail's 2.0f divisor instead of the folded reciprocal,
game_76710,func_150492CC,0x00C,0x46006182,0x46006183,-,-,Divide the first dimension by 2.0f,
game_76710,func_150492CC,0x010,0x3C010000,0xC7A40008,R_MIPS_HI16:D_800CC220,-,Reload the third dimension before the first global address,
game_76710,func_150492CC,0x014,0xC7A40008,0x3C010000,-,R_MIPS_HI16:D_800CC220,Materialize the first dimension global after reloading arg2,
game_76710,func_150492CC,0x018,0x46007202,0xE42C0000,-,R_MIPS_LO16:D_800CC220,Store the first dimension before calculating the second half,
game_76710,func_150492CC,0x01C,0xE42C0000,0x3C010000,R_MIPS_LO16:D_800CC220,R_MIPS_HI16:D_800CC224,Materialize the second dimension global after the first store,
game_76710,func_150492CC,0x020,0x3C010000,0xE42E0000,R_MIPS_HI16:D_800CC224,R_MIPS_LO16:D_800CC224,Store the second dimension through its relocated address,
game_76710,func_150492CC,0x024,0xE42E0000,0x44808000,R_MIPS_LO16:D_800CC224,-,Materialize floating zero after the input stores,
game_76710,func_150492CC,0x028,0x44808000,0x3C010000,-,R_MIPS_HI16:D_800CC228,Materialize the third dimension global before its store,
game_76710,func_150492CC,0x02C,0x3C010000,0xE4240000,R_MIPS_HI16:D_800CC228,R_MIPS_LO16:D_800CC228,Store the third dimension through its relocated address,
game_76710,func_150492CC,0x030,0x46002282,0x3C010000,-,R_MIPS_HI16:D_800CC22C,Materialize the first half-value global before the second division,
game_76710,func_150492CC,0x034,0xE4240000,0x46007203,R_MIPS_LO16:D_800CC228,-,Divide the second dimension by 2.0f,
game_76710,func_150492CC,0x038,0x3C010000,0xE4260000,R_MIPS_HI16:D_800CC22C,R_MIPS_LO16:D_800CC22C,Store the first half value through its relocated address,
game_76710,func_150492CC,0x03C,0x46106032,0x3C010000,-,R_MIPS_HI16:D_800CC230,Materialize the second half-value global before the zero comparison,
game_76710,func_150492CC,0x040,0xE4260000,0x46106032,R_MIPS_LO16:D_800CC22C,-,Compare the first dimension against zero after the address preload,
game_76710,func_150492CC,0x044,0x3C010000,0x46002283,R_MIPS_HI16:D_800CC230,-,Divide the third dimension by 2.0f before storing the second half value,
game_A28B0,func_150767F4,0x064,0x3C080000,0x3C090000,R_MIPS_HI16:D_800D154C,R_MIPS_HI16:D_800D154C,Reload the current actor pointer through t1,
game_A28B0,func_150767F4,0x068,0x8D080000,0x8D290000,R_MIPS_LO16:D_800D154C,R_MIPS_LO16:D_800D154C,Finish reloading the current actor pointer through t1,
game_A28B0,func_150767F4,0x074,0x91090222,0x912A0222,-,-,Load the actor table index into t2,
game_A28B0,func_150767F4,0x07C,0x0002CA03,0x00024203,-,-,Keep the shifted angle result in t0,
game_A28B0,func_150767F4,0x080,0x00095080,0x000A5880,-,-,Begin the table stride calculation from t2 into t3,
game_A28B0,func_150767F4,0x084,0x01495023,0x016A5823,-,-,Continue the table stride subtraction in t3,
game_A28B0,func_150767F4,0x088,0x000A5080,0x000B5880,-,-,Scale the first table stride partial in t3,
game_A28B0,func_150767F4,0x08C,0x01495021,0x016A5821,-,-,Add the actor index to the table stride partial in t3,
game_A28B0,func_150767F4,0x090,0x000A5080,0x000B5880,-,-,Scale the second table stride partial in t3,
game_A28B0,func_150767F4,0x094,0x01495023,0x016A5823,-,-,Subtract the actor index from the table stride partial in t3,
game_A28B0,func_150767F4,0x098,0x000A5080,0x000B5880,-,-,Scale the third table stride partial in t3,
game_A28B0,func_150767F4,0x09C,0x01495023,0x016A5823,-,-,Finish the table stride subtraction in t3,
game_A28B0,func_150767F4,0x0A0,0x000A5880,0x000B5880,-,-,Finish scaling the table byte offset in t3,
game_A28B0,func_150767F4,0x0AC,0x00034040,0x0003C840,-,-,Keep the doubled tolerance in t9,
game_A28B0,func_150767F4,0x0B8,0x032D7023,0x010D7023,-,-,Subtract the authored angle from the shifted result in t0,
game_A28B0,func_150767F4,0x0C4,0x0308082A,0x0319082A,-,-,Compare the masked angle delta against the t9 tolerance,
game_A28B0,func_1507A428,0x004,0x3C180000,0x91CF0000,R_MIPS_HI16:D_800D1891,R_MIPS_LO16:D_800D1890,Load the first packed byte immediately through t7,
game_A28B0,func_1507A428,0x008,0x93180000,0x3C190000,R_MIPS_LO16:D_800D1891,R_MIPS_HI16:D_800D1891,Materialize the second packed byte address through t9,
game_A28B0,func_1507A428,0x00C,0x91CE0000,0x93280000,R_MIPS_LO16:D_800D1890,R_MIPS_LO16:D_800D1891,Load the second packed byte through t0,
game_A28B0,func_1507A428,0x010,0x3C090000,0x3C0B0000,R_MIPS_HI16:D_800D1892,R_MIPS_HI16:D_800D1892,Materialize the third packed byte address through t3,
game_A28B0,func_1507A428,0x014,0x91290000,0x916C0000,R_MIPS_LO16:D_800D1892,R_MIPS_LO16:D_800D1892,Load the third packed byte through t4,
game_A28B0,func_1507A428,0x018,0x3C0C0000,0x000FC600,R_MIPS_HI16:D_800D1893,-,Shift the first byte before materializing the fourth address,
game_A28B0,func_1507A428,0x01C,0x918C0000,0x3C0F0000,R_MIPS_LO16:D_800D1893,R_MIPS_HI16:D_800D1893,Materialize the fourth packed byte address through t7,
game_A28B0,func_1507A428,0x020,0x0018CC00,0x00084C00,-,-,Shift the second packed byte through t1,
game_A28B0,func_1507A428,0x024,0x000E7E00,0x91F90000,-,R_MIPS_LO16:D_800D1893,Load the fourth packed byte through t9,
game_A28B0,func_1507A428,0x028,0x01F94025,0x03095025,-,-,Combine the first two packed bytes in t2,
game_A28B0,func_1507A428,0x02C,0x00095200,0x000C6A00,-,-,Shift the third packed byte through t5,
game_A28B0,func_1507A428,0x030,0x010A5825,0x014D7025,-,-,Combine the first three packed bytes in t6,
game_A28B0,func_1507A428,0x03C,0x016C6825,0x01D91025,-,-,Combine the fourth packed byte into v0,
game_A28B0,func_1507A428,0x040,0x35AE0001,0x34480001,-,-,Force bit zero through t0,
game_A28B0,func_1507A428,0x044,0x01C07027,0x01004027,-,-,Complement the packed mask in t0,
game_A28B0,func_1507A428,0x048,0xAF0E0094,0xAF080094,-,-,Store the complemented mask from t0,
generated_AEB40,func_15084CB0,0x010,0x18A0000A,0x18A0000B,-,-,Extend the empty-table branch across the explicit signed loop test,
generated_AEB40,func_15084CB0,0x028,0x10000004,0x10000005,-,-,Extend the found-entry branch across the explicit signed loop test,
generated_AEB40,func_15084CB0,0x034,0x1445FFF9,0x0045082A,-,-,Compare the incremented index against the signed table count,
generated_AEB40,func_15084CB0,0x038,0x24C60002,0x1420FFF8,-,-,Branch back while the signed index remains below the count,
generated_AEB40,func_15084CB0,0x03C,0x00601025,0x24C60002,-,-,Advance the table cursor in the loop branch delay slot,
generated_AEB40,func_15084CB0,0x040,0x03E00008,0x00601025,-,-,Move the found index into the return register after the expanded loop,
generated_AEB40,func_15084CB0,0x044,0x00000000,0x03E00008,-,-,Move the return jump after the restored result move,
generated_B3020,func_15086D48,0x010,0x5840000B,0x5840000C,-,-,Extend the empty-record branch across the explicit signed loop test,
generated_B3020,func_15086D48,0x034,0x1462FFF9,0x0062082A,-,-,Compare the incremented record index against the signed count,
generated_B3020,func_15086D48,0x038,0x24A50010,0x1420FFF8,-,-,Branch back while the signed record index remains below the count,
generated_B3020,func_15086D48,0x03C,0x240200FF,0x24A50010,-,-,Advance the record cursor in the loop branch delay slot,
generated_B3020,func_15086D48,0x040,0x03E00008,0x240200FF,-,-,Materialize the no-match return value after the expanded loop,
generated_B3020,func_15086D48,0x044,0x00000000,0x03E00008,-,-,Move the fallback return jump after the restored value load,
game_16EE20,func_151419D0,0x088,0x548A0005,0x55440005,-,-,Preserve alternate/current branch operand order,
generated_188F90,func_1515C158,0x000,0x3C020000,0x3C030000,R_MIPS_HI16:D_800DCE50,R_MIPS_HI16:D_800DCE50,Keep the row cursor in v1,
generated_188F90,func_1515C158,0x008,0x24420000,0x24A50000,R_MIPS_LO16:D_800DCE50,R_MIPS_LO16:D_800DD190,Complete the end pointer before the row cursor,
generated_188F90,func_1515C158,0x00C,0x24A50000,0x24630000,R_MIPS_LO16:D_800DD190,R_MIPS_LO16:D_800DCE50,Complete the row cursor in v1,
generated_188F90,func_1515C158,0x014,0x8C4300C8,0x8C6200C8,-,-,Load the list head into v0,
generated_188F90,func_1515C158,0x018,0x244201A0,0x246301A0,-,-,Advance the row cursor in v1,
generated_188F90,func_1515C158,0x01C,0x10600006,0x10400006,-,-,Test the list node in v0,
generated_188F90,func_1515C158,0x024,0xAC600044,0xAC400044,-,-,Clear the node field through v0,
generated_188F90,func_1515C158,0x028,0xAC640048,0xAC440048,-,-,Store the reset marker through v0,
generated_188F90,func_1515C158,0x02C,0x8C630008,0x8C420008,-,-,Follow the next pointer through v0,
generated_188F90,func_1515C158,0x030,0x5460FFFD,0x5440FFFD,-,-,Branch on the next pointer in v0,
generated_188F90,func_1515C158,0x034,0xAC600044,0xAC400044,-,-,Clear the next node in the branch delay slot,
generated_188F90,func_1515C158,0x038,0x5445FFF7,0x5465FFF7,-,-,Compare the row cursor in v1 with the end pointer,
generated_188F90,func_1515C158,0x03C,0x8C4300C8,0x8C6200C8,-,-,Load the next row head into v0 in the branch delay slot,
generated_18A8F0,func_1515D520,0x000,0x27BDFFD0,0x27BDFFE0,-,-,Normalize the debug frame to the retail 32-byte size,
generated_18A8F0,func_1515D520,0x024,0xAFA4001C,0x24050034,-,-,Schedule the bzero size before the call,
generated_18A8F0,func_1515D520,0x02C,0x24050034,0xAFA2001C,-,-,Spill the allocated node in the bzero call delay slot,
generated_18A8F0,func_1515D520,0x080,0x27BD0030,0x27BD0020,-,-,Restore the retail 32-byte frame,
game_18D770,func_151635A8,0x00C,0x01C03025,0x3C020000,-,R_MIPS_HI16:D_8008B370,Load the callback table base before normalizing arg2,
game_18D770,func_151635A8,0x010,0xAFBF0014,0x24420000,-,R_MIPS_LO16:D_8008B370,Complete the callback table base in v0,
game_18D770,func_151635A8,0x014,0x908F0025,0x01C03025,-,-,Normalize arg2 after loading the table base,
game_18D770,func_151635A8,0x018,0x3C190000,0xAFBF0014,R_MIPS_HI16:D_8008B370,-,Save ra after normalizing arg2,
game_18D770,func_151635A8,0x01C,0x27390000,0x908F0025,R_MIPS_LO16:D_8008B370,-,Load the first callback index after saving ra,
game_18D770,func_151635A8,0x024,0x03191021,0x0058C821,-,-,Form the first callback slot in t9 from the shared v0 base,
game_18D770,func_151635A8,0x028,0x8C480000,0x8F280000,-,-,Load the first callback through t9,
game_18D770,func_151635A8,0x02C,0x51000005,0x51000008,-,-,Branch over the expanded second callback lookup,
game_18D770,func_151635A8,0x034,0x8C590000,0x90890025,-,-,Reload the callback index for the dispatch,
game_18D770,func_151635A8,0x038,0x0320F809,0x00095080,-,-,Scale the second callback index,
game_18D770,func_151635A8,0x03C,0x00000000,0x004A5821,-,-,Form the second callback slot from the shared v0 base,
game_18D770,func_151635A8,0x040,0x8FBF0014,0x8D790000,-,-,Load the callback for the dispatch,
game_18D770,func_151635A8,0x044,0x27BD0018,0x0320F809,-,-,Dispatch through the callback in t9,
game_18D770,func_151635A8,0x048,0x03E00008,0x00000000,-,-,Keep the callback delay slot empty and restore ra after the call,0x8FBF0014
game_18D770,func_151635A8,0x04C,0x00000000,0x27BD0018,-,-,Restore the stack and insert the shared return,0x03E00008
game_1944C0,func_15168A4C,0x02C,0x8C660000,0x8C680000,-,-,Keep the existing slot head in t0,
game_1944C0,func_15168A4C,0x030,0x10C00002,0x11000002,-,-,Test the slot head in t0,
game_1944C0,func_15168A4C,0x034,0xAC860008,0xAC880008,-,-,Link the slot head through t0 in the branch delay slot,
game_1944C0,func_15168A4C,0x038,0xACC40004,0xAD040004,-,-,Set the slot head previous link through t0,
game_981E0,func_150747E4,0x00C,0x3C030000,0x27180000,R_MIPS_HI16:D_800D1580,R_MIPS_LO16:D_800CC2D0,Complete the actor array base before loading the active slot,
game_981E0,func_150747E4,0x014,0x27180000,0x3C190000,R_MIPS_LO16:D_800CC2D0,R_MIPS_HI16:D_800D1580,Load the update value base after the active slot,
game_981E0,func_150747E4,0x01C,0x2442FFFF,0x2443FFFF,-,-,Keep the decremented actor index in v1,
game_981E0,func_150747E4,0x020,0x00027880,0x00037880,-,-,Begin actor stride scaling from v1,
game_981E0,func_150747E4,0x024,0x01E27823,0x01E37823,-,-,Continue actor stride scaling with v1,
game_981E0,func_150747E4,0x02C,0x01E27821,0x01E37821,-,-,Accumulate actor stride scaling with v1,
game_981E0,func_150747E4,0x034,0x01E27823,0x01E37823,-,-,Continue the second actor stride reduction with v1,
game_981E0,func_150747E4,0x03C,0x01E27823,0x01E37823,-,-,Finish actor stride scaling with v1,
game_981E0,func_150747E4,0x040,0x8C630000,0x8F390000,R_MIPS_LO16:D_800D1580,R_MIPS_LO16:D_800D1580,Keep the full update value in t9,
game_981E0,func_150747E4,0x050,0xA0830232,0xA0990232,-,-,Store the update byte from t9,
generated_AEB40,func_150849CC,0x00C,0x10000006,0x10000007,-,-,Branch over the retained fallback branch,
generated_AEB40,func_150849CC,0x01C,0x10400002,0x10400003,-,-,Branch over the retained fallback branch when the fallback byte is zero,
generated_AEB40,func_150849CC,0x020,0x00000000,0x00000000,-,-,Retain the fallback branch after the null-test delay slot,0x10000001
generated_B3020,func_1508CA88,0x00C,0x3C180000,0x3C180000,R_MIPS_HI16:D_8008FD90,R_MIPS_HI16:D_8008FD90,Hoist the independent final pointer base alongside the threshold base,0x3C190000,R_MIPS_HI16:D_800D23B0
generated_B3020,func_1508CA88,0x038,0x8C990000,0x8F390000,-,R_MIPS_LO16:D_800D23B0,Reload the final pointer through the independently materialized base,,
generated_176A00,func_1514A498,0x038,0x01E20019,0x004F0019,-,-,Preserve retail's equivalent index-first multu operand order,,
generated_1AC2F0,func_15181DC8,0x004,0x00041080,0x00041080,-,-,Retain retail's redundant second floating zero materialization,0x44802000,
generated_1AC2F0,func_15181DC8,0x010,0xE4200000,0xE4240000,R_MIPS_LO16:D_800DDDD8,R_MIPS_LO16:D_800DDDD8,Use the separately materialized zero for the first float store,,
generated_1BA1D0,func_1518F108,0x038,0x01E20019,0x004F0019,-,-,Preserve retail's equivalent timer-first multu operand order,,
game_A28B0,func_1507A47C,0x004,0x3C180000,0x91CF0000,R_MIPS_HI16:D_800D1891,R_MIPS_LO16:D_800D1890,Load the first packed byte immediately through t7,,
game_A28B0,func_1507A47C,0x008,0x93180000,0x3C190000,R_MIPS_LO16:D_800D1891,R_MIPS_HI16:D_800D1891,Materialize the second packed byte address through t9,,
game_A28B0,func_1507A47C,0x00C,0x91CE0000,0x93280000,R_MIPS_LO16:D_800D1890,R_MIPS_LO16:D_800D1891,Load the second packed byte through t0,,
game_A28B0,func_1507A47C,0x010,0x3C090000,0x3C0B0000,R_MIPS_HI16:D_800D1892,R_MIPS_HI16:D_800D1892,Materialize the third packed byte address through t3,,
game_A28B0,func_1507A47C,0x014,0x91290000,0x916C0000,R_MIPS_LO16:D_800D1892,R_MIPS_LO16:D_800D1892,Load the third packed byte through t4,,
game_A28B0,func_1507A47C,0x01C,0x8C630000,0x000FC600,R_MIPS_LO16:D_800D154C,-,Shift the first packed byte before loading the actor,,
game_A28B0,func_1507A47C,0x020,0x3C0C0000,0x8C630000,R_MIPS_HI16:D_800D1893,R_MIPS_LO16:D_800D154C,Load the current actor before materializing the fourth byte address,,
game_A28B0,func_1507A47C,0x024,0x918C0000,0x3C0F0000,R_MIPS_LO16:D_800D1893,R_MIPS_HI16:D_800D1893,Materialize the fourth packed byte address through t7,,
game_A28B0,func_1507A47C,0x028,0x0018CC00,0x91F90000,-,R_MIPS_LO16:D_800D1893,Load the fourth packed byte through t9,,
game_A28B0,func_1507A47C,0x02C,0x000E7E00,0x00084C00,-,-,Shift the second packed byte through t1,,
game_A28B0,func_1507A47C,0x030,0x01F94025,0x03095025,-,-,Combine the first two packed bytes in t2,,
game_A28B0,func_1507A47C,0x034,0x00095200,0x000C6A00,-,-,Shift the third packed byte through t5,,
game_A28B0,func_1507A47C,0x038,0x8C6D0094,0x8C680094,-,-,Load the actor mask through t0,,
game_A28B0,func_1507A47C,0x03C,0x010A5825,0x014D7025,-,-,Combine the first three packed bytes in t6,,
game_A28B0,func_1507A47C,0x040,0x016C1025,0x01D91025,-,-,Combine the fourth packed byte into v0,,
game_A28B0,func_1507A47C,0x044,0x00407027,0x0040C027,-,-,Complement the packed mask through t8,,
game_A28B0,func_1507A47C,0x048,0x01AEC024,0x01184824,-,-,Clear the packed bits through t1,,
game_A28B0,func_1507A47C,0x04C,0xAC780094,0xAC690094,-,-,Store the cleared actor mask from t1,,
generated_10EF60,func_150E2FC0,0x040,0x14790004,0x17230004,-,-,Preserve retail's equivalent alternate-first branch operand order,,
generated_1D6E80,func_151AA17C,0x004,0x00803025,0xAFBF0014,-,-,Save the return address before preparing the local record,,
generated_1D6E80,func_151AA17C,0x008,0x27A4001C,0x00803025,-,-,Retain the incoming object pointer in a2,,
generated_1D6E80,func_151AA17C,0x00C,0xAFBF0014,0x8CC20018,-,-,Load the record target through v0 before forming its address,,
generated_1D6E80,func_151AA17C,0x010,0x8CCE0018,0x27A4001C,-,-,Form the retail local-record address after loading its target,,
generated_1D6E80,func_151AA17C,0x018,0xAFAE001C,0xAFA2001C,-,-,Store the record target from retail's v0 temporary,,
generated_1D6E80,func_151AA17C,0x01C,0x90CF001C,0x90CE001C,-,-,Load the record code through retail's t6 temporary,,
generated_1D6E80,func_151AA17C,0x020,0xAFA40024,0xAFA60028,-,-,Preserve the incoming object pointer before the first call,,
generated_1D6E80,func_151AA17C,0x024,0xAFA60028,0xAFA40018,-,-,Spill the retained record pointer in retail's local slot,,
generated_1D6E80,func_151AA17C,0x02C,0xA3AF0020,0xA3AE0020,-,-,Store the record code from retail's t6 temporary,,
generated_1D6E80,func_151AA17C,0x030,0x8FA40024,0x8FA40018,-,-,Reload the retained record pointer from retail's local slot,,
generated_1D6E80,func_151AA210,0x004,0x00803025,0xAFBF0014,-,-,Save the return address before preparing the local record,,
generated_1D6E80,func_151AA210,0x008,0x27A4001C,0x00803025,-,-,Retain the incoming object pointer in a2,,
generated_1D6E80,func_151AA210,0x00C,0xAFBF0014,0x8CC20018,-,-,Load the record target through v0 before forming its address,,
generated_1D6E80,func_151AA210,0x010,0x8CCE0018,0x27A4001C,-,-,Form the retail local-record address after loading its target,,
generated_1D6E80,func_151AA210,0x018,0xAFAE001C,0xAFA2001C,-,-,Store the record target from retail's v0 temporary,,
generated_1D6E80,func_151AA210,0x01C,0x90CF001C,0x90CE001C,-,-,Load the record code through retail's t6 temporary,,
generated_1D6E80,func_151AA210,0x020,0xAFA40024,0xAFA60028,-,-,Preserve the incoming object pointer before the first call,,
generated_1D6E80,func_151AA210,0x024,0xAFA60028,0xAFA40018,-,-,Spill the retained record pointer in retail's local slot,,
generated_1D6E80,func_151AA210,0x02C,0xA3AF0020,0xA3AE0020,-,-,Store the record code from retail's t6 temporary,,
generated_1D6E80,func_151AA210,0x030,0x8FA40024,0x8FA40018,-,-,Reload the retained record pointer from retail's local slot,,
generated_1FA770,func_151D10E4,0x0C,0x8C8701D4,0x30C700FF,-,-,Normalize the byte index directly from the incoming argument register,,,false
generated_1FA770,func_151D10E4,0x10,0x93AE0023,0x8C8201D4,-,-,Load the optional target into the retail return-value lifetime,,,false
generated_1FA770,func_151D10E4,0x14,0x3C180000,0x00077080,R_MIPS_HI16:D_800AAF9C,-,Begin the twelve-byte table stride before the null branch,,,false
generated_1FA770,func_151D10E4,0x18,0x14E00003,0x01C77023,-,-,Complete the multiply-by-three stage before testing the target,,,false
generated_1FA770,func_151D10E4,0x1C,0x000E7880,0x14400003,-,-,Branch on the target held in v0,,,false
generated_1FA770,func_151D10E4,0x20,0x10000008,0x000E7080,-,-,Finish the twelve-byte stride in the branch delay slot,,,false
generated_1FA770,func_151D10E4,0x24,0x00001025,0x10000007,-,-,Use the retail null-return branch distance,,,false
generated_1FA770,func_151D10E4,0x28,0x01EE7823,0x00001025,-,-,Return zero in the null-path delay slot,,,false
generated_1FA770,func_151D10E4,0x2C,0x000F7880,0x3C0F0000,-,R_MIPS_HI16:D_800AAF9C,Materialize the table base only on the non-null path,,,false
generated_1FA770,func_151D10E4,0x30,0x27180000,0x25EF0000,R_MIPS_LO16:D_800AAF9C,R_MIPS_LO16:D_800AAF9C,Complete the table base in t7,,,false
generated_1FA770,func_151D10E4,0x34,0x01F82021,0x01CF2021,-,-,Add the retail stride and table-base lifetimes,,,false
generated_1FA770,func_151D10E4,0x3C,0x00E03025,0x00403025,-,-,Forward the target from v0 in the call delay slot,,,false
generated_12D630,func_151002BC,0x00,0x8C830028,0x8C830028,-,-,Materialize the shared invalid sentinel after loading the linked entry,0x2408FFFF,-,false
generated_12D630,func_151002BC,0x08,0x51C0000A,0x11C0000A,-,-,Keep the null-entry branch non-likely with the retail target,,,false
generated_12D630,func_151002BC,0x0C,0x2408FFFF,0x00000000,-,-,Keep the null-entry branch delay slot empty,,,false
generated_12D630,func_151002BC,0x1C,0x51E10005,0x11E10005,-,-,Keep the invalid-type branch non-likely with the retail target,,,false
generated_12D630,func_151002BC,0x20,0x2408FFFF,0x00000000,-,-,Keep the invalid-type branch delay slot empty,,,false
generated_12D630,func_151002BC,0x2C,0x13190003,0x53190004,-,-,Use the retail likely equality branch into the valid path,,,false
generated_12D630,func_151002BC,0x30,0x2408FFFF,0x8C690318,-,-,Load the optional child pointer in the equality branch delay slot,,,false
game_14FF90,func_15125490,0x00,0x08000000,0x8C8203D0,R_MIPS_26:__retail_overflow_func_15125490,-,Replace the oversized C trampoline with the retail object load,,,false
game_14FF90,func_15125490,0x04,0x00000000,0x24010001,-,-,Materialize the in-water discriminator,,,false
game_14FF90,func_15125490,0x08,0x00000000,0x904E00AD,-,-,Load the typed in-water byte through the retail object lifetime,,,false
game_14FF90,func_15125490,0x0C,0x00000000,0x55C10013,-,-,Branch to the shared null return for a non-water object,,,false
game_14FF90,func_15125490,0x10,0x00000000,0x00001025,-,-,Clear the result in the invalid branch delay slot,,,false
game_14FF90,func_15125490,0x14,0x00000000,0xC4440018,-,-,Load the current vertical position,,,false
game_14FF90,func_15125490,0x18,0x00000000,0xC4460118,-,-,Load the comparison vertical position,,,false
game_14FF90,func_15125490,0x1C,0x00000000,0x46062001,-,-,Subtract the two vertical positions,,,false
game_14FF90,func_15125490,0x20,0x00000000,0x46000005,-,-,Take the absolute vertical distance,,,false
game_14FF90,func_15125490,0x24,0x00000000,0x4600020D,-,-,Convert the distance to a signed integer,,,false
game_14FF90,func_15125490,0x28,0x00000000,0x44034000,-,-,Keep the integer distance in the retail v1 lifetime,,,false
game_14FF90,func_15125490,0x2C,0x00000000,0x00000000,-,-,Preserve the conversion hazard slot,,,false
game_14FF90,func_15125490,0x30,0x00000000,0x28610064,-,-,Test the lower distance threshold,,,false
game_14FF90,func_15125490,0x34,0x00000000,0x50200004,-,-,Use the retail likely branch to the upper-threshold test,,,false
game_14FF90,func_15125490,0x38,0x00000000,0x2861012D,-,-,Fill the lower-threshold branch slot with the upper test,,,false
game_14FF90,func_15125490,0x3C,0x00000000,0x03E00008,-,-,Return for a below-range distance,,,false
game_14FF90,func_15125490,0x40,0x00000000,0x00001025,-,-,Return zero for a below-range distance,,,false
game_14FF90,func_15125490,0x44,0x00000000,0x2861012D,-,-,Repeat the upper-threshold test on the fallthrough path,,,false
game_14FF90,func_15125490,0x48,0x00000000,0x14200004,-,-,Return the object for an in-range distance,,,false
game_14FF90,func_15125490,0x4C,0x00000000,0x00000000,-,-,Keep the in-range branch delay slot empty,,,false
game_14FF90,func_15125490,0x50,0x00000000,0x03E00008,-,-,Return for an above-range distance,,,false
game_14FF90,func_15125490,0x54,0x00000000,0x24020001,-,-,Return the above-range sentinel in the delay slot,,,false
game_14FF90,func_15125490,0x58,0x00000000,0x00001025,-,-,Retain the compiler-layout null assignment before the shared return,,,false
game_14FF90,func_15125490,0x5C,0x00000000,0x03E00008,-,-,Emit the shared object-or-null return,,,false
game_14FF90,func_15125490,0x60,0x00000000,0x00000000,-,-,Keep the final return delay slot empty,,,false
game_2062D0,func_151DADA0,0x24,0x03384021,0x03382021,-,-,Keep the phase sum in retail's a0 lifetime,,,false
game_2062D0,func_151DADA0,0x28,0xA0A80110,0xA0A40110,-,-,Store the phase sum from retail's a0 lifetime,,,false
game_2062D0,func_151DADA0,0x2C,0x2509FFC0,0x2484FFC0,-,-,Subtract the phase bias through retail's a0 lifetime,,,false
game_2062D0,func_151DADA0,0x30,0x312400FF,0x308900FF,-,-,Normalize the masked call argument through retail registers,0x01202025,,false
init_B1B0,func_1000B294,0x08,0x24630000,0x24C60000,R_MIPS_LO16:D_800417B0,R_MIPS_LO16:D_800417BC,Schedule the end-table address completion before the cursor address,,,false
init_B1B0,func_1000B294,0x0C,0x24C60000,0x24630000,R_MIPS_LO16:D_800417BC,R_MIPS_LO16:D_800417B0,Schedule the cursor address completion after the end-table address,,,false
generated_49D30,func_150233E4,0x18,0x26100000,0x26310000,R_MIPS_LO16:D_800C3CA0,R_MIPS_LO16:D_800C3D48,Schedule the end-table address completion before the cursor address,,,false
generated_49D30,func_150233E4,0x1C,0x26310000,0x26100000,R_MIPS_LO16:D_800C3D48,R_MIPS_LO16:D_800C3CA0,Schedule the cursor address completion after the end-table address,,,false
game_981E0,func_1507488C,0x00,0x3C020000,0x3C030000,R_MIPS_HI16:D_800D1580,R_MIPS_HI16:D_800D1580,Keep the packed event value in retail's v1 lifetime,,,false
game_981E0,func_1507488C,0x04,0x8C420000,0x8C630000,R_MIPS_LO16:D_800D1580,R_MIPS_LO16:D_800D1580,Complete the packed event value load through v1,,,false
game_981E0,func_1507488C,0x08,0x3C030000,0x3C060000,R_MIPS_HI16:D_800D154C,R_MIPS_HI16:D_800D154C,Keep the active actor pointer in retail's a2 lifetime,,,false
game_981E0,func_1507488C,0x0C,0x8C630000,0x8CC60000,R_MIPS_LO16:D_800D154C,R_MIPS_LO16:D_800D154C,Complete the active actor pointer load through a2,,,false
game_981E0,func_1507488C,0x10,0x00027C03,0x00031403,-,-,Extract the table index through retail's v0 lifetime,,,false
game_981E0,func_1507488C,0x14,0x31F800FF,0x304E00FF,-,-,Normalize the table index through retail's t6 lifetime,,,false
game_981E0,func_1507488C,0x18,0x0018C880,0x000EC880,-,-,Scale the table index from retail's t6 lifetime,,,false
game_981E0,func_1507488C,0x1C,0x00794021,0x00D94021,-,-,Add the table offset to the actor held in a2,,,false
game_981E0,func_1507488C,0x24,0x00025203,0x00032203,-,-,Extract the event mask through retail's a0 lifetime,,,false
game_981E0,func_1507488C,0x28,0x314B00FF,0x308F00FF,-,-,Normalize the event mask through retail's t7 lifetime,,,false
game_981E0,func_1507488C,0x2C,0x304E0001,0x00602825,-,-,Copy the packed value into the retail byte-toggle lifetime,,,false
game_981E0,func_1507488C,0x30,0x012B6024,0x30B80001,-,-,Extract the initial toggle bit through retail's t8 lifetime,,,false
game_981E0,func_1507488C,0x34,0x11800004,0x012F5024,-,-,Apply the normalized mask through retail's t2 lifetime,,,false
game_981E0,func_1507488C,0x38,0x31C400FF,0x11400003,-,-,Branch over the toggle using retail's masked condition,,,false
game_981E0,func_1507488C,0x3C,0x01C02025,0x03002825,-,-,Move the initial toggle into a1 in the branch delay slot,,,false
game_981E0,func_1507488C,0x40,0x388D0001,0x3B0B0001,-,-,Invert the toggle through retail's t3 lifetime,,,false
game_981E0,func_1507488C,0x44,0x31A400FF,0x316500FF,-,-,Normalize the inverted toggle back into a1,,,false
game_981E0,func_1507488C,0x48,0x10800005,0x10A00005,-,-,Test the final toggle held in retail's a1 lifetime,,,false
game_981E0,func_1507488C,0x50,0x906F0138,0x90CD0138,-,-,Load the actor counter through retail's a2 and t5 lifetimes,,,false
game_981E0,func_1507488C,0x54,0x0002C603,0x00037E03,-,-,Extract the signed increment through retail's t7 lifetime,,,false
game_981E0,func_1507488C,0x58,0x01F8C821,0x01AFC021,-,-,Add the counter and increment through retail's t8 lifetime,,,false
game_981E0,func_1507488C,0x5C,0xA0790138,0xA0D80138,-,-,Store the updated counter through the actor held in a2,,,false
game_981E0,func_1506EE60,0x00,0x08000000,0x27BDFFE8,R_MIPS_26:__retail_overflow_func_1506EE60,-,Replace the oversized C trampoline with the retail frame allocation,,,false
game_981E0,func_1506EE60,0x04,0x00000000,0xAFBF0014,-,-,Save the return address in the retail frame,,,false
game_981E0,func_1506EE60,0x08,0x00000000,0x3C020000,-,R_MIPS_HI16:D_800D1580,Begin the retained packed-value load,,,false
game_981E0,func_1506EE60,0x0C,0x00000000,0x8C420000,-,R_MIPS_LO16:D_800D1580,Complete the retained packed-value load,,,false
game_981E0,func_1506EE60,0x10,0x00000000,0x3C040000,-,R_MIPS_HI16:D_800D154C,Prepare the actor global for both call paths,,,false
game_981E0,func_1506EE60,0x14,0x00000000,0x10400007,-,-,Branch to the zero-value callback path,,,false
game_981E0,func_1506EE60,0x18,0x00000000,0x3045FFFF,-,-,Normalize the shared low-half argument in the branch delay slot,,,false
game_981E0,func_1506EE60,0x1C,0x00000000,0x3C040000,-,R_MIPS_HI16:D_800D154C,Reload the actor global high half for the nonzero path,,,false
game_981E0,func_1506EE60,0x20,0x00000000,0x8C840000,-,R_MIPS_LO16:D_800D154C,Load the actor pointer for the nonzero callback,,,false
game_981E0,func_1506EE60,0x24,0x00000000,0x0C000000,-,R_MIPS_26:func_15188810,Call the nonzero packed-value callback,,,false
game_981E0,func_1506EE60,0x28,0x00000000,0x00023403,-,-,Forward the signed high half in the call delay slot,,,false
game_981E0,func_1506EE60,0x2C,0x00000000,0x10000004,-,-,Branch from the nonzero callback to the shared epilogue,,,false
game_981E0,func_1506EE60,0x30,0x00000000,0x8FBF0014,-,-,Restore the return address in the branch delay slot,,,false
game_981E0,func_1506EE60,0x34,0x00000000,0x0C000000,-,R_MIPS_26:func_15188A9C,Call the zero-value callback,,,false
game_981E0,func_1506EE60,0x38,0x00000000,0x8C840000,-,R_MIPS_LO16:D_800D154C,Load the actor pointer in the zero-path call delay slot,,,false
game_981E0,func_1506EE60,0x3C,0x00000000,0x8FBF0014,-,-,Restore the return address after the zero-path callback,,,false
game_981E0,func_1506EE60,0x40,0x00000000,0x27BD0018,-,-,Release the retail frame,,,false
game_981E0,func_1506EE60,0x44,0x00000000,0x03E00008,-,-,Return from the packed-value dispatcher,,,false
game_981E0,func_1506EE60,0x48,0x00000000,0x00000000,-,-,Preserve the return delay slot,,,false
game_981E0,func_1506EF5C,0x000,0x3C040000,0x3C060000,R_MIPS_HI16:D_800D154C,R_MIPS_HI16:D_800D154C,Keep the active-object global address in retail's a2 lifetime,,,false
game_981E0,func_1506EF5C,0x004,0x24840000,0x24C60000,R_MIPS_LO16:D_800D154C,R_MIPS_LO16:D_800D154C,Complete the active-object global address through a2,,,false
game_981E0,func_1506EF5C,0x008,0x8C8F0000,0x8CCB0000,-,-,Load the first active object through retail's t3 lifetime,,,false
game_981E0,func_1506EF5C,0x00C,0x3C020000,0x3C030000,R_MIPS_HI16:D_800D1580,R_MIPS_HI16:D_800D1580,Materialize the packed value through retail's v1 base,,,false
game_981E0,func_1506EF5C,0x010,0x8C420000,0x8C690000,R_MIPS_LO16:D_800D1580,R_MIPS_LO16:D_800D1580,Load the packed value into retail's t1 lifetime,,,false
game_981E0,func_1506EF5C,0x014,0x240EFFFF,0x340AFFFF,-,-,Materialize the unsigned halfword sentinel through t2,,,false
game_981E0,func_1506EF5C,0x018,0xA5EE0282,0xA56A0282,-,-,Store the sentinel through the first active-object read,,,false
game_981E0,func_1506EF5C,0x01C,0x8C990000,0x8CCD0000,-,-,Reload the active object through retail's t5 lifetime,,,false
game_981E0,func_1506EF5C,0x020,0x24180005,0x240C0005,-,-,Keep the mode constant in retail's t4 lifetime,,,false
game_981E0,func_1506EF5C,0x024,0x00021C03,0x00091403,-,-,Extract the packed table index through retail's v0 lifetime,,,false
game_981E0,func_1506EF5C,0x028,0xA3380276,0xA1AC0276,-,-,Store the mode through the second active-object read,,,false
game_981E0,func_1506EF5C,0x02C,0x8C8B0000,0x8CCF0000,-,-,Reload the active object for the first indexed byte store,,,false
game_981E0,func_1506EF5C,0x030,0x306800FF,0x304E00FF,-,-,Normalize the table index through retail's t6 lifetime,,,false
game_981E0,func_1506EF5C,0x034,0x00084840,0x000E7040,-,-,Double the byte offset in retail's t6 lifetime,,,false
game_981E0,func_1506EF5C,0x038,0x00025203,0x0009CA03,-,-,Extract the high output byte through retail's t9 lifetime,,,false
game_981E0,func_1506EF5C,0x03C,0x01696021,0x01EEC021,-,-,Address the first indexed byte through retail's t8 lifetime,,,false
game_981E0,func_1506EF5C,0x040,0xA18A0284,0xA3190284,-,-,Store the high output byte through retail's t9 lifetime,,,false
game_981E0,func_1506EF5C,0x044,0x8C8D0000,0x8CD90000,-,-,Reload the active object for the second indexed byte store,,,false
game_981E0,func_1506EF5C,0x048,0x01A97021,0x032E4021,-,-,Address the second indexed byte through retail's t0 lifetime,,,false
game_981E0,func_1506EF5C,0x04C,0xA1C20285,0xA1090285,-,-,Store the low output byte from the retained packed value,,,false
generated_126F60,func_150FB188,0x04,0x44801000,0x3C010000,-,R_MIPS_HI16:D_800A1DC0,Schedule the shared scale address before zero materialization,,,false
generated_126F60,func_150FB188,0x08,0xAFBF0014,0x44800000,-,-,Materialize zero in the retail floating-point lifetime,,,false
generated_126F60,func_150FB188,0x0C,0x3C01C2BE,0xC4220000,-,R_MIPS_LO16:D_800A1DC0,Load the shared scale through the retail floating-point lifetime,,,false
generated_126F60,func_150FB188,0x10,0x44812000,0xAFBF0014,-,-,Save the return address after the independent constants,,,false
generated_126F60,func_150FB188,0x14,0x3C01C2A0,0x3C01C2BE,-,-,Materialize the first actor constant after the frame save,,,false
generated_126F60,func_150FB188,0x18,0x44813000,0x44812000,-,-,Move the first actor constant into the retail register,,,false
generated_126F60,func_150FB188,0x1C,0xE482005C,0x3C01C2A0,-,-,Materialize the second actor constant before actor stores,,,false
generated_126F60,func_150FB188,0x20,0xE4840054,0x44813000,-,-,Move the second actor constant into the retail register,,,false
generated_126F60,func_150FB188,0x24,0xE4860058,0xE480005C,-,-,Store zero through the retail floating-point lifetime,,,false
generated_126F60,func_150FB188,0x28,0x3C010000,0xE4840054,R_MIPS_HI16:D_800A1DC0,-,Store the first actor constant before stack parameters,,,false
generated_126F60,func_150FB188,0x2C,0xC4200000,0xE4860058,R_MIPS_LO16:D_800A1DC0,-,Store the second actor constant before stack parameters,,,false
generated_126F60,func_150FB188,0x30,0xE7A2001C,0xE7A0001C,-,-,Store the first zero parameter through the retail lifetime,,,false
generated_126F60,func_150FB188,0x34,0xE7A20020,0xE7A00020,-,-,Store the second zero parameter through the retail lifetime,,,false
generated_126F60,func_150FB188,0x38,0xE7A20024,0xE7A00024,-,-,Store the third zero parameter through the retail lifetime,,,false
generated_126F60,func_150FB188,0x3C,0x27A5001C,0xE7A20028,-,-,Store the first scale parameter through the retail lifetime,,,false
generated_126F60,func_150FB188,0x40,0xE7A00028,0xE7A2002C,-,-,Store the second scale parameter through the retail lifetime,,,false
generated_126F60,func_150FB188,0x48,0xE7A0002C,0x27A5001C,-,-,Form the parameter pointer in the call delay slot,,,false
game_16EE20,func_15142FBC,0x6C,0xAC650000,0x24840008,-,-,Advance the display-list cursor before updating cached state,,,false
game_16EE20,func_15142FBC,0x70,0x3C010000,0xAC650000,R_MIPS_HI16:D_800DD21C,-,Store the first cached mode word before setting up the second address,,,false
game_16EE20,func_15142FBC,0x74,0x24840008,0x3C010000,-,R_MIPS_HI16:D_800DD21C,Set up the second cached-mode address after advancing the cursor,,,false
game_16EE20,func_15143DA8,0x0C,0x8FA30000,0x8FAE0000,-,-,Load the volatile pointer home slot through the retail register lifetime,,,false
game_16EE20,func_15143DA8,0x10,0x00A62026,0x00A61826,-,-,Keep the first XOR result in the retail temporary register,,,false
game_16EE20,func_15143DA8,0x14,0x00C44026,0x00C33826,-,-,Form the swapped upper bound in the retail temporary register,,,false
game_16EE20,func_15143DA8,0x18,0x01003025,0x00E03025,-,-,Commit the swapped upper bound from the retail temporary register,,,false
game_16EE20,func_15143DA8,0x1C,0x00882826,0x00672826,-,-,Form the swapped lower bound from the retail temporary registers,,,false
game_16EE20,func_15143DA8,0x20,0x8C620000,0x8DC20000,-,-,Load the clamped value through the retail pointer lifetime,,,false
game_16EE20,func_15143DA8,0x30,0xAC650000,0xADC50000,-,-,Store the lower bound through the retail pointer lifetime,,,false
game_16EE20,func_15143DA8,0x48,0x8FAE0000,0x8FAF0000,-,-,Reload the volatile pointer through the retail final-store register,,,false
game_16EE20,func_15143DA8,0x54,0xADC60000,0xADE60000,-,-,Store the upper bound through the retail final-store register,,,false
game_18D770,func_151640C0,0x24,0x8FA5001C,0x8FAF001C,-,-,Load the volatile record pointer through the retail temporary register,,,false
game_18D770,func_151640C0,0x28,0x8CA30004,0x8DE30004,-,-,Load the source pointer through the retail record lifetime,,,false
game_18D770,func_151640C0,0x30,0x8C6F0000,0x8C640000,-,-,Load the source owner through the retail comparison register,,,false
game_18D770,func_151640C0,0x34,0x8C440018,0x8C450018,-,-,Load the current owner through the retail comparison register,,,false
game_18D770,func_151640C0,0x38,0x90660004,0x90670004,-,-,Load the source identifier through the retail register lifetime,,,false
game_18D770,func_151640C0,0x40,0x108F0006,0x10A40006,-,-,Compare the owner pointers through the retail register lifetimes,,,false
game_18D770,func_151640C0,0x44,0x90470004,0x90460004,-,-,Load the target identifier in the retail branch delay register,,,false
game_18D770,func_151640C0,0x50,0x9098003B,0x90B8003B,-,-,Load the current owner identifier through the retail owner register,,,false
game_18D770,func_151640C0,0x54,0x54D80004,0x54F80004,-,-,Compare the source identifier through the retail register lifetime,,,false
generated_131620,func_1510448C,0x30,0x0002C180,0x00022980,-,-,Form the scaled byte directly in the retail outgoing argument register,,,false
generated_131620,func_1510448C,0x3C,0x87A8002A,0x87B9002A,-,-,Reload the signed gate through the retail temporary register,,,false
generated_131620,func_1510448C,0x40,0x03022823,0x00A22823,-,-,Subtract from the retail outgoing argument register,,,false
generated_131620,func_1510448C,0x44,0x0005CA03,0x0005C203,-,-,Shift the scaled value through the retail temporary register,,,false
generated_131620,func_1510448C,0x48,0x03202825,0x03002825,-,-,Move the retail scaled temporary into the outgoing argument register,,,false
generated_131620,func_1510448C,0x54,0xAFA80014,0xAFB90014,-,-,Store the signed gate from the retail temporary register,,,false
generated_1CC440,func_1519F48C,0x08,0x5060000D,0x5060000E,-,-,Extend the null branch across the restored shared field base,,,false
generated_1CC440,func_1519F48C,0x14,0x24010006,0x24010006,-,-,Materialize the shared field base before the first comparison branch,0x24650058,,false
generated_1CC440,func_1519F48C,0x20,0xAC600058,0xACA00000,-,-,Clear the first field through the restored shared base,,,false
generated_1CC440,func_1519F48C,0x34,0xAC600060,0xACA00008,-,-,Clear the third field through the restored shared base,,,false
generated_1BFCB0,func_151928B0,0x020,0x00601025,0x00000000,-,-,Keep the default branch delay slot empty,,,false
generated_1BFCB0,func_151928B0,0x028,0x1020000B,0x1020000C,-,-,Extend the switch range branch across the shared epilogue,,,false
generated_1BFCB0,func_151928B0,0x048,0x10000003,0x10000004,-,-,Extend the zero-result case branch across the shared epilogue,,,false
generated_1BFCB0,func_151928B0,0x054,0xACAF0000,0x10000001,-,-,Branch from the one-result case to the shared epilogue,0xACAF0000,,false
game_16EE20,func_1514563C,0x000,0x27BDFFD8,0x27BDFFE0,-,-,Use retail's 32-byte leaf frame,,,false
game_16EE20,func_1514563C,0x004,0x8FAE0038,0x8FAE0030,-,-,Load the fifth argument through the retail frame,,,false
game_16EE20,func_1514563C,0x008,0x27AF0024,0x27AF0010,-,-,Address the fallback result at retail stack offset 0x10,,,false
game_16EE20,func_1514563C,0x014,0xAFAF0038,0xAFAF0030,-,-,Store the fallback result pointer through the retail frame,,,false
game_16EE20,func_1514563C,0x060,0x8FB80038,0x8FB80030,-,-,Reload the result pointer through the retail frame,,,false
game_16EE20,func_1514563C,0x0A8,0xE7A60004,0xE7A60000,-,-,Spill the interpolation amount at retail stack offset zero,,,false
game_16EE20,func_1514563C,0x0BC,0x460A4180,0x46085180,-,-,Add the scaled X component in retail operand order,,,false
game_16EE20,func_1514563C,0x0C4,0x8FB90038,0x8FB90030,-,-,Reload the Y result pointer through the retail frame,,,false
game_16EE20,func_1514563C,0x0C8,0xC4A80004,0xC4AA0004,-,-,Load the Y direction component into retail FP register f10,,,false
game_16EE20,func_1514563C,0x0D4,0x46082282,0x460A2202,-,-,Multiply the Y amount through retail FP registers,,,false
game_16EE20,func_1514563C,0x0D8,0x46065100,0x46064100,-,-,Add the scaled Y component through retail FP registers,,,false
game_16EE20,func_1514563C,0x0E0,0x8FA80038,0x8FA80030,-,-,Reload the Z result pointer through the retail frame,,,false
game_16EE20,func_1514563C,0x0E4,0xC4AA0008,0xC4A80008,-,-,Load the Z direction component into retail FP register f8,,,false
game_16EE20,func_1514563C,0x0EC,0xC5080000,0xC50A0000,-,-,Reload the Z interpolation amount into retail FP register f10,,,false
game_16EE20,func_1514563C,0x0F0,0x460A4182,0x46085182,-,-,Multiply the Z amount through retail FP registers,,,false
game_16EE20,func_1514563C,0x0F4,0x46043200,0x46043280,-,-,Add the scaled Z component through retail FP registers,,,false
game_16EE20,func_1514563C,0x0F8,0xE4E80008,0xE4EA0008,-,-,Store the Z result from retail FP register f10,,,false
game_16EE20,func_1514563C,0x100,0x27BD0028,0x27BD0020,-,-,Restore retail's 32-byte leaf frame,,,false
generated_1F4650,func_151C9ED4,0x000,0x27BDFFD0,0x27BDFFD8,-,-,Use retail's 40-byte frame for the shared local address,,,false
generated_1F4650,func_151C9ED4,0x010,0x27B0002C,0x27B00024,-,-,Address the local pointer word at retail stack offset 0x24,,,false
generated_1F4650,func_151C9ED4,0x014,0xAFA6002C,0xAFA60024,-,-,Store the incoming pointer at retail stack offset 0x24,,,false
generated_1F4650,func_151C9ED4,0x058,0x27BD0030,0x27BD0028,-,-,Restore retail's 40-byte frame,,,false
generated_20AE20,func_151E7F60,0x000,0x27BDFFA8,0x27BDFFB0,-,-,Use retail's 80-byte frame for the recovered local layout,,,false
generated_20AE20,func_151E7F60,0x008,0xAFA40058,0xAFA40050,-,-,Store the first argument through the retail frame,,,false
generated_20AE20,func_151E7F60,0x00C,0xAFA5005C,0xAFA50054,-,-,Store the second argument through the retail frame,,,false
generated_20AE20,func_151E7F60,0x010,0x8FAE0058,0x8FAE0050,-,-,Load the first argument through the retail frame,,,false
generated_20AE20,func_151E7F60,0x024,0xAFB9002C,0xAFB90030,-,-,Store the object-slot pointer at retail stack offset 0x30,,,false
generated_20AE20,func_151E7F60,0x03C,0x8FA40058,0x8FA40050,-,-,Reload the first argument for descriptor selection,,,false
generated_20AE20,func_151E7F60,0x058,0x8FAE005C,0x8FAE0054,-,-,Reload the second argument for the object table,,,false
generated_20AE20,func_151E7F60,0x06C,0x8FAA0058,0x8FAA0050,-,-,Reload the first argument for the position table,,,false
generated_20AE20,func_151E7F60,0x110,0xAFA80028,0xAFA8002C,-,-,Spill the object-table pointer at retail stack offset 0x2C,,,false
generated_20AE20,func_151E7F60,0x118,0xAFA90034,0xAFA9003C,-,-,Spill the object ID at retail stack offset 0x3C,,,false
generated_20AE20,func_151E7F60,0x11C,0x8FA80028,0x8FA8002C,-,-,Reload the object-table pointer after object creation,,,false
generated_20AE20,func_151E7F60,0x120,0x8FA90034,0x8FA9003C,-,-,Reload the object ID after object creation,,,false
generated_20AE20,func_151E7F60,0x128,0xAFA2003C,0xAFA2004C,-,-,Store the one-based object index at retail stack offset 0x4C,,,false
generated_20AE20,func_151E7F60,0x150,0x8FAB002C,0x8FAB0030,-,-,Reload the object-slot pointer from retail stack offset 0x30,,,false
generated_20AE20,func_151E7F60,0x1AC,0xAFA80028,0xAFA8002C,-,-,Preserve the object-table pointer across allocation,,,false
generated_20AE20,func_151E7F60,0x1B4,0xAFA90034,0xAFA9003C,-,-,Preserve the object ID across allocation,,,false
generated_20AE20,func_151E7F60,0x1B8,0x8FB9003C,0x8FB9004C,-,-,Reload the object index for the auxiliary pointer store,,,false
generated_20AE20,func_151E7F60,0x1F8,0x8FA80028,0x8FA8002C,-,-,Reload the object-table pointer after zeroing,,,false
generated_20AE20,func_151E7F60,0x1FC,0x8FA90034,0x8FA9003C,-,-,Reload the object ID after zeroing,,,false
generated_20AE20,func_151E7F60,0x200,0x8FAC003C,0x8FAC004C,-,-,Reload the object index for final setup,,,false
generated_20AE20,func_151E7F60,0x240,0x8FB80058,0x8FB80050,-,-,Reload the first argument for the special object tag,,,false
generated_20AE20,func_151E7F60,0x254,0xAFA4002C,0xAFA40030,-,-,Spill the object pointer at retail stack offset 0x30,,,false
generated_20AE20,func_151E7F60,0x25C,0x8FA4002C,0x8FA40030,-,-,Reload the object pointer for animation setup,,,false
generated_20AE20,func_151E7F60,0x280,0x27BD0058,0x27BD0050,-,-,Restore retail's 80-byte frame,,,false
generated_20AE20,func_151E82B8,0x024,0x14450015,0x14A20015,-,-,Preserve retail's commuted equality-branch operand order,,,false
generated_215960,func_151E84B0,0x000,0x27BDFFD8,0x27BDFFE0,-,-,Restore retail's 32-byte frame after retaining the original local-slot gap,,,false
generated_215960,func_151E84B0,0x164,0x27BD0028,0x27BD0020,-,-,Restore retail's 32-byte frame in the epilogue,,,false
generated_215960,func_151E8620,0x010,0x3C020000,0x3C050000,R_MIPS_HI16:D_8008FFC0,R_MIPS_HI16:D_8008FFC0,Keep the mode callback in retail's a1 lifetime,,,false
generated_215960,func_151E8620,0x014,0x3C0F0900,0x3C0E0900,-,-,Materialize the active marker through retail's t6 temporary,,,false
generated_215960,func_151E8620,0x018,0x00037080,0x00037880,-,-,Scale the mode index through retail's t7 temporary,,,false
generated_215960,func_151E8620,0x01C,0x004E1021,0x00AF2821,-,-,Index the callback table through retail's a1 lifetime,,,false
generated_215960,func_151E8620,0x020,0x8C420000,0x8CA50000,R_MIPS_LO16:D_8008FFC0,R_MIPS_LO16:D_8008FFC0,Load the callback through retail's a1 lifetime,,,false
generated_215960,func_151E8620,0x028,0x00802825,0x00803025,-,-,Retain the original display-list pointer in a2,,,false
generated_215960,func_151E8620,0x02C,0x10400007,0x10A00007,-,-,Test the callback through retail's a1 lifetime,,,false
generated_215960,func_151E8620,0x030,0xAC2F0000,0xAC2E0000,R_MIPS_LO16:D_8003C8E0,R_MIPS_LO16:D_8003C8E0,Store the active marker from retail's t6 temporary,,,false
generated_215960,func_151E8620,0x034,0x0040F809,0x00A0F809,-,-,Dispatch through retail's a1 callback lifetime,,,false
generated_215960,func_151E8620,0x038,0xAFA50018,0xAFA60018,-,-,Spill the original pointer from retail's a2 lifetime,,,false
generated_215960,func_151E8620,0x040,0x8FA50018,0x90630000,-,R_MIPS_LO16:D_800E0B94,Reload the mode before restoring the original pointer,,,false
generated_215960,func_151E8620,0x044,0x00402025,0x8FA60018,-,-,Restore the original pointer through retail's a2 lifetime,,,false
generated_215960,func_151E8620,0x048,0x90630000,0x00402025,R_MIPS_LO16:D_800E0B94,-,Move the callback result after the mode and pointer reloads,,,false
generated_215960,func_151E8620,0x0B4,0x00A01025,0x00C01025,-,-,Return the original pointer through retail's a2 lifetime on overflow,,,false
generated_215960,func_151E86E4,0x048,0xC4220000,0xC42C0000,R_MIPS_LO16:D_8008FE20,R_MIPS_LO16:D_8008FE20,Keep the vertical display scale in retail's f12 lifetime,,,false
generated_215960,func_151E86E4,0x07C,0x46028482,0x460C8482,-,-,Multiply the upper Y coordinate through retail's f12 scale lifetime,,,false
generated_215960,func_151E86E4,0x094,0x46024282,0x460C4282,-,-,Multiply the lower Y coordinate through retail's f12 scale lifetime,,,false
generated_215960,func_151E86E4,0x0BC,0x46028483,0x460C8483,-,-,Divide the vertical texture step through retail's f12 scale lifetime,,,false
generated_215960,func_151E9D18,0x2E4,0x8C840000,0x00622821,R_MIPS_LO16:D_8008FDD4,-,Form the team-array end pointer before the independent record load,,,false
generated_215960,func_151E9D18,0x2E8,0x00622821,0x8C840000,-,R_MIPS_LO16:D_8008FDD4,Complete the record load after the independent end-pointer calculation,,,false
generated_215960,func_151E966C,0x184,0xAFB800F4,0xAFB800E0,-,-,Normalize persistent IDO stack and instruction scheduling to retail,,,false
generated_215960,func_151E966C,0x198,0xAFAA00F4,0xAFAA00E0,-,-,Normalize persistent IDO stack and instruction scheduling to retail,,,false
generated_215960,func_151E966C,0x1D0,0x8FB800F4,0x8FB800E0,-,-,Normalize persistent IDO stack and instruction scheduling to retail,,,false
generated_215960,func_151E966C,0x244,0x8FB800F4,0x8FB800E0,-,-,Normalize persistent IDO stack and instruction scheduling to retail,,,false
generated_215960,func_151E966C,0x258,0x18600069,0x18600068,-,-,Normalize persistent IDO stack and instruction scheduling to retail,,,false
generated_215960,func_151E966C,0x25C,0xAFAA00F8,0xAFAA00E4,-,-,Normalize persistent IDO stack and instruction scheduling to retail,,,false
generated_215960,func_151E966C,0x26C,0xAFB900F0,0x26B50000,-,R_MIPS_LO16:D_80087268,Normalize persistent IDO stack and instruction scheduling to retail,,,false
generated_215960,func_151E966C,0x270,0x26B50000,0x36D64040,R_MIPS_LO16:D_80087268,-,Normalize persistent IDO stack and instruction scheduling to retail,,,false
generated_215960,func_151E966C,0x274,0x36D64040,0xAFB90060,-,-,Normalize persistent IDO stack and instruction scheduling to retail,,,false
generated_215960,func_151E966C,0x28C,0x8FAD00F0,0x8FAD0060,-,-,Normalize persistent IDO stack and instruction scheduling to retail,,,false
generated_215960,func_151E966C,0x29C,0x8FAC00F0,0x8FAC0060,-,-,Normalize persistent IDO stack and instruction scheduling to retail,,,false
generated_215960,func_151E966C,0x2C0,0x17200043,0x17200042,-,-,Normalize persistent IDO stack and instruction scheduling to retail,,,false
generated_215960,func_151E966C,0x2C4,0x00008025,0x8FAB0108,-,-,Normalize persistent IDO stack and instruction scheduling to retail,,,false
generated_215960,func_151E966C,0x2C8,0x8FAC0108,0x16EB0002,-,-,Normalize persistent IDO stack and instruction scheduling to retail,,,false
generated_215960,func_151E966C,0x2CC,0x3C0F0000,0x00008825,R_MIPS_HI16:D_800ABA90,-,Normalize persistent IDO stack and instruction scheduling to retail,,,false
generated_215960,func_151E966C,0x2D0,0x25EF0000,0x26940001,R_MIPS_LO16:D_800ABA90,-,Normalize persistent IDO stack and instruction scheduling to retail,,,false
generated_215960,func_151E966C,0x2D4,0x00175880,0x02401825,-,-,Normalize persistent IDO stack and instruction scheduling to retail,,,false
generated_215960,func_151E966C,0x2D8,0x16EC0002,0x3C0FE700,-,-,Normalize persistent IDO stack and instruction scheduling to retail,,,false
generated_215960,func_151E966C,0x2DC,0x016F1021,0xAC6F0000,-,-,Normalize persistent IDO stack and instruction scheduling to retail,,,false
generated_215960,func_151E966C,0x2E0,0x26940001,0xAC600004,-,-,Normalize persistent IDO stack and instruction scheduling to retail,,,false
generated_215960,func_151E966C,0x2E4,0x02401825,0x26520008,-,-,Normalize persistent IDO stack and instruction scheduling to retail,,,false
generated_215960,func_151E966C,0x2E8,0x3C0DE700,0x3C0D0000,-,R_MIPS_HI16:D_800ABA90,Normalize persistent IDO stack and instruction scheduling to retail,,,false
generated_215960,func_151E966C,0x2EC,0xAC6D0000,0x25AD0000,-,R_MIPS_LO16:D_800ABA90,Normalize persistent IDO stack and instruction scheduling to retail,,,false
generated_215960,func_151E966C,0x2F0,0xAC600004,0x02402025,-,-,Normalize persistent IDO stack and instruction scheduling to retail,,,false
generated_215960,func_151E966C,0x2F4,0x26520008,0x00176080,-,-,Normalize persistent IDO stack and instruction scheduling to retail,,,false
generated_215960,func_151E966C,0x2F8,0x02402025,0x018D1021,-,-,Normalize persistent IDO stack and instruction scheduling to retail,,,false
generated_215960,func_151E966C,0x330,0x8FAA00F8,0x8FAA00E4,-,-,Normalize persistent IDO stack and instruction scheduling to retail,,,false
generated_215960,func_151E966C,0x33C,0x18A00024,0x18A00023,-,-,Normalize persistent IDO stack and instruction scheduling to retail,,,false
generated_215960,func_151E966C,0x340,0x014F8823,0x014F8023,-,-,Normalize persistent IDO stack and instruction scheduling to retail,,,false
generated_215960,func_151E966C,0x348,0x1614000A,0x1634000A,-,-,Normalize persistent IDO stack and instruction scheduling to retail,,,false
generated_215960,func_151E966C,0x34C,0x00112880,0x00102880,-,-,Normalize persistent IDO stack and instruction scheduling to retail,,,false
generated_215960,func_151E966C,0x374,0x26270007,0x26070007,-,-,Normalize persistent IDO stack and instruction scheduling to retail,,,false
generated_215960,func_151E966C,0x38C,0x26100001,0xAFAB0024,-,-,Normalize persistent IDO stack and instruction scheduling to retail,,,false
generated_215960,func_151E966C,0x390,0xAFAB0024,0xAFB90020,-,-,Normalize persistent IDO stack and instruction scheduling to retail,,,false
generated_215960,func_151E966C,0x394,0xAFB90020,0xAFAE001C,-,-,Normalize persistent IDO stack and instruction scheduling to retail,,,false
generated_215960,func_151E966C,0x398,0xAFAE001C,0xAFAC0018,-,-,Normalize persistent IDO stack and instruction scheduling to retail,,,false
generated_215960,func_151E966C,0x39C,0xAFAC0018,0x03003825,-,-,Normalize persistent IDO stack and instruction scheduling to retail,,,false
generated_215960,func_151E966C,0x3A0,0x03003825,0x02402025,-,-,Normalize persistent IDO stack and instruction scheduling to retail,,,false
generated_215960,func_151E966C,0x3A4,0x02402025,0x8FA60104,-,-,Normalize persistent IDO stack and instruction scheduling to retail,,,false
generated_215960,func_151E966C,0x3A8,0x8FA60104,0xAFB30010,-,-,Normalize persistent IDO stack and instruction scheduling to retail,,,false
generated_215960,func_151E966C,0x3AC,0xAFB30010,0x0C000000,-,R_MIPS_26:func_151E86E4,Normalize persistent IDO stack and instruction scheduling to retail,,,false
generated_215960,func_151E966C,0x3B0,0x0C000000,0xAFA00014,R_MIPS_26:func_151E86E4,-,Normalize persistent IDO stack and instruction scheduling to retail,,,false
generated_215960,func_151E966C,0x3B4,0xAFA00014,0x82AA0000,-,-,Normalize persistent IDO stack and instruction scheduling to retail,,,false
generated_215960,func_151E966C,0x3B8,0x82AA0000,0x26310001,-,-,Normalize persistent IDO stack and instruction scheduling to retail,,,false
generated_215960,func_151E966C,0x3C0,0x26310008,0x022A082A,-,-,Normalize persistent IDO stack and instruction scheduling to retail,,,false
generated_215960,func_151E966C,0x3C4,0x020A082A,0x1420FFE0,-,-,Normalize persistent IDO stack and instruction scheduling to retail,,,false
generated_215960,func_151E966C,0x3C8,0x1420FFDF,0x26100008,-,-,Normalize persistent IDO stack and instruction scheduling to retail,,,false
generated_215960,func_151E966C,0x3CC,0x00000000,0x3C190000,-,R_MIPS_HI16:D_800E0BB0,Normalize persistent IDO stack and instruction scheduling to retail,,,false
generated_215960,func_151E966C,0x3D0,0x3C190000,0x83390000,R_MIPS_HI16:D_800E0BB0,R_MIPS_LO16:D_800E0BB0,Normalize persistent IDO stack and instruction scheduling to retail,,,false
generated_215960,func_151E966C,0x3D4,0x8FAF00F0,0x8FAC0060,-,-,Normalize persistent IDO stack and instruction scheduling to retail,,,false
generated_215960,func_151E966C,0x3D8,0x83390000,0x8FAF00E4,R_MIPS_LO16:D_800E0BB0,-,Normalize persistent IDO stack and instruction scheduling to retail,,,false
generated_215960,func_151E966C,0x3DC,0x8FB800F8,0x8FAD00E0,-,-,Normalize persistent IDO stack and instruction scheduling to retail,,,false
generated_215960,func_151E966C,0x3E0,0x8FAC00F4,0x26F70001,-,-,Normalize persistent IDO stack and instruction scheduling to retail,,,false
generated_215960,func_151E966C,0x3E4,0x26F70001,0x02F9082A,-,-,Normalize persistent IDO stack and instruction scheduling to retail,,,false
generated_215960,func_151E966C,0x3E8,0x25ED0002,0x258E0002,-,-,Normalize persistent IDO stack and instruction scheduling to retail,,,false
generated_215960,func_151E966C,0x3EC,0x02F9082A,0x01EDC021,-,-,Normalize persistent IDO stack and instruction scheduling to retail,,,false
generated_215960,func_151E966C,0x3F0,0x030C7021,0xAFAE0060,-,-,Normalize persistent IDO stack and instruction scheduling to retail,,,false
generated_215960,func_151E966C,0x3F4,0xAFAD00F0,0x1420FFA1,-,-,Normalize persistent IDO stack and instruction scheduling to retail,,,false
generated_215960,func_151E966C,0x3F8,0x1420FFA0,0xAFB800E4,-,-,Normalize persistent IDO stack and instruction scheduling to retail,,,false
generated_215960,func_151E966C,0x3FC,0xAFAE00F8,0x83AB00FF,-,-,Normalize persistent IDO stack and instruction scheduling to retail,,,false
generated_215960,func_151E966C,0x400,0x83AB00FF,0x3C040000,-,R_MIPS_HI16:D_D16,Normalize persistent IDO stack and instruction scheduling to retail,,,false
generated_215960,func_151E966C,0x404,0x3C040000,0x3C1EFB00,R_MIPS_HI16:D_D16,-,Normalize persistent IDO stack and instruction scheduling to retail,,,false
generated_215960,func_151E966C,0x408,0x3C1EFB00,0x11600096,-,-,Normalize persistent IDO stack and instruction scheduling to retail,,,false
generated_215960,func_151E966C,0x40C,0x11600095,0x24840000,-,R_MIPS_LO16:D_D16,Normalize persistent IDO stack and instruction scheduling to retail,,,false
generated_215960,func_151E966C,0x410,0x24840001,0x24840001,R_MIPS_LO16:D_D16,-,Normalize persistent IDO stack and instruction scheduling to retail,,,false
generated_215960,func_151E966C,0x570,0x3C100000,0x5860003D,R_MIPS_HI16:D_800ABA90,-,Normalize persistent IDO stack and instruction scheduling to retail,,,false
generated_215960,func_151E966C,0x574,0x26100000,0x02401825,R_MIPS_LO16:D_800ABA90,-,Normalize persistent IDO stack and instruction scheduling to retail,,,false
generated_215960,func_151E966C,0x578,0x5860003B,0x83B800FF,-,-,Normalize persistent IDO stack and instruction scheduling to retail,,,false
generated_215960,func_151E966C,0x57C,0x02401825,0x240C0001,-,-,Normalize persistent IDO stack and instruction scheduling to retail,,,false
generated_215960,func_151E966C,0x580,0x83B800FF,0x02EC7004,-,-,Normalize persistent IDO stack and instruction scheduling to retail,,,false
generated_215960,func_151E966C,0x584,0x240C0001,0x030EC824,-,-,Normalize persistent IDO stack and instruction scheduling to retail,,,false
generated_215960,func_151E966C,0x588,0x02EC7004,0x13200031,-,-,Normalize persistent IDO stack and instruction scheduling to retail,,,false
generated_215960,func_151E966C,0x58C,0x030EC824,0x3C0BE700,-,-,Normalize persistent IDO stack and instruction scheduling to retail,,,false
generated_215960,func_151E966C,0x590,0x1320002F,0xAFA900E4,-,-,Normalize persistent IDO stack and instruction scheduling to retail,,,false
generated_215960,func_151E966C,0x594,0x3C0BE700,0x02401825,-,-,Normalize persistent IDO stack and instruction scheduling to retail,,,false
generated_215960,func_151E966C,0x598,0xAFA900F8,0xAC6B0000,-,-,Normalize persistent IDO stack and instruction scheduling to retail,,,false
generated_215960,func_151E966C,0x59C,0x02401825,0xAC600004,-,-,Normalize persistent IDO stack and instruction scheduling to retail,,,false
generated_215960,func_151E966C,0x5A0,0xAC6B0000,0x26520008,-,-,Normalize persistent IDO stack and instruction scheduling to retail,,,false
generated_215960,func_151E966C,0x5A4,0xAC600004,0x3C0F0000,-,R_MIPS_HI16:D_800ABA90,Normalize persistent IDO stack and instruction scheduling to retail,,,false
generated_215960,func_151E966C,0x5A8,0x26520008,0x25EF0000,-,R_MIPS_LO16:D_800ABA90,Normalize persistent IDO stack and instruction scheduling to retail,,,false
generated_215960,func_151E966C,0x5B4,0x020A1021,0x014F1021,-,-,Normalize persistent IDO stack and instruction scheduling to retail,,,false
generated_215960,func_151E966C,0x5BC,0x904D0002,0x904C0002,-,-,Normalize persistent IDO stack and instruction scheduling to retail,,,false
generated_215960,func_151E966C,0x5C0,0x904E0000,0x90590000,-,-,Normalize persistent IDO stack and instruction scheduling to retail,,,false
generated_215960,func_151E966C,0x5C4,0x904F0001,0x904D0001,-,-,Normalize persistent IDO stack and instruction scheduling to retail,,,false
generated_215960,func_151E966C,0x5C8,0x000D6200,0x000CC200,-,-,Normalize persistent IDO stack and instruction scheduling to retail,,,false
generated_215960,func_151E966C,0x5CC,0x000ECE00,0x00195E00,-,-,Normalize persistent IDO stack and instruction scheduling to retail,,,false
generated_215960,func_151E966C,0x5D0,0x01995825,0x030B5025,-,-,Normalize persistent IDO stack and instruction scheduling to retail,,,false
generated_215960,func_151E966C,0x5D4,0x000F6C00,0x000D6400,-,-,Normalize persistent IDO stack and instruction scheduling to retail,,,false
generated_215960,func_151E966C,0x5D8,0x016DC025,0x014C7025,-,-,Normalize persistent IDO stack and instruction scheduling to retail,,,false
generated_215960,func_151E966C,0x5DC,0x370E00FF,0x35D900FF,-,-,Normalize persistent IDO stack and instruction scheduling to retail,,,false
generated_215960,func_151E966C,0x5E0,0xAD0E0004,0xAD190004,-,-,Normalize persistent IDO stack and instruction scheduling to retail,,,false
generated_215960,func_151E966C,0x5E8,0x8FAC00F8,0x8FB800E4,-,-,Normalize persistent IDO stack and instruction scheduling to retail,,,false
generated_215960,func_151E966C,0x5EC,0x8FAA0104,0x8FAF0104,-,-,Normalize persistent IDO stack and instruction scheduling to retail,,,false
generated_215960,func_151E966C,0x5F0,0x240D0600,0x240C0600,-,-,Normalize persistent IDO stack and instruction scheduling to retail,,,false
generated_215960,func_151E966C,0x5F4,0x2585FFF8,0x2705FFF8,-,-,Normalize persistent IDO stack and instruction scheduling to retail,,,false
generated_215960,func_151E966C,0x5F8,0x0005C880,0x00055880,-,-,Normalize persistent IDO stack and instruction scheduling to retail,,,false
generated_215960,func_151E966C,0x5FC,0x03202825,0x01602825,-,-,Normalize persistent IDO stack and instruction scheduling to retail,,,false
generated_215960,func_151E966C,0x600,0x25870008,0x27070008,-,-,Normalize persistent IDO stack and instruction scheduling to retail,,,false
generated_215960,func_151E966C,0x604,0x00077880,0x00076880,-,-,Normalize persistent IDO stack and instruction scheduling to retail,,,false
generated_215960,func_151E966C,0x608,0x24190400,0x240B0400,-,-,Normalize persistent IDO stack and instruction scheduling to retail,,,false
generated_215960,func_151E966C,0x60C,0x24180280,0x240E0280,-,-,Normalize persistent IDO stack and instruction scheduling to retail,,,false
generated_215960,func_151E966C,0x610,0x240E0400,0x24190400,-,-,Normalize persistent IDO stack and instruction scheduling to retail,,,false
generated_215960,func_151E966C,0x614,0x254B0028,0x25EA0028,-,-,Normalize persistent IDO stack and instruction scheduling to retail,,,false
generated_215960,func_151E966C,0x618,0xAFAB0010,0xAFAA0010,-,-,Normalize persistent IDO stack and instruction scheduling to retail,,,false
generated_215960,func_151E966C,0x61C,0xAFAE0020,0xAFB90020,-,-,Normalize persistent IDO stack and instruction scheduling to retail,,,false
generated_215960,func_151E966C,0x620,0xAFB8001C,0xAFAE001C,-,-,Normalize persistent IDO stack and instruction scheduling to retail,,,false
generated_215960,func_151E966C,0x624,0xAFB90024,0xAFAB0024,-,-,Normalize persistent IDO stack and instruction scheduling to retail,,,false
generated_215960,func_151E966C,0x628,0x01E03825,0x01A03825,-,-,Normalize persistent IDO stack and instruction scheduling to retail,,,false
generated_215960,func_151E966C,0x62C,0xAFAD0018,0xAFAC0018,-,-,Normalize persistent IDO stack and instruction scheduling to retail,,,false
generated_215960,func_151E966C,0x63C,0x2546FFE8,0x25E6FFE8,-,-,Normalize persistent IDO stack and instruction scheduling to retail,,,false
generated_215960,func_151E966C,0x64C,0x8FA900F8,0x8FA900E4,-,-,Normalize persistent IDO stack and instruction scheduling to retail,,,false
generated_215960,func_151E966C,0x650,0x8FAC00F4,0x8FB800E0,-,-,Normalize persistent IDO stack and instruction scheduling to retail,,,false
generated_215960,func_151E966C,0x65C,0x1420FFC8,0x1420FFC6,-,-,Normalize persistent IDO stack and instruction scheduling to retail,,,false
generated_215960,func_151E966C,0x660,0x012C4821,0x01384821,-,-,Normalize persistent IDO stack and instruction scheduling to retail,,,false
generated_215960,func_151E966C,0x668,0x3C0FE700,0x3C0DE700,-,-,Normalize persistent IDO stack and instruction scheduling to retail,,,false
generated_215960,func_151E966C,0x66C,0xAC6F0000,0xAC6D0000,-,-,Normalize persistent IDO stack and instruction scheduling to retail,,,false
game_30E90,func_15004CE0,0x004,0x2408FFDF,0x2407FFDF,-,-,Keep the end-command sentinel in retail's a3 lifetime,,,false
game_30E90,func_15004CE0,0x014,0x110E0013,0x10EE0013,-,-,Test the initial opcode against the retail sentinel lifetime,,,false
game_30E90,func_15004CE0,0x018,0x3C0B8000,0x3C0A8000,-,-,Keep the physical-address limit in retail's t2 lifetime,,,false
game_30E90,func_15004CE0,0x020,0x240A000E,0x2409000E,-,-,Keep the move-word index in retail's t1 lifetime,,,false
game_30E90,func_15004CE0,0x024,0x2409FFDC,0x2408FFDC,-,-,Keep the move-word opcode in retail's t0 lifetime,,,false
game_30E90,func_15004CE0,0x028,0x14A90009,0x15050009,-,-,Test the opcode through retail's t0 and a1 lifetimes,,,false
game_30E90,func_15004CE0,0x034,0x554F0007,0x552F0007,-,-,Test the move-word index through retail's t1 lifetime,,,false
game_30E90,func_15004CE0,0x040,0x00AB082B,0x00AA082B,-,-,Compare the payload against retail's t2 address limit,,,false
game_30E90,func_15004CE0,0x054,0x00991821,0x03241821,-,-,Commute the indexed command pointer addition to retail operand order,,,false
game_30E90,func_15004CE0,0x05C,0x14A8FFF2,0x14E5FFF2,-,-,Test the refreshed opcode against retail's a3 sentinel lifetime,,,false
generated_61D10,func_15034EB4,0x048,0x460A8002,0x46105002,-,-,Use retail commutative floating-multiply operand order,,,false
generated_AC030,func_1507F454,0x018,0x00024080,0x0002C880,-,-,Retain retail sequence-index register allocation,,,false
generated_AC030,func_1507F454,0x028,0x3C090000,0x3C080000,R_MIPS_HI16:D_80086BA0,R_MIPS_HI16:D_80086BA0,Retain retail sequence-table register allocation,,,false
generated_AC030,func_1507F454,0x02C,0x01284821,0x01194021,-,-,Retain retail sequence-table register allocation,,,false
generated_AC030,func_1507F454,0x038,0x8D290000,0x8D080000,R_MIPS_LO16:D_80086BA0,R_MIPS_LO16:D_80086BA0,Retain retail sequence-table register allocation,,,false
generated_AC030,func_1507F454,0x03C,0x331900FF,0x330900FF,-,-,Retain retail sequence-cursor register allocation,,,false
generated_AC030,func_1507F454,0x044,0x03295021,0x01095021,-,-,Retain retail sequence-byte address allocation,,,false
generated_C9EC0,func_1509CB68,0x000,0x3C020000,0x3C040000,R_MIPS_HI16:D_80088420,R_MIPS_HI16:D_80087430,Schedule the record-table address load before the end pointer,,,false
generated_C9EC0,func_1509CB68,0x004,0x3C040000,0x3C020000,R_MIPS_HI16:D_80087430,R_MIPS_HI16:D_80088420,Schedule the end-pointer address load after the record table,,,false
generated_C9EC0,func_1509CB68,0x008,0x24420000,0x00001825,R_MIPS_LO16:D_80088420,-,Initialize the count before completing the end pointer,,,false
generated_C9EC0,func_1509CB68,0x00C,0x00001825,0x24420000,-,R_MIPS_LO16:D_80088420,Complete the end pointer after the count initialization,,,false
generated_124920,func_150F9720,0x000,0x27BDFFD0,0x27BDFFD8,-,-,Use retail's 40-byte event-buffer frame,,,false
generated_124920,func_150F9720,0x008,0xAFA40030,0xAFA40028,-,-,Store the argument in retail's incoming home slot,,,false
generated_124920,func_150F9720,0x024,0x27A40028,0x27A40020,-,-,Address the event buffer in retail's local slot,,,false
generated_124920,func_150F9720,0x028,0xAFA00028,0xAFA00020,-,-,Clear the event header in retail's local slot,,,false
generated_124920,func_150F9720,0x02C,0xAFA4001C,0xAFA40018,-,-,Spill the event-buffer pointer in retail's slot,,,false
generated_124920,func_150F9720,0x030,0xAFA20020,0xAFA2001C,-,-,Spill the selected pair pointer in retail's slot,,,false
generated_124920,func_150F9720,0x03C,0xA3B8002C,0xA3B80024,-,-,Write the first event byte in retail's local slot,,,false
generated_124920,func_150F9720,0x040,0x8FA20020,0x8FA2001C,-,-,Reload the selected pair pointer from retail's slot,,,false
generated_124920,func_150F9720,0x044,0x8FA4001C,0x8FA40018,-,-,Reload the event-buffer pointer from retail's slot,,,false
generated_124920,func_150F9720,0x054,0xA3B9002C,0xA3B90024,-,-,Write the second event byte in retail's local slot,,,false
generated_124920,func_150F9720,0x05C,0x27BD0030,0x27BD0028,-,-,Release retail's 40-byte event-buffer frame,,,false
generated_15AA10,func_1512D604,0x000,0x3C070000,0x3C060000,R_MIPS_HI16:D_800DC2B0,R_MIPS_HI16:D_800DC2B0,Retain the global-pointer address in retail's a2 lifetime,,,false
generated_15AA10,func_1512D604,0x004,0x24E70000,0x24C60000,R_MIPS_LO16:D_800DC2B0,R_MIPS_LO16:D_800DC2B0,Complete the global-pointer address in retail's a2 lifetime,,,false
generated_15AA10,func_1512D604,0x008,0x240600B0,0x240700B0,-,-,Retain the record stride in retail's a3 lifetime,,,false
generated_15AA10,func_1512D604,0x00C,0x908E023D,0x908F023D,-,-,Load the first record index through retail's t7 lifetime,,,false
generated_15AA10,func_1512D604,0x010,0x8CF80000,0x8CCE0000,-,-,Load the first record base through retail's t6 lifetime,,,false
generated_15AA10,func_1512D604,0x018,0x01C60019,0x01E70019,-,-,Scale the first record index through retail's a3 stride,,,false
generated_15AA10,func_1512D604,0x01C,0x00007812,0x0000C012,-,-,Retain the first record offset in retail's t8 lifetime,,,false
generated_15AA10,func_1512D604,0x020,0x01F81021,0x01D81021,-,-,Form the first record pointer from retail's base and offset,,,false
generated_15AA10,func_1512D604,0x024,0x8C4300A8,0x8C4500A8,-,-,Retain the old slot index in retail's a1 lifetime,,,false
generated_15AA10,func_1512D604,0x028,0x24790001,0x24A80001,-,-,Increment the slot index through retail's t0 lifetime,,,false
generated_15AA10,func_1512D604,0x02C,0xAC5900A8,0xAC4800A8,-,-,Store the incremented slot index through retail's t0 lifetime,,,false
generated_15AA10,func_1512D604,0x030,0x9089023D,0x908A023D,-,-,Reload the record index through retail's t2 lifetime,,,false
generated_15AA10,func_1512D604,0x034,0x8CEB0000,0x8CC90000,-,-,Reload the record base through retail's t1 lifetime,,,false
generated_15AA10,func_1512D604,0x038,0x000340C0,0x0005C8C0,-,-,Scale the old slot index through retail's t9 lifetime,,,false
generated_15AA10,func_1512D604,0x03C,0x01260019,0x01470019,-,-,Scale the second record index through retail's a3 stride,,,false
generated_15AA10,func_1512D604,0x040,0x01022821,0x00591821,-,-,Form the returned slot pointer in retail's v1 lifetime,,,false
generated_15AA10,func_1512D604,0x044,0x00005012,0x00005812,-,-,Retain the second record offset in retail's t3 lifetime,,,false
generated_15AA10,func_1512D604,0x048,0x014B1021,0x012B1021,-,-,Form the second record pointer from retail's base and offset,,,false
generated_15AA10,func_1512D604,0x054,0x00A01025,0x00601025,-,-,Return the slot pointer through retail's v1 lifetime on no wrap,,,false
generated_15AA10,func_1512D604,0x05C,0x00A01025,0x00601025,-,-,Return the slot pointer through retail's v1 lifetime after wrap,,,false
game_1944C0,func_15168B44,0x000,0x8C820014,0x8C830014,-,-,Retain the packed counter word in retail's v1 lifetime,,,false
game_1944C0,func_15168B44,0x004,0x3C01FFFF,0x2418001E,-,-,Schedule retail's first timer constant before the independent mask,,,false
game_1944C0,func_15168B44,0x008,0x240F001E,0x3C01FFFF,-,-,Schedule retail's upper-half mask after the independent timer constant,,,false
game_1944C0,func_15168B44,0x00C,0x3045FFFF,0x306EFFFF,-,-,Extract the low counter through retail's t6 lifetime,,,false
game_1944C0,func_15168B44,0x010,0x10A00008,0x11C00008,-,-,Test the low counter through retail's t6 lifetime,,,false
game_1944C0,func_15168B44,0x014,0x24A3FFFF,0x25C2FFFF,-,-,Decrement the low counter through retail's v0 lifetime,,,false
game_1944C0,func_15168B44,0x018,0x00413024,0x0061C824,-,-,Clear the low half through retail's t9 lifetime,,,false
game_1944C0,func_15168B44,0x01C,0x306EFFFF,0x304FFFFF,-,-,Mask the decremented counter through retail's t7 lifetime,,,false
game_1944C0,func_15168B44,0x020,0xAC860014,0xAC990014,-,-,Publish the cleared packed counter through retail's t9 lifetime,,,false
game_1944C0,func_15168B44,0x024,0x01C6C025,0x032F4825,-,-,Merge the decremented counter through retail's t1 lifetime,,,false
game_1944C0,func_15168B44,0x028,0xA48F0038,0xA4980038,-,-,Store the first timer through retail's t8 lifetime,,,false
game_1944C0,func_15168B44,0x030,0xAC980014,0xAC890014,-,-,Publish the merged packed counter through retail's t1 lifetime,,,false
game_1944C0,func_15168B44,0x034,0x9085003F,0x9086003F,-,-,Load the available count through retail's a2 lifetime,,,false
game_1944C0,func_15168B44,0x038,0x00021C03,0x00031403,-,-,Extract the upper counter through retail's v0 lifetime,,,false
game_1944C0,func_15168B44,0x03C,0x3079FFFF,0x304AFFFF,-,-,Mask the upper counter through retail's t2 lifetime,,,false
game_1944C0,func_15168B44,0x040,0x0325082A,0x0146082A,-,-,Compare the upper and available counts through retail lifetimes,,,false
game_1944C0,func_15168B44,0x048,0x00B94023,0x00CA5823,-,-,Subtract the upper count through retail's t3 lifetime,,,false
game_1944C0,func_15168B44,0x04C,0x2409001E,0x240C001E,-,-,Load the second timer constant through retail's t4 lifetime,,,false
game_1944C0,func_15168B44,0x050,0xA088003F,0xA08B003F,-,-,Store the available count through retail's t3 lifetime,,,false
game_1944C0,func_15168B44,0x058,0xA4890038,0xA48C0038,-,-,Store the second timer through retail's t4 lifetime,,,false
generated_1C2C60,func_151993E4,0x018,0x9069003B,0x9067003B,-,-,Retain the object ID in retail's a3 lifetime,,,false
generated_1C2C60,func_151993E4,0x020,0x552E0004,0x54EE0004,-,-,Compare the object ID through retail's a3 lifetime,,,false
generated_1C2C60,func_1519944C,0x018,0x9069003B,0x9067003B,-,-,Retain the object ID in retail's a3 lifetime,,,false
generated_1C2C60,func_1519944C,0x020,0x552E0004,0x54EE0004,-,-,Compare the object ID through retail's a3 lifetime,,,false
generated_1C2C60,func_1519BEB8,0x018,0x9069003B,0x9067003B,-,-,Retain the object ID in retail's a3 lifetime,,,false
generated_1C2C60,func_1519BEB8,0x020,0x552E0004,0x54EE0004,-,-,Compare the object ID through retail's a3 lifetime,,,false
generated_1C2C60,func_1519BF20,0x018,0x9069003B,0x9067003B,-,-,Retain the object ID in retail's a3 lifetime,,,false
generated_1C2C60,func_1519BF20,0x020,0x552E0004,0x54EE0004,-,-,Compare the object ID through retail's a3 lifetime,,,false
generated_1D0840,func_151A4E34,0x050,0x03233021,0x00793021,-,-,Preserve retail's commutative target-plus-index operand order,,,false
entrypoint,func_15007830,0x05C,0x240F0002,0x24170002,-,-,Preserve retail register allocation in the recovered entrypoint loop,,,false
entrypoint,func_15007830,0x060,0xA44F0020,0xA4570000,-,-,Preserve retail register allocation in the recovered entrypoint loop,,,false
entrypoint,func_15007830,0x064,0xA44F0000,0xA4570020,-,-,Preserve retail register allocation in the recovered entrypoint loop,,,false
entrypoint,func_15007830,0x0DC,0x3C160000,0x3C150000,R_MIPS_HI16:D_800BEA04,R_MIPS_HI16:D_800BEA04,Preserve retail register allocation in the recovered entrypoint loop,,,false
entrypoint,func_15007830,0x0E0,0x3C170000,0x3C160000,R_MIPS_HI16:D_800BEA00,R_MIPS_HI16:D_800BEA00,Preserve retail register allocation in the recovered entrypoint loop,,,false
entrypoint,func_15007830,0x0E4,0x26F70000,0x26D60000,R_MIPS_LO16:D_800BEA00,R_MIPS_LO16:D_800BEA00,Preserve retail register allocation in the recovered entrypoint loop,,,false
entrypoint,func_15007830,0x0E8,0x26D60000,0x26B50000,R_MIPS_LO16:D_800BEA04,R_MIPS_LO16:D_800BEA04,Preserve retail register allocation in the recovered entrypoint loop,,,false
entrypoint,func_15007830,0x0F0,0x24180005,0x240E0005,-,-,Preserve retail register allocation in the recovered entrypoint loop,,,false
entrypoint,func_15007830,0x0F4,0x24190001,0x240F0001,-,-,Preserve retail register allocation in the recovered entrypoint loop,,,false
entrypoint,func_15007830,0x0F8,0xA2180000,0xA20E0000,-,-,Preserve retail register allocation in the recovered entrypoint loop,,,false
entrypoint,func_15007830,0x0FC,0xAEC00000,0xAEA00000,-,-,Preserve retail register allocation in the recovered entrypoint loop,,,false
entrypoint,func_15007830,0x100,0xAEF90000,0xAECF0000,-,-,Preserve retail register allocation in the recovered entrypoint loop,,,false
entrypoint,func_15007830,0x104,0x24080001,0x24180001,-,-,Preserve retail register allocation in the recovered entrypoint loop,,,false
entrypoint,func_15007830,0x110,0xA0280000,0xA0380000,R_MIPS_LO16:D_800BEAAA,R_MIPS_LO16:D_800BEAAA,Preserve retail register allocation in the recovered entrypoint loop,,,false
entrypoint,func_15007830,0x114,0x3C150000,0x3C140000,R_MIPS_HI16:D_800BE9E8,R_MIPS_HI16:D_800BE9E8,Preserve retail register allocation in the recovered entrypoint loop,,,false
entrypoint,func_15007830,0x118,0x3C140000,0x3C130000,R_MIPS_HI16:D_800BE9F4,R_MIPS_HI16:D_800BE9F4,Preserve retail register allocation in the recovered entrypoint loop,,,false
entrypoint,func_15007830,0x11C,0x3C138128,0x3C128128,-,-,Preserve retail register allocation in the recovered entrypoint loop,,,false
entrypoint,func_15007830,0x120,0x3C120000,0x3C110000,R_MIPS_HI16:D_800E0B94,R_MIPS_HI16:D_800E0B94,Preserve retail register allocation in the recovered entrypoint loop,,,false
entrypoint,func_15007830,0x124,0x26520000,0x26310000,R_MIPS_LO16:D_800E0B94,R_MIPS_LO16:D_800E0B94,Preserve retail register allocation in the recovered entrypoint loop,,,false
entrypoint,func_15007830,0x128,0x36730783,0x36520783,-,-,Preserve retail register allocation in the recovered entrypoint loop,,,false
entrypoint,func_15007830,0x12C,0x26940000,0x26730000,R_MIPS_LO16:D_800BE9F4,R_MIPS_LO16:D_800BE9F4,Preserve retail register allocation in the recovered entrypoint loop,,,false
entrypoint,func_15007830,0x130,0x26B50000,0x26940000,R_MIPS_LO16:D_800BE9E8,R_MIPS_LO16:D_800BE9E8,Preserve retail register allocation in the recovered entrypoint loop,,,false
entrypoint,func_15007830,0x134,0x24110002,0x92190000,-,-,Preserve retail register allocation in the recovered entrypoint loop,,,false
entrypoint,func_15007830,0x138,0x92090000,0x2728FFFF,-,-,Preserve retail register allocation in the recovered entrypoint loop,,,false
entrypoint,func_15007830,0x13C,0x252AFFFF,0x2D010005,-,-,Preserve retail register allocation in the recovered entrypoint loop,,,false
entrypoint,func_15007830,0x140,0x2D410005,0x10200016,-,-,Preserve retail register allocation in the recovered entrypoint loop,,,false
entrypoint,func_15007830,0x144,0x10200016,0x00084080,-,-,Preserve retail register allocation in the recovered entrypoint loop,,,false
entrypoint,func_15007830,0x148,0x000A5080,0x3C010000,-,R_MIPS_HI16:jtbl_80095A30_game,Preserve retail register allocation in the recovered entrypoint loop,,,false
entrypoint,func_15007830,0x14C,0x3C010000,0x00280821,R_MIPS_HI16:.rodata,-,Preserve retail register allocation in the recovered entrypoint loop,,,false
entrypoint,func_15007830,0x150,0x002A0821,0x8C280000,-,R_MIPS_LO16:jtbl_80095A30_game,Preserve retail register allocation in the recovered entrypoint loop,,,false
entrypoint,func_15007830,0x154,0x8C2A0000,0x01000008,R_MIPS_LO16:.rodata,-,Preserve retail register allocation in the recovered entrypoint loop,,,false
entrypoint,func_15007830,0x158,0x01400008,0x00000000,-,-,Preserve retail register allocation in the recovered entrypoint loop,,,false
entrypoint,func_15007830,0x15C,0x00000000,0x0C000000,-,R_MIPS_26:func_151E50C8,Preserve retail register allocation in the recovered entrypoint loop,,,false
entrypoint,func_15007830,0x160,0x0C000000,0x00000000,R_MIPS_26:func_151E50C8,-,Preserve retail register allocation in the recovered entrypoint loop,,,false
entrypoint,func_15007830,0x164,0x00000000,0x0C000000,-,R_MIPS_26:func_15017498,Preserve retail register allocation in the recovered entrypoint loop,,,false
entrypoint,func_15007830,0x168,0x0C000000,0x00000000,R_MIPS_26:func_15017498,-,Preserve retail register allocation in the recovered entrypoint loop,,,false
entrypoint,func_15007830,0x16C,0x00000000,0x92290000,-,-,Preserve retail register allocation in the recovered entrypoint loop,,,false
entrypoint,func_15007830,0x170,0x924B0000,0x56E90004,-,-,Preserve retail register allocation in the recovered entrypoint loop,,,false
entrypoint,func_15007830,0x174,0x562B0004,0x86A40002,-,-,Preserve retail register allocation in the recovered entrypoint loop,,,false
entrypoint,func_15007830,0x178,0x86C40002,0x0C000000,-,R_MIPS_26:func_150ADACC,Preserve retail register allocation in the recovered entrypoint loop,,,false
entrypoint,func_15007830,0x17C,0x0C000000,0x02402025,R_MIPS_26:func_150ADACC,-,Preserve retail register allocation in the recovered entrypoint loop,,,false
entrypoint,func_15007830,0x180,0x02602025,0x86A40002,-,-,Preserve retail register allocation in the recovered entrypoint loop,,,false
entrypoint,func_15007830,0x184,0x86C40002,0x86C50002,-,-,Preserve retail register allocation in the recovered entrypoint loop,,,false
entrypoint,func_15007830,0x188,0x86E50002,0x0C000000,-,R_MIPS_26:func_15007A70,Preserve retail register allocation in the recovered entrypoint loop,,,false
entrypoint,func_15007830,0x18C,0x0C000000,0x86660002,R_MIPS_26:func_15007A70,-,Preserve retail register allocation in the recovered entrypoint loop,,,false
entrypoint,func_15007830,0x190,0x86860002,0x0C000000,-,R_MIPS_26:func_15007B3C,Preserve retail register allocation in the recovered entrypoint loop,,,false
entrypoint,func_15007830,0x194,0x0C000000,0x00000000,R_MIPS_26:func_15007B3C,-,Preserve retail register allocation in the recovered entrypoint loop,,,false
entrypoint,func_15007830,0x198,0x00000000,0xA2000000,-,-,Preserve retail register allocation in the recovered entrypoint loop,,,false
entrypoint,func_15007830,0x19C,0xA2000000,0x0C000000,-,R_MIPS_26:func_100051E8,Preserve retail register allocation in the recovered entrypoint loop,,,false
entrypoint,func_15007830,0x1A0,0x0C000000,0x00000000,R_MIPS_26:func_100051E8,-,Preserve retail register allocation in the recovered entrypoint loop,,,false
entrypoint,func_15007830,0x1A4,0x00000000,0x0C000000,-,R_MIPS_26:func_150186D0,Preserve retail register allocation in the recovered entrypoint loop,,,false
entrypoint,func_15007830,0x1A8,0x0C000000,0xAE800000,R_MIPS_26:func_150186D0,-,Preserve retail register allocation in the recovered entrypoint loop,,,false
entrypoint,func_15007830,0x1AC,0xAEA00000,0x1000FFE2,-,-,Preserve retail register allocation in the recovered entrypoint loop,,,false
entrypoint,func_15007830,0x1B0,0x1000FFE2,0x92190000,-,-,Preserve retail register allocation in the recovered entrypoint loop,,,false
entrypoint,func_15007830,0x1B4,0x92090000,0x00000000,-,-,Preserve retail register allocation in the recovered entrypoint loop,,,false
entrypoint,func_15007830,0x1B8,0x8FBF0034,0x00000000,-,-,Preserve retail register allocation in the recovered entrypoint loop,,,false
entrypoint,func_15007830,0x1BC,0x8FB00014,0x00000000,-,-,Preserve retail register allocation in the recovered entrypoint loop,,,false
entrypoint,func_15007830,0x1C0,0x8FB10018,0x8FBF0034,-,-,Preserve retail register allocation in the recovered entrypoint loop,,,false
entrypoint,func_15007830,0x1C4,0x8FB2001C,0x8FB00014,-,-,Preserve retail register allocation in the recovered entrypoint loop,,,false
entrypoint,func_15007830,0x1C8,0x8FB30020,0x8FB10018,-,-,Preserve retail register allocation in the recovered entrypoint loop,,,false
entrypoint,func_15007830,0x1CC,0x8FB40024,0x8FB2001C,-,-,Preserve retail register allocation in the recovered entrypoint loop,,,false
entrypoint,func_15007830,0x1D0,0x8FB50028,0x8FB30020,-,-,Preserve retail register allocation in the recovered entrypoint loop,,,false
entrypoint,func_15007830,0x1D4,0x8FB6002C,0x8FB40024,-,-,Preserve retail register allocation in the recovered entrypoint loop,,,false
entrypoint,func_15007830,0x1D8,0x8FB70030,0x8FB50028,-,-,Preserve retail register allocation in the recovered entrypoint loop,,,false
entrypoint,func_15007830,0x1DC,0x03E00008,0x8FB6002C,-,-,Preserve retail register allocation in the recovered entrypoint loop,0x8FB70030,-,false
entrypoint,func_15007830,0x1E0,0x27BD0038,0x03E00008,-,-,Preserve the retail epilogue and final delay slot,0x27BD0038,-,false
generated_1B9F30,func_1518CCA8,0x008,0x8C820014,0x8C890014,-,-,Retain the packed coordinate offset in retail's t1 lifetime,,,false
generated_1B9F30,func_1518CCA8,0x018,0x848A0038,0x848B0038,-,-,Retain the callback gate in retail's t3 lifetime,,,false
generated_1B9F30,func_1518CCA8,0x01C,0x00417824,0x01217824,-,-,Mask the packed coordinate offset through retail's t1 lifetime,,,false
generated_1B9F30,func_1518CCA8,0x028,0x01024821,0x01095021,-,-,Accumulate the low coordinate through retail's t2 lifetime,,,false
generated_1B9F30,func_1518CCA8,0x030,0x1540000A,0x1560000A,-,-,Test the callback gate through retail's t3 lifetime,,,false
generated_1B9F30,func_1518CCA8,0x034,0xA4890036,0xA48A0036,-,-,Store the low coordinate through retail's t2 lifetime,,,false
generated_1B9F30,func_1518CCA8,0x040,0x304B000F,0x304C000F,-,-,Retain the callback index in retail's t4 lifetime,,,false
generated_1B9F30,func_1518CCA8,0x044,0x11600005,0x11800005,-,-,Test the callback index through retail's t4 lifetime,,,false
generated_1B9F30,func_1518CCA8,0x048,0x000B6080,0x000C6880,-,-,Scale the callback index through retail's t5 lifetime,,,false
generated_1B9F30,func_1518CCA8,0x04C,0x032CC821,0x032DC821,-,-,Index the callback table through retail's t5 lifetime,,,false
generated_CD5A0,func_150A0264,0x024,0x90680000,0x90690000,-,-,Preserve the packed status byte in retail's t1 lifetime,,,false
generated_CD5A0,func_150A0264,0x030,0x90680000,0x90690000,-,-,Preserve the packed status byte in retail's t1 lifetime,,,false
generated_CD5A0,func_150A0264,0x038,0x350A0080,0x352B0080,-,-,Set the active flag through retail's t3 lifetime,,,false
generated_CD5A0,func_150A0264,0x03C,0xA06A0000,0xA06B0000,-,-,Store the active flag through retail's t3 lifetime,,,false
generated_CD5A0,func_150A0264,0x040,0x314C00BF,0x317900BF,-,-,Clear the secondary flag through retail's t3 and t9 lifetimes,,,false
generated_CD5A0,func_150A0264,0x044,0xA06C0000,0xA0790000,-,-,Store the secondary flag through retail's t9 lifetime,,,false
generated_CD5A0,func_150A0264,0x048,0x8CA40004,0x8CAE0004,-,-,Load the source field through retail's t6 lifetime,,,false
generated_CD5A0,func_150A0264,0x04C,0x318D00C3,0x332800C3,-,-,Mask the retained status through retail's t9 and t0 lifetimes,,,false
generated_CD5A0,func_150A0264,0x054,0x00047080,0x000E7880,-,-,Scale the source field through retail's t6 and t7 lifetimes,,,false
generated_CD5A0,func_150A0264,0x058,0x31CF003C,0x31F8003C,-,-,Mask the source field through retail's t7 and t8 lifetimes,,,false
generated_CD5A0,func_150A0264,0x05C,0x01AFC025,0x03084825,-,-,Merge the packed fields through retail's t8 t0 and t1 lifetimes,,,false
generated_CD5A0,func_150A0264,0x060,0xA0780000,0xA0690000,-,-,Store the merged status through retail's t1 lifetime,,,false
generated_113D60,func_150E8854,0x044,0xE7A40034,0xE7A40030,-,-,Place the four-byte payload in retail's lower local stack word,,,false
generated_113D60,func_150E8854,0x050,0x27A50034,0x27A50030,-,-,Pass retail's lower local payload address to memcpy,,,false
generated_142560,func_15116110,0x028,0x0002C603,0x00024603,-,-,Extract byte three through retail's t0 lifetime,,,false
generated_142560,func_15116110,0x02C,0x00024403,0x00026403,-,-,Extract byte two through retail's t4 lifetime,,,false
generated_142560,func_15116110,0x030,0x310900FF,0x30AF7FFF,-,-,Schedule retail's selector mask before the byte masks,,,false
generated_142560,func_15116110,0x034,0x331900FF,0x318D00FF,-,-,Mask byte two through retail's t5 lifetime,,,false
generated_142560,func_15116110,0x038,0x30AF7FFF,0x310900FF,-,-,Mask byte three through retail's t1 lifetime,,,false
generated_142560,func_15116110,0x040,0xAFB90014,0xAFA90014,-,-,Store byte three through retail's t1 lifetime,,,false
generated_142560,func_15116110,0x044,0xAFA90018,0xAFAD0018,-,-,Store byte two through retail's t5 lifetime,,,false
generated_185560,func_15159230,0x054,0x45030009,0x45010009,-,-,Preserve retail's ordinary successful-coordinate branch,,,false
generated_185560,func_15159230,0x058,0x00601025,0x00000000,-,-,Keep retail's successful-coordinate branch delay slot empty,,,false
generated_185560,func_15159230,0x05C,0x10C10005,0x10C10003,-,-,Route mode one through retail's shared result-two block,,,false
generated_185560,func_15159230,0x064,0x50C10004,0x14C10003,-,-,Preserve retail's ordinary mode-two exclusion branch,,,false
generated_185560,func_15159230,0x068,0x24030002,0x00000000,-,-,Keep retail's mode-two branch delay slot empty,,,false
generated_185560,func_15159230,0x06C,0x10000002,0x10000003,-,-,Route matching modes through retail's shared result assignment,,,false
generated_185560,func_15159230,0x070,0x24030001,0x24030002,-,-,Assign retail's matching-mode result in the branch delay slot,,,false
generated_185560,func_15159230,0x074,0x24030002,0x10000001,-,-,Preserve retail's explicit default-result exit,,,false
generated_185560,func_15159230,0x078,0x00601025,0x24030001,-,-,Assign retail's default result in the branch delay slot,,,false
generated_185560,func_15159230,0x07C,0x03E00008,0x00601025,-,-,Move the selected result through retail's shared return block,,,false
generated_185560,func_15159230,0x080,0x00000000,0x03E00008,-,-,Restore retail's return after the shared result move,,,false
generated_1A0E60,func_15173C90,0x044,0xAFB90010,0x01C02025,-,-,Move the masked record flags before staging the independent table index,,,false
generated_1A0E60,func_15173C90,0x048,0x01C02025,0xAFB90010,-,-,Stage the independent table index after retail's masked-flag move,,,false
generated_124260,func_150F739C,0x01C,0x00001025,0x00000000,-,-,Omit the redundant compiler zero for the initial byte-index temporary,,,true
generated_124260,func_150F739C,0x024,0x00027080,0x00107080,-,-,Index the first slot through the saved retail loop counter,,,false
generated_124260,func_150F739C,0x044,0x320200FF,0x321800FF,-,-,Canonicalize the incremented byte index through retail's t8 lifetime,,,false
generated_124260,func_150F739C,0x048,0x28410002,0x2B010002,-,-,Test the canonical byte index through retail's t8 lifetime,,,false
generated_124260,func_150F739C,0x050,0x00408025,0x03008025,-,-,Write the canonical byte index back in the loop delay slot,,,false
generated_135D00,func_15108BC0,0x00C,0x01C41021,0x008E1021,-,-,Preserve retail's commutative base-plus-offset operand order,,,false
generated_135D00,func_15108BC0,0x034,0x0003C100,0x3C180000,-,R_MIPS_HI16:D_800C3958,Begin the table-pointer load before the mode branch,,,false
generated_135D00,func_15108BC0,0x038,0x15E10008,0x15E10009,-,-,Retarget the mode branch across retail's explicit return delay slot,,,false
generated_135D00,func_15108BC0,0x03C,0x3C190000,0x0003C900,R_MIPS_HI16:D_800C3958,-,Scale the table index in the mode-branch delay slot,,,false
generated_135D00,func_15108BC0,0x040,0x8F390000,0x8F180000,R_MIPS_LO16:D_800C3958,R_MIPS_LO16:D_800C3958,Complete the table-pointer load through retail's t8 lifetime,,,false
generated_135D00,func_15108BC0,0x044,0x0303C021,0x0323C821,-,-,Accumulate the table index through retail's t9 lifetime,,,false
generated_135D00,func_15108BC0,0x048,0x0018C080,0x0019C880,-,-,Scale the accumulated table index through retail's t9 lifetime,,,false
generated_135D00,func_15108BC0,0x04C,0x03194021,0x03192021,-,-,Form the table entry address through retail's a0 lifetime,,,false
generated_135D00,func_15108BC0,0x050,0xC5060004,0xC4860004,-,-,Load the selected value through retail's a0 lifetime,,,false
generated_135D00,func_15108BC0,0x054,0x03E00008,0xE4460010,-,-,Store the selected value before retail's explicit return,,,false
generated_135D00,func_15108BC0,0x058,0xE4460010,0x03E00008,-,-,Restore retail's explicit table-path return,0x00000000,-,false
generated_135D00,func_15109064,0x014,0x01E41021,0x008F1021,-,-,Preserve retail's commutative owner-plus-offset operand order,,,false
generated_135D00,func_15109064,0x024,0x50C1000B,0x50C1000C,-,-,Retarget command 0x1E across retail's explicit copy-path return delay slot,,,false
generated_135D00,func_15109064,0x048,0x03E00008,0xAC48001C,-,-,Store the final copied word before retail's explicit return,,,false
generated_135D00,func_15109064,0x04C,0xAC48001C,0x03E00008,-,-,Restore retail's explicit copy-path return,0x00000000,-,false
generated_1B7EC0,func_1518AB60,0x050,0x93A40027,0x93B90027,-,-,Preserve retail selector reload register allocation,,,false
generated_1B7EC0,func_1518AB60,0x05C,0xA064001C,0xA079001C,-,-,Preserve retail selector store register allocation,,,false
generated_1D92F0,func_151AE06C,0x048,0x50450008,0x50A20008,-,-,Preserve retail's commutative selector equality operand order,,,false
generated_C1D70,func_15095060,0x004,0x3C0E0000,0x3C030000,R_MIPS_HI16:D_800D2C90,R_MIPS_HI16:D_800D2C90,Publish the descriptor through retail's v1 lifetime,,,false
generated_C1D70,func_15095060,0x008,0x25CE0000,0x24630000,R_MIPS_LO16:D_800D2C90,R_MIPS_LO16:D_800D2C90,Complete the published descriptor address through v1,,,false
generated_C1D70,func_15095060,0x00C,0xACCE0010,0xACC30010,-,-,Store the optional descriptor pointer from v1,,,false
generated_C1D70,func_15095060,0x018,0x00057A03,0x3C030000,-,R_MIPS_HI16:D_800D2C90,Begin the retained descriptor base before the range comparison,,,false
generated_C1D70,func_15095060,0x020,0x10200004,0x10200003,-,-,Branch to retail's deferred table-index calculation,,,false
generated_C1D70,func_15095060,0x024,0x000FC080,0x24630000,-,R_MIPS_LO16:D_800D2C90,Complete the retained descriptor base in the branch delay slot,,,false
generated_C1D70,func_15095060,0x028,0x3C010000,0x3C010000,R_MIPS_HI16:D_800D2C90,-,Omit IDO's first repeated descriptor address,,,true
generated_C1D70,func_15095060,0x02C,0x10000005,0x10000006,-,-,Retarget the direct-value path across the deferred index calculation,,,false
generated_C1D70,func_15095060,0x030,0xAC220000,0xAC620000,R_MIPS_LO16:D_800D2C90,-,Store the direct value through the retained descriptor base,,,false
generated_C1D70,func_15095060,0x034,0x0058C821,0x00057203,-,-,Defer the signed table index extraction to retail's branch path,,,false
generated_C1D70,func_15095060,0x038,0x8F280000,0x000E7880,-,-,Scale the extracted table index through retail's t7 lifetime,,,false
generated_C1D70,func_15095060,0x03C,0x3C010000,0x3C010000,R_MIPS_HI16:D_800D2C90,-,Omit IDO's second repeated descriptor address,,,true
generated_C1D70,func_15095060,0x040,0xAC280000,0x004FC021,R_MIPS_LO16:D_800D2C90,-,Form the selected table-entry address through retail's t8 lifetime,,,false
generated_C1D70,func_15095060,0x044,0x94890006,0x8F190000,-,-,Load the selected table value through retail's t9 lifetime,,,false
generated_C1D70,func_15095060,0x048,0x3C010000,0x3C010000,R_MIPS_HI16:D_800D2C90,-,Omit IDO's third repeated descriptor address,,,true
generated_C1D70,func_15095060,0x04C,0xA4290004,0xAC790000,R_MIPS_LO16:D_800D2C90,-,Store the table value through the retained descriptor base,,,false
generated_C1D70,func_15095060,0x050,0x948A0008,0x94880006,-,-,Load the first halfword through retail's t0 lifetime,,,false
generated_C1D70,func_15095060,0x054,0x3C010000,0x3C010000,R_MIPS_HI16:D_800D2C90,-,Omit IDO's fourth repeated descriptor address,,,true
generated_C1D70,func_15095060,0x058,0xA42A0006,0xA4680004,R_MIPS_LO16:D_800D2C90,-,Store the first halfword through the retained descriptor base,,,false
generated_C1D70,func_15095060,0x05C,0x908B000A,0x94890008,-,-,Load the second halfword through retail's t1 lifetime,,,false
generated_C1D70,func_15095060,0x060,0x3C010000,0x3C010000,R_MIPS_HI16:D_800D2C90,-,Omit IDO's fifth repeated descriptor address,,,true
generated_C1D70,func_15095060,0x064,0xA02B0008,0xA4690006,R_MIPS_LO16:D_800D2C90,-,Store the second halfword through the retained descriptor base,,,false
generated_C1D70,func_15095060,0x068,0x908C000B,0x908A000A,-,-,Load the first byte through retail's t2 lifetime,,,false
generated_C1D70,func_15095060,0x06C,0x3C010000,0x3C010000,R_MIPS_HI16:D_800D2C90,-,Omit IDO's sixth repeated descriptor address,,,true
generated_C1D70,func_15095060,0x070,0xA02C0009,0xA06A0008,R_MIPS_LO16:D_800D2C90,-,Store the first byte through the retained descriptor base,,,false
generated_C1D70,func_15095060,0x074,0x908D0004,0x908B000B,-,-,Load the second byte through retail's t3 lifetime,,,false
generated_C1D70,func_15095060,0x078,0x3C010000,0xA06B0009,R_MIPS_HI16:D_800D2C90,-,Replace IDO's final repeated high address with the second byte store,,,false
generated_C1D70,func_15095060,0x07C,0xA02D000A,0x908C0004,R_MIPS_LO16:D_800D2C90,-,Load the final byte through retail's t4 lifetime,,,false
generated_C1D70,func_15095060,0x080,0x03E00008,0xA06C000A,-,-,Store the final byte before returning,,,false
generated_C1D70,func_15095060,0x084,0x00000000,0x03E00008,-,-,Restore retail's return after the packed descriptor stores,0x00000000,-,false
generated_AEB40,func_15084C30,0x008,0x00802825,0x00802825,-,-,Omit IDO's unnecessary incoming-object register copy,,,true
generated_AEB40,func_15084C30,0x00C,0x90AE0004,0x908E0004,-,-,Read the type byte directly from the incoming object,,,false
generated_AEB40,func_15084C30,0x01C,0x8CA402D0,0x8C8302D0,-,-,Load the linked record through retail's v1 lifetime,,,false
generated_AEB40,func_15084C30,0x024,0xAFA4001C,0xAFA3001C,-,-,Spill the linked record from v1 across the random call,,,false
generated_AEB40,func_15084C30,0x028,0x8FA4001C,0x8FA3001C,-,-,Reload the linked record through v1,,,false
generated_AEB40,func_15084C30,0x030,0xC4840018,0xC4640018,-,-,Read the divisor float through the retained record pointer,,,false
generated_AEB40,func_15084C30,0x044,0x00001810,0x0000C810,-,-,Keep the unsigned remainder in retail's t9 lifetime,,,false
generated_AEB40,func_15084C30,0x048,0x44834000,0x44994000,-,-,Move the unsigned remainder from t9 into f8,,,false
generated_AEB40,func_15084C30,0x058,0x468042A0,0x46804020,-,-,Convert the unsigned remainder through retail's f0 result,,,false
generated_AEB40,func_15084C30,0x05C,0x04630005,0x07230005,-,-,Test the sign of retail's t9 remainder,,,false
generated_AEB40,func_15084C30,0x060,0xE48A0008,0xE4600008,-,-,Store the nonnegative f0 result through the retained record pointer,,,false
generated_AEB40,func_15084C30,0x064,0x44818000,0x44815000,-,-,Load the unsigned conversion correction into retail's f10,,,false
generated_AEB40,func_15084C30,0x06C,0x46105280,0x460A0000,-,-,Apply the unsigned conversion correction to f0,,,false
generated_AEB40,func_15084C30,0x070,0xE48A0008,0xE4600008,-,-,Store the corrected f0 result through the retained record pointer,,,false
generated_179F30,func_1514DAA4,0x028,0xAFA70028,0x24060008,-,-,Load the payload size before the allocator call,,,false
generated_179F30,func_1514DAA4,0x030,0x24060008,0xAFA70028,-,-,Spill the retained object in the allocator delay slot,,,false
generated_179F30,func_1514EBA4,0x04C,0xAC600014,0x8FB80020,-,-,Load the retained payload before clearing the node links,,,false
generated_179F30,func_1514EBA4,0x050,0xAC600018,0xAC600014,-,-,Clear the next link after loading the retained payload,,,false
generated_179F30,func_1514EBA4,0x054,0x8FB80020,0xAC600018,-,-,Clear the previous link before storing the retained payload,,,false
generated_179F30,func_1514EBA4,0x058,0x00601025,0xAC780010,-,-,Store the retained payload before loading the node key,,,false
generated_179F30,func_1514EBA4,0x05C,0xAC780010,0x87B90026,-,-,Load the signed node key before selecting the return pointer,,,false
generated_179F30,func_1514EBA4,0x060,0x87B90026,0x00601025,-,-,Select the allocated node as the return value after loading its key,,,false
game_981E0,func_150721A4,0x00C,0x8C420000,0x8C430000,R_MIPS_LO16:D_800D1580,R_MIPS_LO16:D_800D1580,Keep the packed global in retail's v1 lifetime,,,false
game_981E0,func_150721A4,0x018,0x00022C03,0x00037203,-,-,Extract the middle byte first through retail's t6 lifetime,,,false
game_981E0,func_150721A4,0x01C,0x00403025,0x00000000,-,-,Omit the redundant packed-value copy to a2,,,true
game_981E0,func_150721A4,0x020,0x30CF00FF,0x00037C03,-,-,Extract the high byte through retail's t7 lifetime,,,false
game_981E0,func_150721A4,0x024,0x30AE00FF,0x31E500FF,-,-,Mask the high byte directly into a1,,,false
game_981E0,func_150721A4,0x028,0x0002C203,0x31C700FF,-,-,Mask the middle byte directly into a3,,,false
game_981E0,func_150721A4,0x02C,0x330700FF,0xAFA00010,-,-,Stage the zero fifth argument before the call,,,false
game_981E0,func_150721A4,0x030,0x01C02825,0x00000000,-,-,Omit the redundant high-byte move to a1,,,true
game_981E0,func_150721A4,0x034,0x01E03025,0x00000000,-,-,Omit the redundant low-byte move to a2,,,true
game_981E0,func_150721A4,0x03C,0xAFA00010,0x306600FF,-,-,Mask the low byte into the call delay slot,,,false
generated_188440,func_1515B994,0x010,0xC4800078,0xC4820078,-,-,Retain the old velocity in retail's f2 lifetime,,,false
generated_188440,func_1515B994,0x018,0xC4820074,0xC48E0074,-,-,Retain acceleration in retail's f14 lifetime,,,false
generated_188440,func_1515B994,0x020,0x460C0102,0x460C1102,-,-,Multiply timestep by the old velocity in f2,,,false
generated_188440,func_1515B994,0x028,0x46028182,0x460E8182,-,-,Multiply the half constant by acceleration in f14,,,false
generated_188440,func_1515B994,0x03C,0xE4860014,0xC48A0080,-,-,Load the secondary scale before storing the integrated position,,,false
generated_188440,func_1515B994,0x040,0xC4640000,0xE4860014,-,-,Store the integrated position before reloading timestep,,,false
generated_188440,func_1515B994,0x044,0xC486001C,0xC4640000,-,-,Reload timestep before advancing velocity,,,false
generated_188440,func_1515B994,0x048,0x46041202,0x46047202,-,-,Multiply acceleration by the reloaded timestep,,,false
generated_188440,func_1515B994,0x04C,0xC4840080,0x46081480,-,-,Add the velocity delta to the old velocity,,,false
generated_188440,func_1515B994,0x050,0x46004480,0xE4920078,-,-,Store the advanced velocity before its retail reload,,,false
generated_188440,func_1515B994,0x054,0xE4920078,0xC4860078,-,-,Reload the advanced velocity through retail's f6 lifetime,,,false
generated_188440,func_1515B994,0x058,0xC48A0078,0x46023100,-,-,Sum the advanced and old velocities through retail's f4 lifetime,,,false
generated_188440,func_1515B994,0x05C,0x46005380,0xC486007C,-,-,Load the secondary accumulator after the velocity sum,,,false
generated_188440,func_1515B994,0x060,0x460E2202,0x46045202,-,-,Scale the summed velocity through retail's f8 lifetime,,,false
generated_1E5FF0,func_151B8BE0,0x020,0xC4860064,0xC4840064,-,-,Load the oscillation amplitude through retail's f4 lifetime,,,false
generated_1E5FF0,func_151B8BE0,0x024,0xC484005C,0xC488005C,-,-,Load the oscillation base through retail's f8 lifetime,,,false
generated_1E5FF0,func_151B8BE0,0x02C,0x46060202,0x46040182,-,-,Multiply the sine by amplitude through retail's f6 lifetime,,,false
generated_1E5FF0,func_151B8BE0,0x030,0x46082280,0x46083280,-,-,Add the oscillation base through retail's f10 lifetime,,,false
generated_1E5FF0,func_151B8BE0,0x034,0xC4840058,0xC4860058,-,-,Reload the angle through retail's f6 lifetime,,,false
generated_1E5FF0,func_151B8BE0,0x040,0x46128182,0x46128102,-,-,Multiply angular velocity by timestep through retail's f4 lifetime,,,false
generated_1E5FF0,func_151B8BE0,0x044,0x46062200,0x46043200,-,-,Advance the angle through retail's f8 lifetime,,,false
generated_6B320,func_1503EF4C,0x034,0x03274024,0x00F94024,-,-,Preserve retail's commutative first-mask operand order,,,false
generated_6B320,func_1503EF4C,0x058,0x01425824,0x004A5824,-,-,Preserve retail's commutative second-mask operand order,,,false
generated_138520,func_1510B958,0x010,0x00047080,0x3C0E0000,-,R_MIPS_HI16:D_800BE628,Schedule the record-table load before the scaled index,,,false
generated_138520,func_1510B958,0x014,0x3C0F0000,0x8DCE0000,R_MIPS_HI16:D_800BE628,R_MIPS_LO16:D_800BE628,Complete the record-table load through retail's t6 lifetime,,,false
generated_138520,func_1510B958,0x018,0x8DEF0000,0x00047880,R_MIPS_LO16:D_800BE628,-,Begin the scaled index through retail's t7 lifetime,,,false
generated_138520,func_1510B958,0x01C,0x01C47023,0x01E47823,-,-,Continue the scaled index through retail's t7 lifetime,,,false
generated_138520,func_1510B958,0x020,0x000E71C0,0x000F79C0,-,-,Finish the scaled index through retail's t7 lifetime,,,false
game_A28B0,func_1507A4D4,0x004,0x3C180000,0x91CF0000,R_MIPS_HI16:D_800D1891,R_MIPS_LO16:D_800D1890,Load the first packed byte immediately through t7,,,false
game_A28B0,func_1507A4D4,0x008,0x93180000,0x3C190000,R_MIPS_LO16:D_800D1891,R_MIPS_HI16:D_800D1891,Materialize the second packed byte address through t9,,,false
game_A28B0,func_1507A4D4,0x00C,0x91CE0000,0x93280000,R_MIPS_LO16:D_800D1890,R_MIPS_LO16:D_800D1891,Load the second packed byte through t0,,,false
game_A28B0,func_1507A4D4,0x010,0x3C090000,0x3C0B0000,R_MIPS_HI16:D_800D1892,R_MIPS_HI16:D_800D1892,Materialize the third packed byte address through t3,,,false
game_A28B0,func_1507A4D4,0x018,0x91290000,0x916C0000,R_MIPS_LO16:D_800D1892,R_MIPS_LO16:D_800D1892,Load the third packed byte through t4,,,false
game_A28B0,func_1507A4D4,0x020,0x3C0C0000,0x000FC600,R_MIPS_HI16:D_800D1893,-,Shift the first packed byte before materializing the fourth address,,,false
game_A28B0,func_1507A4D4,0x024,0x918C0000,0x3C0F0000,R_MIPS_LO16:D_800D1893,R_MIPS_HI16:D_800D1893,Materialize the fourth packed byte address through t7,,,false
game_A28B0,func_1507A4D4,0x028,0x0018CC00,0x00084C00,-,-,Shift the second packed byte through t1,,,false
game_A28B0,func_1507A4D4,0x02C,0x000E7E00,0x91F90000,-,R_MIPS_LO16:D_800D1893,Load the fourth packed byte through t9,,,false
game_A28B0,func_1507A4D4,0x030,0x8C6D0094,0x8C680094,-,-,Load the actor mask through t0,,,false
game_A28B0,func_1507A4D4,0x034,0x01F94025,0x03095025,-,-,Combine the first two packed bytes in t2,,,false
game_A28B0,func_1507A4D4,0x038,0x00095200,0x000C6A00,-,-,Shift the third packed byte through t5,,,false
game_A28B0,func_1507A4D4,0x03C,0x010A5825,0x014D7025,-,-,Combine the first three packed bytes in t6,,,false
game_A28B0,func_1507A4D4,0x040,0x016C1025,0x01D91025,-,-,Combine the fourth packed byte into v0,,,false
game_A28B0,func_1507A4D4,0x044,0x01A27025,0x0102C025,-,-,Set the packed bits through retail's t8 lifetime,,,false
game_A28B0,func_1507A4D4,0x048,0xAC6E0094,0xAC780094,-,-,Store the updated actor mask from t8,,,false
game_21FC90,func_151F3C4C,0x034,0x3C190000,0x3C180000,R_MIPS_HI16:D_800E0DE4,R_MIPS_HI16:D_800E0DE4,Load the DMA cursor through retail's t8 lifetime,,,false
game_21FC90,func_151F3C4C,0x038,0x8F390000,0x8F180000,R_MIPS_LO16:D_800E0DE4,R_MIPS_LO16:D_800E0DE4,Complete the DMA cursor load through retail's t8 lifetime,,,false
game_21FC90,func_151F3C4C,0x03C,0x8FA80028,0x8FB90028,-,-,Load the requested byte count through retail's t9 lifetime,,,false
game_21FC90,func_151F3C4C,0x040,0x3C180000,0x3C090000,R_MIPS_HI16:D_800E0DE0,R_MIPS_HI16:D_800E0DE0,Load the DMA extent through retail's t1 lifetime,,,false
game_21FC90,func_151F3C4C,0x044,0x8F180000,0x8D290000,R_MIPS_LO16:D_800E0DE0,R_MIPS_LO16:D_800E0DE0,Complete the DMA extent load through retail's t1 lifetime,,,false
game_21FC90,func_151F3C4C,0x048,0x03284821,0x03194021,-,-,Add cursor and request through retail's t8 and t9 lifetimes,,,false
game_21FC90,func_151F3C4C,0x04C,0x0309082A,0x0128082A,-,-,Compare the extent through retail's t1 and t0 lifetimes,,,false
game_21FC90,func_151F3C4C,0x0B4,0x8FA8001C,0x8FB8001C,-,-,Load the DMA result through retail's t8 lifetime,,,false
game_21FC90,func_151F3C4C,0x0B8,0x15000003,0x17000003,-,-,Test the DMA result through retail's t8 lifetime,,,false
game_21FC90,func_151F3C4C,0x0C8,0x8FB8001C,0x8FA8001C,-,-,Reload the nonzero DMA result through retail's t0 lifetime,,,false
game_21FC90,func_151F3C4C,0x0D0,0x03014821,0x01014821,-,-,Convert the DMA result through retail's t0 lifetime,,,false
game_3D9A0,func_15010600,0x038,0xA0200000,0x2442000C,R_MIPS_LO16:D_800D9939,R_MIPS_LO16:D_800D993A,Initialize the loop endpoint before the independent final scalar clear,,,false
game_3D9A0,func_15010600,0x03C,0x2442000C,0x24840000,R_MIPS_LO16:D_800D993A,R_MIPS_LO16:D_800D993A,Initialize the second array cursor before the independent final scalar clear,,,false
game_3D9A0,func_15010600,0x040,0x24840000,0x24630000,R_MIPS_LO16:D_800D993A,R_MIPS_LO16:D_800D992A,Initialize the first array cursor before the independent final scalar clear,,,false
game_3D9A0,func_15010600,0x044,0x24630000,0xA0200000,R_MIPS_LO16:D_800D992A,R_MIPS_LO16:D_800D9939,Issue the independent final scalar clear after the loop pointers are ready,,,false
game_981E0,func_1506DC10,0x040,0x460A0032,0x46005032,-,-,Preserve retail's commutative floating-equality operand order,,,false
game_2DF70,func_150027F8,0x004,0x80820000,0x80850000,-,-,Load the current opcode through retail's a1 lifetime,,,false
game_2DF70,func_150027F8,0x010,0x80820000,0x80850000,-,-,Reload the opening opcode through retail's a1 lifetime,,,false
game_2DF70,func_150027F8,0x018,0x00001825,0x00001025,-,-,Initialize the record index in retail's v0 lifetime,,,false
game_2DF70,func_150027F8,0x01C,0x10460015,0x10A60015,-,-,Test the opcode terminator from retail's a1 lifetime,,,false
game_2DF70,func_150027F8,0x020,0x00002825,0x00001825,-,-,Initialize the byte total in retail's v1 lifetime,,,false
game_2DF70,func_150027F8,0x030,0x00027103,0x00057103,-,-,Extract the opcode class from retail's a1 lifetime,,,false
game_2DF70,func_150027F8,0x038,0x24A50001,0x24420001,-,-,Advance the record index in retail's v0 lifetime,,,false
game_2DF70,func_150027F8,0x044,0x14480003,0x14A80003,-,-,Compare opcode six from retail's a1 lifetime,,,false
game_2DF70,func_150027F8,0x054,0x54490003,0x54A90003,-,-,Compare opcode five from retail's a1 lifetime,,,false
game_2DF70,func_150027F8,0x058,0x000578C0,0x000278C0,-,-,Scale retail's v0 record index for the next load,,,false
game_2DF70,func_150027F8,0x060,0x000578C0,0x000278C0,-,-,Rescale retail's v0 record index on the matched path,,,false
game_2DF70,func_150027F8,0x068,0x83020000,0x83050000,-,-,Load the next opcode through retail's a1 lifetime,,,false
game_2DF70,func_150027F8,0x06C,0x5446FFF1,0x54A6FFF1,-,-,Test the loop terminator from retail's a1 lifetime,,,false
game_2DF70,func_150027F8,0x070,0x00027103,0x00057103,-,-,Extract the next opcode class from retail's a1 lifetime,,,false
generated_6CCB0,func_1503F964,0x024,0x24430001,0x24440001,-,-,Advance the scan through retail's a0 lifetime,,,false
generated_6CCB0,func_1503F964,0x028,0x28610019,0x28810019,-,-,Test the scan bound through retail's a0 lifetime,,,false
generated_6CCB0,func_1503F964,0x030,0x3C040000,0x3C030000,R_MIPS_HI16:D_800CC2D0,R_MIPS_HI16:D_800CC2D0,Load the actor table through retail's v1 lifetime,,,false
generated_6CCB0,func_1503F964,0x034,0x00001825,0x00002025,-,-,Wrap the scan through retail's a0 lifetime,,,false
generated_6CCB0,func_1503F964,0x038,0x10620011,0x10820011,-,-,Test the completed cycle through retail's a0 lifetime,,,false
generated_6CCB0,func_1503F964,0x03C,0x24840000,0x24630000,R_MIPS_LO16:D_800CC2D0,R_MIPS_LO16:D_800CC2D0,Complete the actor-table address through retail's v1 lifetime,,,false
generated_6CCB0,func_1503F964,0x040,0x00660019,0x00860019,-,-,Scale retail's a0 scan index,,,false
generated_6CCB0,func_1503F964,0x048,0x008FC021,0x006FC021,-,-,Index the actor table through retail's v1 lifetime,,,false
generated_6CCB0,func_1503F964,0x058,0x24630001,0x24840001,-,-,Advance retail's a0 scan index in the branch-likely delay slot,,,false
generated_6CCB0,func_1503F964,0x060,0xA0A30000,0xA0A40000,-,-,Store the selected retail a0 scan index,,,false
generated_6CCB0,func_1503F964,0x064,0x24630001,0x24840001,-,-,Advance retail's a0 scan index on the selected fallthrough path,,,false
generated_6CCB0,func_1503F964,0x068,0x28610019,0x28810019,-,-,Retest the scan bound through retail's a0 lifetime,,,false
generated_6CCB0,func_1503F964,0x074,0x00001825,0x00002025,-,-,Wrap the continuing scan through retail's a0 lifetime,,,false
generated_6CCB0,func_1503F964,0x078,0x1462FFF1,0x1482FFF1,-,-,Continue the cycle from retail's a0 lifetime,,,false
game_1944C0,func_15168F08,0x004,0x2408FFDF,0x2407FFDF,-,-,Keep the command terminator in retail's a3 lifetime,,,false
game_1944C0,func_15168F08,0x014,0x110E0017,0x10EE0017,-,-,Test the opening opcode against retail's a3 terminator,,,false
game_1944C0,func_15168F08,0x018,0x3C0C00FF,0x3C0B00FF,-,-,Materialize the command-address mask through retail's t3 lifetime,,,false
game_1944C0,func_15168F08,0x020,0x358CFFFF,0x356BFFFF,-,-,Complete the command-address mask through retail's t3 lifetime,,,false
game_1944C0,func_15168F08,0x024,0x240B000E,0x240A000E,-,-,Keep the secondary command byte in retail's t2 lifetime,,,false
game_1944C0,func_15168F08,0x028,0x240AFFDC,0x2409FFDC,-,-,Keep the extended command opcode in retail's t1 lifetime,,,false
game_1944C0,func_15168F08,0x02C,0x24090001,0x24080001,-,-,Keep the direct command opcode in retail's t0 lifetime,,,false
game_1944C0,func_15168F08,0x030,0x10A90006,0x11050006,-,-,Compare the direct opcode using retail's t0 and a1 operands,,,false
game_1944C0,func_15168F08,0x038,0x54AA000A,0x5525000A,-,-,Compare the extended opcode using retail's t1 and a1 operands,,,false
game_1944C0,func_15168F08,0x03C,0x000278C0,0x000270C0,-,-,Scale the command index through retail's t6 lifetime,,,false
game_1944C0,func_15168F08,0x044,0x556F0007,0x554F0007,-,-,Compare the secondary byte from retail's t2 lifetime,,,false
game_1944C0,func_15168F08,0x048,0x000278C0,0x000270C0,-,-,Scale the command index through retail's t6 branch-delay lifetime,,,false
game_1944C0,func_15168F08,0x050,0x030CC824,0x030BC824,-,-,Apply the address mask from retail's t3 lifetime,,,false
game_1944C0,func_15168F08,0x058,0x03267021,0x03266821,-,-,Add the relocation base through retail's t5 lifetime,,,false
game_1944C0,func_15168F08,0x05C,0xAC6E0004,0xAC6D0004,-,-,Store the relocated word from retail's t5 lifetime,,,false
game_1944C0,func_15168F08,0x060,0x000278C0,0x000270C0,-,-,Scale the next command index through retail's t6 lifetime,,,false
game_1944C0,func_15168F08,0x064,0x01E41821,0x01C41821,-,-,Advance the command cursor from retail's t6 lifetime,,,false
game_1944C0,func_15168F08,0x06C,0x14A8FFF0,0x14E5FFF0,-,-,Test the loop opcode against retail's a3 terminator,,,false
generated_1A7260,func_1517A9A8,0x024,0x27A70034,0x8FA6004C,-,-,Reload the cached selector in retail's branch delay slot,,,false
generated_1A7260,func_1517A9A8,0x028,0x8FA6004C,0x0006C200,-,-,Shift the reloaded selector at retail's argument-setup point,,,false
generated_1A7260,func_1517A9A8,0x034,0x0006C200,0xAFA80020,-,-,Store the final constant before retail's remaining register arguments,,,false
generated_1A7260,func_1517A9A8,0x038,0x03003025,0xAFB9001C,-,-,Store the penultimate constant in retail's argument schedule,,,false
generated_1A7260,func_1517A9A8,0x03C,0xAFA80020,0x03003025,-,-,Move the shifted selector into retail's third argument register,,,false
generated_1A7260,func_1517A9A8,0x040,0xAFB9001C,0x27A70034,-,-,Form the output-record address at retail's fourth argument point,,,false
generated_1C1150,func_15194794,0x04C,0x3C010000,0x3C010000,R_MIPS_HI16:.rodata,R_MIPS_HI16:jtbl_800A82BC_game,Retarget the dispatch table to retail's retained table ownership,,,false
generated_1C1150,func_15194794,0x054,0x8C2E0028,0x8C2E0000,R_MIPS_LO16:.rodata,R_MIPS_LO16:jtbl_800A82BC_game,Load the dispatch target from retail's retained table ownership,,,false
generated_215960,func_151EC178,0x020,0x1420000F,0x14200010,-,-,Retarget the timer gate across retail's retained alpha merge,,,false
generated_215960,func_151EC178,0x028,0x000240C0,0x000270C0,-,-,Keep the scaled alpha in retail's temporary register,,,false
generated_215960,func_151EC178,0x02C,0x29010100,0x29C10100,-,-,Test retail's scaled-alpha temporary,,,false
generated_215960,func_151EC178,0x034,0x240600FF,0x01C01025,-,-,Copy the unsaturated alpha into retail's result register,,,false
generated_215960,func_151EC178,0x038,0x240800FF,0x240200FF,-,-,Saturate retail's alpha result register,,,false
generated_215960,func_151EC178,0x03C,0x0C000000,0x240600FF,R_MIPS_26:func_1504332C,-,Load the third color argument after the alpha merge,,,false
generated_215960,func_151EC178,0x040,0x310700FF,0x0C000000,-,R_MIPS_26:func_1504332C,Move the color call to retail's schedule,,,false
generated_215960,func_151EC178,0x044,0x3C0F0000,0x304700FF,R_MIPS_HI16:D_800E0BD8,-,Narrow alpha in the color-call delay slot,,,false
generated_215960,func_151EC178,0x048,0x8DEF0000,0x3C0F0000,R_MIPS_LO16:D_800E0BD8,R_MIPS_HI16:D_800E0BD8,Start the text-resource load after the color call,,,false
generated_215960,func_151EC178,0x04C,0x240400DC,0x8DEF0000,-,R_MIPS_LO16:D_800E0BD8,Complete the text-resource base load,,,false
generated_215960,func_151EC178,0x050,0x24050130,0x240400DC,-,-,Move the text X coordinate to retail's argument schedule,,,false
generated_215960,func_151EC178,0x054,0x24060001,0x24050130,-,-,Move the text Y coordinate to retail's argument schedule,,,false
generated_215960,func_151EC178,0x058,0x0C000000,0x24060001,R_MIPS_26:func_15042D94,-,Load the text mode before the text call,,,false
generated_215960,func_151EC178,0x05C,0x8DE701D0,0x0C000000,-,R_MIPS_26:func_15042D94,Move the text call to retail's schedule,,,false
generated_215960,func_151EC178,0x060,0x8FA20018,0x8DE701D0,-,-,Load the text resource in the call delay slot,,,false
generated_215960,func_151EC178,0x064,0x8FBF0014,0x8FA20018,-,-,Reload the original display-list pointer after the call,,,false
generated_215960,func_151EC178,0x068,0x27BD0018,0x8FBF0014,-,-,Restore the return address at retail's epilogue point,,,false
generated_215960,func_151EC178,0x06C,0x03E00008,0x27BD0018,-,-,Restore the frame at retail's epilogue point,,,false
generated_215960,func_151EC178,0x070,0x00000000,0x03E00008,-,-,Return at retail's final control-transfer word,,,false
generated_AD9B0,func_15080BE8,0x028,0x3C040000,0x3C020000,R_MIPS_HI16:D_800D1948,R_MIPS_HI16:D_800D1948,Load the optional allocation through retail's result register,,,false
generated_AD9B0,func_15080BE8,0x02C,0x8C840000,0x8C420000,R_MIPS_LO16:D_800D1948,R_MIPS_LO16:D_800D1948,Complete the optional allocation load through retail's result register,,,false
generated_AD9B0,func_15080BE8,0x030,0x5080000C,0x5040000C,-,-,Test retail's optional-allocation register,,,false
generated_AD9B0,func_15080BE8,0x03C,0x00000000,0x00402025,-,-,Move the optional allocation into the free-call delay slot,,,false
generated_1B0740,func_15183974,0x034,0xAFA20018,0xAFA2001C,-,-,Preserve retail's record-pointer spill in the top local frame slot,,,false
generated_1B0740,func_15183974,0x040,0x8FA20018,0x8FA2001C,-,-,Reload the record pointer from retail's top local frame slot,,,false
generated_1B0740,func_15183974,0x05C,0xAFA20018,0xAFA2001C,-,-,Preserve retail's record-pointer spill across the second initializer call,,,false
generated_1B0740,func_15183974,0x060,0x8FA20018,0x8FA2001C,-,-,Reload the record pointer from retail's top local frame slot after the second call,,,false
generated_F9430,func_150CC638,0x008,0x51E00019,0x51E0001B,-,-,Retarget the disabled-path branch across retail's two retained address words,,,false
generated_F9430,func_150CC638,0x010,0x8482001C,0x8483001C,-,-,Keep the signed input in retail's v1 lifetime,,,false
generated_F9430,func_150CC638,0x014,0x28410020,0x28610020,-,-,Test the signed input through retail's v1 lifetime,,,false
generated_F9430,func_150CC638,0x018,0x50200008,0x50200009,-,-,Retarget the range branch across retail's retained address word,,,false
generated_F9430,func_150CC638,0x01C,0x84990128,0x24820128,-,-,Materialize the motion record through retail's v0 lifetime,,,false
generated_F9430,func_150CC638,0x024,0x000228C0,0x000310C0,-,-,Scale the signed input through retail's temporary v0 lifetime,,,false
generated_F9430,func_150CC638,0x028,0x00B8082A,0x0058082A,-,-,Compare the scaled input through retail's temporary v0 lifetime,,,false
generated_F9430,func_150CC638,0x02C,0x50200003,0x50200004,-,-,Retarget the limit branch across retail's retained address word,,,false
generated_F9430,func_150CC638,0x030,0x84990128,0x24820128,-,-,Materialize the motion record on the rejected-limit path,,,false
generated_F9430,func_150CC638,0x034,0xA085005C,0xA082005C,-,-,Store the scaled byte from retail's temporary v0 lifetime,,,false
generated_F9430,func_150CC638,0x038,0x84990128,0x8483001C,-,-,Reload the signed input after the byte update,0x24820128,-,false
generated_F9430,func_150CC638,0x03C,0x0322082A,0x84590000,-,-,Load the motion threshold through retail's v0 record pointer,0x0323082A,-,false
generated_F9430,func_150CC638,0x04C,0xC484012C,0xC4440004,-,-,Load the motion rate through retail's v0 record pointer,,,false
generated_1DCA70,func_151AFC08,0x008,0x51E00019,0x51E0001B,-,-,Retarget the disabled-path branch across retail's two retained address words,,,false
generated_1DCA70,func_151AFC08,0x010,0x8482001C,0x8483001C,-,-,Keep the signed input in retail's v1 lifetime,,,false
generated_1DCA70,func_151AFC08,0x014,0x28410020,0x28610020,-,-,Test the signed input through retail's v1 lifetime,,,false
generated_1DCA70,func_151AFC08,0x018,0x50200008,0x50200009,-,-,Retarget the range branch across retail's retained address word,,,false
generated_1DCA70,func_151AFC08,0x01C,0x84990128,0x24820128,-,-,Materialize the motion record through retail's v0 lifetime,,,false
generated_1DCA70,func_151AFC08,0x024,0x000228C0,0x000310C0,-,-,Scale the signed input through retail's temporary v0 lifetime,,,false
generated_1DCA70,func_151AFC08,0x028,0x00B8082A,0x0058082A,-,-,Compare the scaled input through retail's temporary v0 lifetime,,,false
generated_1DCA70,func_151AFC08,0x02C,0x50200003,0x50200004,-,-,Retarget the limit branch across retail's retained address word,,,false
generated_1DCA70,func_151AFC08,0x030,0x84990128,0x24820128,-,-,Materialize the motion record on the rejected-limit path,,,false
generated_1DCA70,func_151AFC08,0x034,0xA085005C,0xA082005C,-,-,Store the scaled byte from retail's temporary v0 lifetime,,,false
generated_1DCA70,func_151AFC08,0x038,0x84990128,0x8483001C,-,-,Reload the signed input after the byte update,0x24820128,-,false
generated_1DCA70,func_151AFC08,0x03C,0x0322082A,0x84590000,-,-,Load the motion threshold through retail's v0 record pointer,0x0323082A,-,false
generated_1DCA70,func_151AFC08,0x04C,0xC484012C,0xC4440004,-,-,Load the motion rate through retail's v0 record pointer,,,false
generated_1E37D0,func_151B70B4,0x010,0x00C03825,0x00C04025,-,-,Keep the normalized event byte in retail's t0 lifetime,0x2401002D,-,false
generated_1E37D0,func_151B70B4,0x014,0x14C00009,0x8C470000,-,-,Load the current pointer before the zero-event branch,0x14C0000A,-,false
generated_1E37D0,func_151B70B4,0x018,0x8C430000,0x00E01825,-,-,Copy the current pointer into the zero-event comparison lifetime,,,false
generated_1E37D0,func_151B70B4,0x034,0x03E00008,0xA499001E,-,-,Store the status flags before the zero-event return,,,false
generated_1E37D0,func_151B70B4,0x038,0xA499001E,0x03E00008,-,-,Return after the status-flag store,,,false
generated_1E37D0,func_151B70B4,0x03C,0x2401002D,0x00000000,-,-,Restore retail's empty zero-event return delay slot,,,false
generated_1E37D0,func_151B70B4,0x040,0x14E1000F,0x1501000F,-,-,Compare the saved event through retail's t0 lifetime,,,false
generated_1E37D0,func_151B70B4,0x048,0x8CA40000,0x8CA30000,-,-,Load the first candidate through retail's v1 lifetime,,,false
generated_1E37D0,func_151B70B4,0x04C,0x54830007,0x54670007,-,-,Compare first candidate and current through retail's v1 and a3 lifetimes,,,false
generated_1E37D0,func_151B70B4,0x050,0x8CAA0004,0x8CAB0004,-,-,Load the second candidate through retail's t3 lifetime on the branch-likely path,,,false
generated_1E37D0,func_151B70B4,0x054,0x8CA80004,0x8CA90004,-,-,Load the installed second candidate through retail's t1 lifetime,,,false
generated_1E37D0,func_151B70B4,0x058,0xAC480000,0xAC490000,-,-,Store the installed second candidate from retail's t1 lifetime,,,false
generated_1E37D0,func_151B70B4,0x05C,0x90A90009,0x90AA0009,-,-,Load the second-candidate selector through retail's t2 lifetime,,,false
generated_1E37D0,func_151B70B4,0x064,0xA0490004,0xA04A0004,-,-,Store the second-candidate selector from retail's t2 lifetime,,,false
generated_1E37D0,func_151B70B4,0x068,0x8CAA0004,0x8CAB0004,-,-,Reload the second candidate through retail's t3 lifetime,,,false
generated_1E37D0,func_151B70B4,0x06C,0x146A0004,0x15670004,-,-,Compare second candidate and current through retail's t3 and a3 lifetimes,,,false
generated_1E37D0,func_151B70B4,0x074,0xAC440000,0xAC430000,-,-,Install the first candidate from retail's v1 lifetime,,,false
generated_1E37D0,func_151B70B4,0x078,0x90AB0008,0x90AC0008,-,-,Load the first-candidate selector through retail's t4 lifetime,,,false
generated_1E37D0,func_151B70B4,0x07C,0xA04B0004,0xA04C0004,-,-,Store the first-candidate selector from retail's t4 lifetime,,,false
game_A28B0,func_15077404,0x010,0x11C00021,0x11C00022,-,-,Extend the zero-mode branch across the restored return-delay nop,,,false
game_A28B0,func_15077404,0x018,0x3C0F0000,0x3C050000,R_MIPS_HI16:D_800D1891,R_MIPS_HI16:D_800D154C,Rematerialize the object global before loading its pointer,,,false
game_A28B0,func_15077404,0x01C,0x91EF0000,0x24A50000,R_MIPS_LO16:D_800D1891,R_MIPS_LO16:D_800D154C,Complete the retail object-global address,,,false
game_A28B0,func_15077404,0x020,0x3C190000,0x8CA30000,R_MIPS_HI16:D_800D1892,-,Load the object pointer through retail's v1 lifetime,,,false
game_A28B0,func_15077404,0x024,0x93390000,0x3C0B0000,R_MIPS_LO16:D_800D1892,R_MIPS_HI16:D_800D1891,Materialize the high rate byte after the object pointer,,,false
game_A28B0,func_15077404,0x028,0x000FC200,0x916B0000,-,R_MIPS_LO16:D_800D1891,Load the high rate byte through retail's t3 lifetime,,,false
game_A28B0,func_15077404,0x02C,0x3C0F0000,0x906F0246,R_MIPS_HI16:D_800BE9E4,-,Load the packed value high byte through retail's t7 lifetime,,,false
game_A28B0,func_15077404,0x030,0x8DEF0000,0x3C0D0000,R_MIPS_LO16:D_800BE9E4,R_MIPS_HI16:D_800D1892,Materialize the low rate byte after the object load,,,false
game_A28B0,func_15077404,0x034,0x03191021,0x91AD0000,-,R_MIPS_LO16:D_800D1892,Load the low rate byte through retail's t5 lifetime,,,false
game_A28B0,func_15077404,0x038,0x00026C00,0x31F8001F,-,-,Mask the packed value through retail's t8 lifetime,,,false
game_A28B0,func_15077404,0x03C,0x000D7403,0x0018CA00,-,-,Shift the packed value through retail's t9 lifetime,,,false
game_A28B0,func_15077404,0x040,0x01CF0019,0x3C180000,-,R_MIPS_HI16:D_800BE9E4,Materialize the signed rate multiplier after the packed-value shift,,,false
game_A28B0,func_15077404,0x044,0x3C050000,0x000B6200,R_MIPS_HI16:D_800D154C,-,Shift the high rate byte through retail's t4 lifetime,,,false
game_A28B0,func_15077404,0x048,0x24A50000,0x8F180000,R_MIPS_LO16:D_800D154C,R_MIPS_LO16:D_800BE9E4,Load the signed rate multiplier through retail's t8 lifetime,,,false
game_A28B0,func_15077404,0x04C,0x8CA40000,0x018D2021,-,-,Combine the rate bytes in retail's a0 lifetime,,,false
game_A28B0,func_15077404,0x050,0x90880246,0x00047400,-,-,Begin signed-16 truncation through retail's t6 lifetime,,,false
game_A28B0,func_15077404,0x054,0x908B0249,0x000E7C03,-,-,Complete signed-16 truncation through retail's t7 lifetime,,,false
game_A28B0,func_15077404,0x058,0x3109001F,0x01F80019,-,-,Multiply the signed rate through retail's t7 and t8 lifetimes,,,false
game_A28B0,func_15077404,0x05C,0x00095200,0x90680249,-,-,Load the packed value low byte through retail's t0 lifetime,,,false
game_A28B0,func_15077404,0x060,0x0000C012,0x03285021,-,-,Combine packed bytes through retail's t2 lifetime,,,false
game_A28B0,func_15077404,0x064,0x014B6021,0x0000C812,-,-,Read the product through retail's t9 lifetime,,,false
game_A28B0,func_15077404,0x068,0x01981821,0x01591021,-,-,Accumulate the update in retail's v0 lifetime,,,false
game_A28B0,func_15077404,0x06C,0x0003CC00,0x00024400,-,-,Begin result truncation through retail's t0 lifetime,,,false
game_A28B0,func_15077404,0x070,0x00191C03,0x00081403,-,-,Complete result truncation in retail's v0 lifetime,,,false
game_A28B0,func_15077404,0x074,0x04630003,0x04430003,-,-,Clamp retail's v0 result when negative,,,false
game_A28B0,func_15077404,0x078,0x00034A03,0x00025203,-,-,Prepare the packed high byte through retail's t2 lifetime,,,false
game_A28B0,func_15077404,0x07C,0x00001825,0x00001025,-,-,Clear retail's v0 result on the negative path,,,false
game_A28B0,func_15077404,0x080,0x00034A03,0x00025203,-,-,Prepare the clamped packed high byte through retail's t2 lifetime,,,false
game_A28B0,func_15077404,0x084,0x352A0080,0x354B0080,-,-,Set the packed high-byte flag through retail's t3 lifetime,,,false
game_A28B0,func_15077404,0x088,0xA08A0246,0xA06B0246,-,-,Store the packed high byte through retail's v1 object pointer,,,false
game_A28B0,func_15077404,0x08C,0x8CAB0000,0x8CAC0000,-,-,Reload the object through retail's t4 lifetime,,,false
game_A28B0,func_15077404,0x090,0x03E00008,0xA1820249,-,-,Store the packed low byte before returning,0x03E00008,-,false
game_A28B0,func_15077404,0x094,0xA1630249,0x00000000,-,-,Restore retail's empty active-path return delay slot,,,false
generated_C9EC0,func_1509CDDC,0x008,0xAFB50028,0x00000000,-,-,Omit IDO's loop-invariant state-base save,,,true
generated_C9EC0,func_1509CDDC,0x00C,0xAFB40024,0xAFB40028,-,-,Restore retail's s4 save slot,,,false
generated_C9EC0,func_1509CDDC,0x010,0xAFB30020,0xAFB30024,-,-,Restore retail's s3 save slot,,,false
generated_C9EC0,func_1509CDDC,0x014,0xAFB2001C,0xAFB20020,-,-,Restore retail's s2 save slot,,,false
generated_C9EC0,func_1509CDDC,0x018,0xAFB10018,0xAFB1001C,-,-,Restore retail's s1 save slot,,,false
generated_C9EC0,func_1509CDDC,0x01C,0xAFB00014,0xAFB00018,-,-,Restore retail's s0 save slot,,,false
generated_C9EC0,func_1509CDDC,0x028,0x3C150000,0x00000000,R_MIPS_HI16:D_800D2E70,-,Omit IDO's hoisted state-base high address,,,true
generated_C9EC0,func_1509CDDC,0x02C,0x26B50000,0x00000000,R_MIPS_LO16:D_800D2E70,-,Omit IDO's hoisted state-base low address,,,true
generated_C9EC0,func_1509CDDC,0x034,0x24130003,0x24130003,-,-,Rematerialize the state-array high address inside each retry pass,0x3C110000,R_MIPS_HI16:D_800D2E70,false
generated_C9EC0,func_1509CDDC,0x03C,0x02A08825,0x26310000,-,R_MIPS_LO16:D_800D2E70,Complete retail's per-pass state-array address,,,false
generated_C9EC0,func_1509CDDC,0x068,0x5640FFF4,0x1640FFF2,-,-,Restore retail's ordinary retry branch after contraction,,,false
generated_C9EC0,func_1509CDDC,0x06C,0x00009025,0x00000000,-,-,Restore retail's empty retry delay slot,,,false
generated_C9EC0,func_1509CDDC,0x074,0x8FB00014,0x8FB00018,-,-,Restore retail's s0 load slot,,,false
generated_C9EC0,func_1509CDDC,0x078,0x8FB10018,0x8FB1001C,-,-,Restore retail's s1 load slot,,,false
generated_C9EC0,func_1509CDDC,0x07C,0x8FB2001C,0x8FB20020,-,-,Restore retail's s2 load slot,,,false
generated_C9EC0,func_1509CDDC,0x080,0x8FB30020,0x8FB30024,-,-,Restore retail's s3 load slot,,,false
generated_C9EC0,func_1509CDDC,0x084,0x8FB40024,0x8FB40028,-,-,Restore retail's s4 load slot,,,false
generated_C9EC0,func_1509CDDC,0x088,0x8FB50028,0x00000000,-,-,Omit IDO's loop-invariant state-base load,,,true
generated_12B1C0,func_150FDD10,0x038,0x3C110000,0x3C120000,R_MIPS_HI16:D_800D121C,R_MIPS_HI16:D_800D121C,Normalize the closed end-pointer and target-type register allocation cycle,,,false
generated_12B1C0,func_150FDD10,0x03C,0x26310000,0x26520000,R_MIPS_LO16:D_800D121C,R_MIPS_LO16:D_800D121C,Complete the end pointer through retail's s2 lifetime,,,false
generated_12B1C0,func_150FDD10,0x040,0x24120028,0x24110028,-,-,Retain the target type in retail's s1 lifetime,,,false
generated_12B1C0,func_150FDD10,0x050,0x564F0004,0x562F0004,-,-,Compare the target type through retail's s1 lifetime,,,false
generated_12B1C0,func_150FDD10,0x064,0x5611FFF8,0x5612FFF8,-,-,Compare the end pointer through retail's s2 lifetime,,,false
generated_138520,func_1510B32C,0x014,0xAFA7002C,0xAFA7002C,-,-,Materialize the fifth floating argument before reloading the register arguments,0x44802000,-,false
generated_138520,func_1510B32C,0x02C,0xAFA00010,0xE7A40010,-,-,Store the zero fifth argument through retail's floating register,,,false
generated_138520,func_1510B32C,0x048,0xC7A4002C,0xC7A6002C,-,-,Restore retail's first post-call floating register,,,false
generated_138520,func_1510B32C,0x04C,0xC7A60024,0xC7A80024,-,-,Restore retail's second post-call floating register,,,false
generated_138520,func_1510B32C,0x050,0xC7A80028,0xC7AA0028,-,-,Restore retail's third post-call floating register,,,false
generated_138520,func_1510B32C,0x060,0xE4440000,0xE4460000,-,-,Store the first vector component through retail's floating register,,,false
generated_138520,func_1510B32C,0x064,0xE4460004,0xE4480004,-,-,Store the second vector component through retail's floating register,,,false
generated_138520,func_1510B32C,0x068,0xE4480008,0xE44A0008,-,-,Store the third vector component through retail's floating register,,,false
generated_142560,func_1511A410,0x030,0x27A9000C,0x2408FFFD,-,-,Schedule the match tag before materializing the scratch-array base,,,false
generated_142560,func_1511A410,0x034,0x2408FFFD,0x15050005,-,-,Move the tag comparison to retail's loop head,,,false
generated_142560,func_1511A410,0x038,0x15050004,0x0002C880,-,-,Compute the match-slot offset in the comparison delay slot,,,false
generated_142560,func_1511A410,0x03C,0x0002C880,0x27A9000C,-,-,Materialize the scratch-array base only on a matching tag,,,false
generated_142560,func_1511A410,0x040,0x01395021,0x03292821,-,-,Form the destination through retail's expired tag register,,,false
generated_142560,func_1511A410,0x044,0xAD430000,0xACA30000,-,-,Store the matching index through retail's destination register,,,false
generated_142560,func_1511A410,0x050,0x000358C0,0x000350C0,-,-,Compute the next record offset through retail's t2 lifetime,,,false
generated_142560,func_1511A410,0x054,0x01646021,0x01445821,-,-,Form the next record address through retail's t3 lifetime,,,false
generated_142560,func_1511A410,0x058,0x81850000,0x81650000,-,-,Load the next tag through retail's record-address register,,,false
generated_142560,func_1511A410,0x064,0x8FAD0010,0x8FAC0010,-,-,Load the second match through retail's t4 lifetime on sentinel exit,,,false
generated_142560,func_1511A410,0x068,0x1420FFF3,0x1420FFF2,-,-,Retarget the retry branch to retail's rescheduled loop head,,,false
generated_142560,func_1511A410,0x070,0x8FAD0010,0x8FAC0010,-,-,Load the second match through retail's t4 lifetime on bounded exit,,,false
generated_142560,func_1511A410,0x074,0xACCD0000,0xACCC0000,-,-,Store the second match through retail's t4 lifetime,,,false
game_14FF90,func_151239CC,0x064,0xAFA30018,0xAFA3001C,-,-,Preserve retail's saved-state slot pointer in the top local frame slot,,,false
game_14FF90,func_151239CC,0x068,0x8FA30018,0x8FA3001C,-,-,Reload the saved-state slot pointer from retail's top local frame slot,,,false
generated_179F30,func_1514EDF0,0x028,0xAFA00038,0xAFA00034,-,-,Initialize the recovered result pointer in retail's lower local frame slot,,,false
generated_179F30,func_1514EDF0,0x02C,0x27B20038,0x27B20034,-,-,Materialize the recovered result pointer from retail's lower local frame slot,,,false
generated_179F30,func_1514EDF0,0x048,0x8FA40038,0x8FA40034,-,-,Reload the recovered result pointer from retail's lower local frame slot,,,false
generated_185560,func_15158B3C,0x010,0x14C10011,0x14C10012,-,-,Retarget the operation branch across retail's unscheduled second-selector store,,,false
generated_185560,func_15158B3C,0x040,0x17230011,0x17230012,-,-,Retarget the second-record mismatch branch across retail's unscheduled selector store,,,false
generated_185560,func_15158B3C,0x050,0x03E00008,0xA0880044,-,-,Store the first selector before retail's second-record return,,,false
generated_185560,func_15158B3C,0x054,0xA0880044,0x03E00008,-,-,Keep retail's second-record return delay slot empty,0x00000000,-,false
generated_185560,func_15158B3C,0x060,0x8CA90000,0x8CA20000,-,-,Load the zero-operation record pointer through retail's v0 lifetime,,,false
generated_185560,func_15158B3C,0x064,0x8C8A0040,0x8C890040,-,-,Load the current selection through retail's t1 lifetime,,,false
generated_185560,func_15158B3C,0x068,0x512A0006,0x50490006,-,-,Compare the zero-operation pointers through retail's register pair,,,false
generated_185560,func_15158B3C,0x070,0x908B0044,0x908A0044,-,-,Load the current selector through retail's t2 lifetime,,,false
generated_185560,func_15158B3C,0x074,0x90AC0004,0x90AB0004,-,-,Load the record selector through retail's t3 lifetime,,,false
generated_185560,func_15158B3C,0x078,0x156C0003,0x154B0003,-,-,Compare selector bytes through retail's register pair,,,false
generated_1A89B0,func_1517D578,0x000,0xAFA40000,0x44876000,-,-,Move the incoming float before retail's narrow-coordinate sequence,,,false
generated_1A89B0,func_1517D578,0x004,0x00047400,0x3C070000,-,R_MIPS_HI16:D_8008CEB0,Materialize the retained queue-count address in retail's a3 lifetime,,,false
generated_1A89B0,func_1517D578,0x008,0xAFA50004,0xAFA40000,-,-,Spill the first coordinate after the retained count address,,,false
generated_1A89B0,func_1517D578,0x00C,0x0005C400,0x00047400,-,-,Narrow the first coordinate through retail's t6 lifetime,,,false
generated_1A89B0,func_1517D578,0x010,0xAFA60008,0xAFA50004,-,-,Spill the second coordinate in retail order,,,false
generated_1A89B0,func_1517D578,0x014,0x00064C00,0x0005C400,-,-,Narrow the second coordinate through retail's t8 lifetime,,,false
generated_1A89B0,func_1517D578,0x018,0x3C080000,0xAFA60008,R_MIPS_HI16:D_8008CEB0,-,Spill the third coordinate before its narrowing shift,,,false
generated_1A89B0,func_1517D578,0x01C,0x44876000,0x00064400,-,-,Narrow the third coordinate through retail's t0 lifetime,,,false
generated_1A89B0,func_1517D578,0x020,0x25080000,0x00083403,R_MIPS_LO16:D_8008CEB0,-,Complete the third signed narrowing before the remaining coordinates,,,false
generated_1A89B0,func_1517D578,0x024,0x00093403,0x00182C03,-,-,Complete the second signed narrowing through retail's t8 lifetime,,,false
generated_1A89B0,func_1517D578,0x028,0x00182C03,0x000E2403,-,-,Complete the first signed narrowing through retail's t6 lifetime,,,false
generated_1A89B0,func_1517D578,0x02C,0x000E2403,0x24E70000,-,R_MIPS_LO16:D_8008CEB0,Complete retail's retained queue-count address,,,false
generated_1A89B0,func_1517D578,0x030,0x91020000,0x90E20000,-,-,Read the queue count through retail's retained a3 pointer,,,false
generated_1A89B0,func_1517D578,0x034,0x3C0C0000,0x3C0B0000,R_MIPS_HI16:D_800DDD28,R_MIPS_HI16:D_800DDD28,Materialize the queue base through retail's t3 lifetime,,,false
generated_1A89B0,func_1517D578,0x038,0x258C0000,0x256B0000,R_MIPS_LO16:D_800DDD28,R_MIPS_LO16:D_800DDD28,Complete the queue base through retail's t3 lifetime,,,false
generated_1A89B0,func_1517D578,0x044,0x00025900,0x00025100,-,-,Scale the queue index through retail's t2 lifetime,,,false
generated_1A89B0,func_1517D578,0x048,0x016C3821,0x014B1821,-,-,Form the selected queue entry in retail's v1 lifetime,,,false
generated_1A89B0,func_1517D578,0x04C,0x8FAE0010,0x8FAC0010,-,-,Load the first trailing halfword through retail's t4 lifetime,,,false
generated_1A89B0,func_1517D578,0x050,0x8FAF0014,0x8FAD0014,-,-,Load the second trailing halfword through retail's t5 lifetime,,,false
generated_1A89B0,func_1517D578,0x054,0x93B8001B,0x93AE001B,-,-,Load the trailing byte through retail's t6 lifetime,,,false
generated_1A89B0,func_1517D578,0x058,0x244D0001,0x244F0001,-,-,Advance the queue count through retail's t7 lifetime,,,false
generated_1A89B0,func_1517D578,0x05C,0xA4E40000,0xA4640000,-,-,Store the first coordinate through retail's v1 entry pointer,,,false
generated_1A89B0,func_1517D578,0x060,0xA4E50002,0xA4650002,-,-,Store the second coordinate through retail's v1 entry pointer,,,false
generated_1A89B0,func_1517D578,0x064,0xA4E60004,0xA4660004,-,-,Store the third coordinate through retail's v1 entry pointer,,,false
generated_1A89B0,func_1517D578,0x068,0xE4EC000C,0xE46C000C,-,-,Store the float through retail's v1 entry pointer,,,false
generated_1A89B0,func_1517D578,0x06C,0xA10D0000,0xA0EF0000,-,-,Store the advanced count through retail's retained a3 pointer,,,false
generated_1A89B0,func_1517D578,0x070,0xA4EE0008,0xA46C0008,-,-,Store the first trailing halfword through retail's v1 entry pointer,,,false
generated_1A89B0,func_1517D578,0x074,0xA4EF000A,0xA46D000A,-,-,Store the second trailing halfword through retail's v1 entry pointer,,,false
generated_1A89B0,func_1517D578,0x078,0xA0F80006,0xA06E0006,-,-,Store the trailing byte through retail's v1 entry pointer,,,false
generated_1B7EC0,func_1518AADC,0x038,0x00401825,0x87A40026,-,-,Reload the duplicated signed value before testing allocation success,,,false
generated_1B7EC0,func_1518AADC,0x040,0x87A40026,0x00401825,-,-,Retain the allocated record in retail's branch delay slot,,,false
generated_1B7EC0,func_1518AADC,0x050,0xA4640022,0x8FB80020,-,-,Load the retained owner immediately after clearing the final word,,,false
generated_1B7EC0,func_1518AADC,0x054,0xA4640020,0xA4640022,-,-,Store the second signed copy after retail's early owner load,,,false
generated_1B7EC0,func_1518AADC,0x058,0xAC600010,0xA4640020,-,-,Store the first signed copy in retail order,,,false
generated_1B7EC0,func_1518AADC,0x05C,0xAC600014,0xAC600010,-,-,Clear the first payload word after the signed copies,,,false
generated_1B7EC0,func_1518AADC,0x060,0x8FB80020,0xAC600014,-,-,Clear the second payload word while retaining the owner,,,false
generated_1B7EC0,func_1518AADC,0x064,0x00601025,0xAC780018,-,-,Store the retained owner before loading the selector,,,false
generated_1B7EC0,func_1518AADC,0x068,0xAC780018,0x93B9002B,-,-,Load the selector after the owner store,,,false
generated_1B7EC0,func_1518AADC,0x06C,0x93B9002B,0x00601025,-,-,Select the allocated record as the return value before the selector store,,,false
generated_1BFDD0,func_15192920,0x010,0x24040023,0x8FAF0038,-,-,Reload the payload owner before preparing call arguments,,,false
generated_1BFDD0,func_15192920,0x014,0x2405FFFF,0x24040023,-,-,Prepare the command type after retail's second owner load,,,false
generated_1BFDD0,func_15192920,0x01C,0x24060014,0x2405FFFF,-,-,Prepare the signed selector in the null-branch delay slot,,,false
generated_1BFDD0,func_15192920,0x020,0x8FAF0038,0xAFAF0028,-,-,Store the owner at the start of retail's local payload,,,false
generated_1BFDD0,func_15192920,0x024,0x44802000,0x91F8003B,-,-,Load the selector byte immediately after the owner store,,,false
generated_1BFDD0,func_15192920,0x028,0x24190010,0x44802000,-,-,Materialize the zero float after loading the selector,,,false
generated_1BFDD0,func_15192920,0x02C,0xAFAF0028,0x24190010,-,-,Begin the overflow call arguments in retail order,,,false
generated_1BFDD0,func_15192920,0x030,0x91F8003B,0x2408000C,-,-,Prepare the payload size after the first overflow argument,,,false
generated_1BFDD0,func_15192920,0x034,0x2408000C,0x240900FF,-,-,Prepare the byte mask after the payload size,,,false
generated_1BFDD0,func_15192920,0x038,0x240900FF,0x240A0001,-,-,Prepare the final allocation flag after the byte mask,,,false
generated_1BFDD0,func_15192920,0x03C,0x240A0001,0xAFAA001C,-,-,Store the final allocation flag in its outgoing slot,,,false
generated_1BFDD0,func_15192920,0x040,0xAFAA001C,0xAFA90018,-,-,Store the byte mask in its outgoing slot,,,false
generated_1BFDD0,func_15192920,0x044,0xAFA90018,0xAFA80014,-,-,Store the payload size in its outgoing slot,,,false
generated_1BFDD0,func_15192920,0x048,0xAFA80014,0xAFB90010,-,-,Store the leading overflow argument in retail order,,,false
generated_1BFDD0,func_15192920,0x04C,0xAFB90010,0x24060014,-,-,Prepare the third register argument after the overflow stores,,,false
generated_1BFDD0,func_15192920,0x054,0xE7A40030,0xA3B8002C,-,-,Store the selector before requesting the destination record,,,false
generated_1BFDD0,func_15192920,0x05C,0xA3B8002C,0xE7A40030,-,-,Store the zero float in the allocation-call delay slot,,,false
generated_1DD500,func_151B1AB0,0x010,0x2404003C,0x8FAF0038,-,-,Reload the payload owner before preparing call arguments,,,false
generated_1DD500,func_151B1AB0,0x014,0x2405FFFF,0x2404003C,-,-,Prepare the command type after retail's second owner load,,,false
generated_1DD500,func_151B1AB0,0x01C,0x24060015,0x2405FFFF,-,-,Prepare the signed selector in the null-branch delay slot,,,false
generated_1DD500,func_151B1AB0,0x020,0x8FAF0038,0xAFAF0028,-,-,Store the owner at the start of retail's local payload,,,false
generated_1DD500,func_151B1AB0,0x024,0x44802000,0x91F8003B,-,-,Load the selector byte immediately after the owner store,,,false
generated_1DD500,func_151B1AB0,0x028,0x24190011,0x44802000,-,-,Materialize the zero float after loading the selector,,,false
generated_1DD500,func_151B1AB0,0x02C,0xAFAF0028,0x24190011,-,-,Begin the overflow call arguments in retail order,,,false
generated_1DD500,func_151B1AB0,0x030,0x91F8003B,0x2408000C,-,-,Prepare the payload size after the first overflow argument,,,false
generated_1DD500,func_151B1AB0,0x034,0x2408000C,0x240900FF,-,-,Prepare the byte mask after the payload size,,,false
generated_1DD500,func_151B1AB0,0x038,0x240900FF,0x240A0001,-,-,Prepare the final allocation flag after the byte mask,,,false
generated_1DD500,func_151B1AB0,0x03C,0x240A0001,0xAFAA001C,-,-,Store the final allocation flag in its outgoing slot,,,false
generated_1DD500,func_151B1AB0,0x040,0xAFAA001C,0xAFA90018,-,-,Store the byte mask in its outgoing slot,,,false
generated_1DD500,func_151B1AB0,0x044,0xAFA90018,0xAFA80014,-,-,Store the payload size in its outgoing slot,,,false
generated_1DD500,func_151B1AB0,0x048,0xAFA80014,0xAFB90010,-,-,Store the leading overflow argument in retail order,,,false
generated_1DD500,func_151B1AB0,0x04C,0xAFB90010,0x24060015,-,-,Prepare the third register argument after the overflow stores,,,false
generated_1DD500,func_151B1AB0,0x054,0xE7A40030,0xA3B8002C,-,-,Store the selector before requesting the destination record,,,false
generated_1DD500,func_151B1AB0,0x05C,0xA3B8002C,0xE7A40030,-,-,Store the zero float in the allocation-call delay slot,,,false
generated_1FA770,func_151CEA20,0x008,0x44817000,0x44818000,-,-,Materialize the clamp constant in retail's f16 lifetime,,,false
generated_1FA770,func_151CEA20,0x010,0xC4800040,0xC48C0040,-,-,Load acceleration through retail's f12 lifetime,,,false
generated_1FA770,func_151CEA20,0x020,0x46040182,0x46046182,-,-,Multiply acceleration and timestep through retail's f6 lifetime,,,false
generated_1FA770,func_151CEA20,0x024,0x44818000,0x44819000,-,-,Materialize the midpoint constant in retail's f18 lifetime,,,false
generated_1FA770,func_151CEA20,0x02C,0x46100482,0x460C9102,-,-,Scale acceleration by one half through retail's f4 lifetime,,,false
generated_1FA770,func_151CEA20,0x030,0x46023200,0x46061200,-,-,Add the velocity delta through retail's operand order,,,false
generated_1FA770,func_151CEA20,0x038,0xC44C0000,0xC44E0000,-,-,Reload the timestep through retail's f14 lifetime,,,false
generated_1FA770,func_151CEA20,0x03C,0x460C9102,0x460E2182,-,-,Form the half-step acceleration through retail's f6 lifetime,,,false
generated_1FA770,func_151CEA20,0x040,0xC492004C,0x46061200,-,-,Form midpoint velocity before loading the second rate,,,false
generated_1FA770,func_151CEA20,0x044,0x46041180,0x460E4482,-,-,Advance midpoint velocity through retail's timestep lifetime,,,false
generated_1FA770,func_151CEA20,0x048,0x460C3202,0x46125100,-,-,Add the midpoint displacement through retail's f4 lifetime,,,false
generated_1FA770,func_151CEA20,0x04C,0x46085400,0xE4840038,-,-,Store the integrated position before the second scalar loads,,,false
generated_1FA770,func_151CEA20,0x050,0xC48A0050,0xC486004C,-,-,Load the second scalar rate through retail's f6 lifetime,,,false
generated_1FA770,func_151CEA20,0x054,0xE4900038,0xC4480000,-,-,Load the third timestep copy after the position store,,,false
generated_1FA770,func_151CEA20,0x058,0xC4440000,0xC4920050,-,-,Load the current second scalar through retail's f18 lifetime,,,false
generated_1FA770,func_151CEA20,0x060,0x46049182,0x46083282,-,-,Multiply rate and timestep through retail's f10 lifetime,,,false
generated_1FA770,func_151CEA20,0x064,0x46065200,0x460A9100,-,-,Add the second scalar delta through retail's f4 lifetime,,,false
generated_1FA770,func_151CEA20,0x068,0xE4880050,0xE4840050,-,-,Store the advanced second scalar through retail's f4 lifetime,,,false
generated_1FA770,func_151CEA20,0x06C,0xC4900050,0xC4860050,-,-,Reload the second scalar through retail's f6 lifetime,,,false
generated_1FA770,func_151CEA20,0x070,0x4610703C,0x4606803C,-,-,Compare the clamp constant through retail's FP register pair,,,false
generated_1FA770,func_151CEA20,0x080,0xE48E0050,0xE4900050,-,-,Store retail's f16 clamp constant on overflow,,,false
game_40490,func_15013D38,0x018,0x24030001,0x27A4003C,-,-,Prepare the vector address before materializing the call constants,,,false
game_40490,func_15013D38,0x02C,0x27A4003C,0x24090001,-,-,Materialize the first overflow argument after the vector address,,,false
game_40490,func_15013D38,0x030,0x24090001,0x240A00FF,-,-,Materialize the byte mask after the first overflow argument,,,false
game_40490,func_15013D38,0x034,0x240A00FF,0x240B0001,-,-,Materialize the final overflow argument after the byte mask,,,false
game_40490,func_15013D38,0x038,0x240B0001,0x24030001,-,-,Materialize the default stored value after all call constants,,,false
generated_50D80,func_15024130,0x03C,0x022E1021,0x01D11021,-,-,Preserve retail's commutative table-base addition operand order,,,false
game_A28B0,func_15076768,0x050,0x27A40020,0xE7A60048,-,-,Store the fixed vertical position before forming the descriptor address,,,false
game_A28B0,func_15076768,0x054,0xE7A60048,0xE7A40044,-,-,Store the actor X position after the fixed vertical position,,,false
game_A28B0,func_15076768,0x058,0xE7A40044,0xC4A8001C,-,-,Load the actor Z position after the first two position stores,,,false
game_A28B0,func_15076768,0x05C,0xC4A8001C,0xE7A8004C,-,-,Store the actor Z position immediately after loading it,,,false
game_A28B0,func_15076768,0x064,0xE7A8004C,0x27A40020,-,-,Form the descriptor address in the helper-call delay slot,,,false
generated_AC030,func_1507F4C0,0x000,0x27BDFFE0,0x27BDFFD8,-,-,Preserve retail's 0x28-byte frame for the two post-call live values,,,false
generated_AC030,func_1507F4C0,0x050,0xAFA3001C,0xAFA30020,-,-,Spill the selected base in retail's upper local slot,,,false
generated_AC030,func_1507F4C0,0x058,0xAFA40020,0xAFA4001C,-,-,Spill the selected range in retail's lower local slot,,,false
generated_AC030,func_1507F4C0,0x05C,0x8FA40020,0x8FA4001C,-,-,Reload the selected range from retail's lower local slot,,,false
generated_AC030,func_1507F4C0,0x060,0x8FA3001C,0x8FA30020,-,-,Reload the selected base from retail's upper local slot,,,false
generated_AC030,func_1507F4C0,0x080,0x27BD0020,0x27BD0028,-,-,Restore retail's 0x28-byte frame in the epilogue,,,false
generated_E4070,func_150B73F0,0x000,0x848E0024,0x84880024,-,-,Use retail's progress register in the closed interpolation allocation cycle,,,false
generated_E4070,func_150B73F0,0x004,0x8C98001C,0x8C87001C,-,-,Use retail's duration register in the closed interpolation allocation cycle,,,false
generated_E4070,func_150B73F0,0x008,0x84850018,0x84820018,-,-,Use retail's first X endpoint register in the closed interpolation allocation cycle,,,false
generated_E4070,func_150B73F0,0x00C,0x000E7C00,0x00087400,-,-,Shift the progress value through retail's temporary register,,,false
generated_E4070,func_150B73F0,0x010,0x01F8001A,0x01C7001A,-,-,Divide through retail's progress and duration registers,,,false
generated_E4070,func_150B73F0,0x014,0x84990020,0x84850020,-,-,Use retail's second X endpoint register,,,false
generated_E4070,func_150B73F0,0x018,0x00001012,0x00004812,-,-,Keep the interpolation scale in retail's register,,,false
generated_E4070,func_150B73F0,0x01C,0x8487001A,0x8483001A,-,-,Use retail's first Y endpoint register,,,false
generated_E4070,func_150B73F0,0x020,0x03254023,0x00A27823,-,-,Compute the X delta through retail's endpoint registers,,,false
generated_E4070,func_150B73F0,0x024,0x01020019,0x01E90019,-,-,Multiply the X delta through retail's allocation,,,false
generated_E4070,func_150B73F0,0x028,0x848B0022,0x84860022,-,-,Use retail's second Y endpoint register,,,false
generated_E4070,func_150B73F0,0x02C,0x17000002,0x14E00002,-,-,Check the duration through retail's register,,,false
generated_E4070,func_150B73F0,0x03C,0x17010004,0x14E10004,-,-,Preserve retail's signed-division overflow check register,,,false
generated_E4070,func_150B73F0,0x044,0x15E10002,0x15C10002,-,-,Preserve retail's shifted-progress overflow check register,,,false
generated_E4070,func_150B73F0,0x050,0x00004812,0x0000C012,-,-,Read the X product through retail's register,,,false
generated_E4070,func_150B73F0,0x054,0x01676023,0x00C35823,-,-,Compute the Y delta through retail's endpoint registers,,,false
generated_E4070,func_150B73F0,0x058,0x00095403,0x0018CC03,-,-,Shift the X product through retail's register,,,false
generated_E4070,func_150B73F0,0x05C,0x01820019,0x01690019,-,-,Multiply the Y delta through retail's allocation,,,false
generated_E4070,func_150B73F0,0x060,0x00AA1821,0x03225021,-,-,Add the first X endpoint through retail's result register,,,false
generated_E4070,func_150B73F0,0x064,0x44832000,0x448A2000,-,-,Move the interpolated X value through retail's FP input register,,,false
generated_E4070,func_150B73F0,0x070,0x00006812,0x00006012,-,-,Read the Y product through retail's register,,,false
generated_E4070,func_150B73F0,0x074,0x000D7403,0x000C6C03,-,-,Shift the Y product through retail's register,,,false
generated_E4070,func_150B73F0,0x078,0x00EE3021,0x01A37021,-,-,Add the first Y endpoint through retail's result register,,,false
generated_E4070,func_150B73F0,0x07C,0x44864000,0x448E4000,-,-,Move the interpolated Y value through retail's FP input register,,,false
generated_11C2B0,func_150F15F8,0x018,0x8FA90020,0x8FAA0020,-,-,Keep the object base in retail's identity register,,,false
generated_11C2B0,func_150F15F8,0x024,0x25260028,0x25460028,-,-,Form the owner-record address from retail's object-base register,,,false
generated_11C2B0,func_150F15F8,0x028,0x8FA20024,0x8FAF0024,-,-,Load the word-owner pointer through retail's identity register,,,false
generated_11C2B0,func_150F15F8,0x030,0x8FA30024,0x8FA80024,-,-,Load the byte-owner pointer through retail's identity register,,,false
generated_11C2B0,func_150F15F8,0x034,0x8C4F0000,0x8DE20000,-,-,Load the owner word through retail's pointer and value registers,,,false
generated_11C2B0,func_150F15F8,0x040,0x11F80005,0x10580005,-,-,Compare the owner word through retail's value register,,,false
generated_11C2B0,func_150F15F8,0x04C,0x90680004,0x91090004,-,-,Load the owner identity byte through retail's pointer and value registers,,,false
generated_11C2B0,func_150F15F8,0x050,0x5728000B,0x5729000B,-,-,Compare the owner identity byte through retail's value register,,,false
generated_11C2B0,func_150F15F8,0x078,0xAFA90010,0xAFAA0010,-,-,Forward the object base through retail's overflow-argument register,,,false
generated_11F780,func_150F2518,0x01C,0x8DCF0050,0x8DD80050,-,-,Load the entry offset through retail's address register,,,false
generated_11F780,func_150F2518,0x020,0x01EE1021,0x01D81021,-,-,Add the entry offset through retail's address register,,,false
generated_11F780,func_150F2518,0x03C,0x3C180000,0x3C080000,R_MIPS_HI16:D_800BE9C0,R_MIPS_HI16:D_800BE9C0,Materialize the matrix-index global through retail's register,,,false
generated_11F780,func_150F2518,0x040,0x93180000,0x91080000,R_MIPS_LO16:D_800BE9C0,R_MIPS_LO16:D_800BE9C0,Load the matrix-index byte through retail's register,,,false
generated_11F780,func_150F2518,0x048,0x8FA80060,0x8FB90060,-,-,Reload the object base through retail's register,,,false
generated_11F780,func_150F2518,0x04C,0x0018C980,0x00084980,-,-,Shift the matrix index through retail's register,,,false
generated_11F780,func_150F2518,0x058,0x03282821,0x03292821,-,-,Form the destination matrix address through retail's registers,,,false
generated_124260,func_150F7310,0x018,0x8FA90020,0x8FAB0020,-,-,Keep the object base in retail's identity register,,,false
generated_124260,func_150F7310,0x024,0x25260028,0x25660028,-,-,Form the owner-record address from retail's object-base register,,,false
generated_124260,func_150F7310,0x028,0x8FA20024,0x8FA60020,-,-,Reload the object base before the incoming owner pointers,,,false
generated_124260,func_150F7310,0x02C,0x8FA60020,0x8FB80024,-,-,Load the word-owner pointer through retail's identity register,,,false
generated_124260,func_150F7310,0x030,0x8FA30024,0x8FA90024,-,-,Load the byte-owner pointer through retail's identity register,,,false
generated_124260,func_150F7310,0x034,0x8C580000,0x8CCF0028,-,-,Load the target word before the incoming owner word,,,false
generated_124260,func_150F7310,0x038,0x8CCF0028,0x8F190000,-,-,Load the owner word through retail's pointer and value registers,,,false
generated_124260,func_150F7310,0x040,0x11F80005,0x11F90005,-,-,Compare the owner words through retail's value registers,,,false
generated_124260,func_150F7310,0x048,0x90D90004,0x90C80004,-,-,Load the target identity byte through retail's value register,,,false
generated_124260,func_150F7310,0x04C,0x90680004,0x912A0004,-,-,Load the owner identity byte through retail's pointer and value registers,,,false
generated_124260,func_150F7310,0x050,0x5728000B,0x550A000B,-,-,Compare the owner identity bytes through retail's value registers,,,false
generated_124260,func_150F7310,0x078,0xAFA90010,0xAFAB0010,-,-,Forward the object base through retail's overflow-argument register,,,false
init_B1B0,func_1000DE1C,0x038,0x27A4003C,0x27A40034,-,-,Pass retail's lower local-array address to the identifier collector,,,false
init_B1B0,func_1000DE1C,0x040,0x27B0003C,0x27B00034,-,-,Retain retail's lower local-array cursor across the dispatch loop,,,false
init_B1B0,func_1000DF68,0x020,0x1040002D,0x1040002E,-,-,Extend the null-record branch across retail's longer shared epilogue,,,false
init_B1B0,func_1000DF68,0x060,0x5420001C,0x5420001D,-,-,Extend the short-transition branch across retail's longer shared epilogue,,,false
init_B1B0,func_1000DF68,0x0BC,0x14200002,0x54200003,-,-,Use retail's likely branch for the in-range transition step,,,false
init_B1B0,func_1000DF68,0x0C0,0x00000000,0xA4620050,-,-,Store an in-range transition step in the likely branch delay slot,,,false
init_B1B0,func_1000DF68,0x0C8,0x10000003,0xA4620050,-,-,Store the clamped transition step before entering the shared epilogue,,,false
init_B1B0,func_1000DF68,0x0CC,0xA4620050,0x10000004,-,-,Branch from the calculated-step path to retail's shared epilogue,,,false
init_B1B0,func_1000DF68,0x0D0,0x24180200,0x8FBF0014,-,-,Restore the return address in the calculated-step branch delay slot,,,false
init_B1B0,func_1000DF68,0x0D4,0xA4780050,0x24180200,-,-,Materialize the fixed short-transition step on its fallthrough path,,,false
init_B1B0,func_1000DF68,0x0D8,0x8FBF0014,0xA4780050,-,-,Store the fixed short-transition step before the shared epilogue,,,false
init_B1B0,func_1000DF68,0x0DC,0x27BD0020,0x8FBF0014,-,-,Restore the return address on the short-transition path,,,false
init_B1B0,func_1000DF68,0x0E0,0x03E00008,0x27BD0020,-,-,Restore the stack pointer at retail's shared epilogue address,,,false
init_B1B0,func_1000DF68,0x0E4,0x00000000,0x03E00008,-,-,Move the return jump to retail's final functional word,,,false
generated_leodiskinit,osLeoDiskInit,0x034,0x24080006,0x27BDFFE0,-,-,Open retail's stack frame before materializing the adjacent field values,,,false
generated_leodiskinit,osLeoDiskInit,0x038,0xA0280006,0x24080006,R_MIPS_LO16:D_80043AC0,-,Materialize page size before the paired field stores,,,false
generated_leodiskinit,osLeoDiskInit,0x03C,0x27BDFFE0,0x24090002,-,-,Materialize relative duration beside page size,,,false
generated_leodiskinit,osLeoDiskInit,0x040,0x3C010000,0x00000000,R_MIPS_HI16:D_80043AC0,-,Omit IDO's repeated handle-address high load,,,true
generated_leodiskinit,osLeoDiskInit,0x044,0x24090002,0xAFBF0014,-,-,Save the return address before committing the paired fields,,,false
generated_leodiskinit,osLeoDiskInit,0x048,0xAFBF0014,0xA0280006,-,R_MIPS_LO16:D_80043AC0,Store page size through retail's shared handle address,,,false
generated_leodiskinit,osLeoDiskInit,0x0EC,0x27BD0020,0x27BD0020,-,-,Restore the retail extent after removing the redundant handle load,0x00000000,-,false
init_B1B0,func_1000C934,0x050,0x8FAD003C,0x8FA5003C,-,-,Reload the pending value through retail's a1 lifetime in the level branch delay slot,,,false
init_B1B0,func_1000C934,0x08C,0x8FAA003C,0x8FA5003C,-,-,Reload the spatial result through retail's retained a1 lifetime,,,false
init_B1B0,func_1000C934,0x094,0x314BFF00,0x30AAFF00,-,-,Mask the spatial result from retail's a1 lifetime,,,false
init_B1B0,func_1000C934,0x098,0x00EB6023,0x00EA2823,-,-,Subtract the masked result back into retail's a1 lifetime,,,false
init_B1B0,func_1000C934,0x09C,0xAFAC003C,0xAFA5003C,-,-,Store the adjusted value from retail's a1 lifetime,,,false
init_B1B0,func_1000C934,0x0A0,0x8FAD003C,0x8FA5003C,-,-,Reload the pending channel value through a1,,,false
init_B1B0,func_1000C934,0x0A4,0x8FAE0040,0x8FAB0040,-,-,Load the previous value through retail's t3 lifetime,,,false
init_B1B0,func_1000C934,0x0AC,0x01AE7826,0x00AB6026,-,-,Compare pending and previous values through retail's t4 lifetime,,,false
init_B1B0,func_1000C934,0x0B0,0x000F782B,0x000C602B,-,-,Normalize the comparison through retail's t4 lifetime,,,false
init_B1B0,func_1000C934,0x0B4,0x31F8FFFF,0x318DFFFF,-,-,Retain the low comparison bits through retail's t5 lifetime,,,false
init_B1B0,func_1000C934,0x0B8,0x53000004,0x51A00005,-,-,Branch over the optional update using retail's comparison register and target,,,false
init_B1B0,func_1000C934,0x0BC,0x8FA2003C,0x3C018000,-,-,Materialize the return flag in retail's no-update branch delay slot,,,false
init_B1B0,func_1000C934,0x0C4,0x01A02825,0xAFA5003C,-,-,Preserve the pending value in the update-call delay slot,,,false
init_B1B0,func_1000C934,0x0C8,0x8FA2003C,0x8FA5003C,-,-,Reload the updated value through retail's a1 lifetime,,,false
init_B1B0,func_1000C934,0x0D0,0x8FBF002C,0x00A11025,-,-,Combine the pending value with the high return flag,,,false
init_B1B0,func_1000C934,0x0D4,0x0041C825,0x8FBF002C,-,-,Restore the return address after forming the result,,,false
init_B1B0,func_1000C934,0x0D8,0x03201025,0x27BD0040,-,-,Restore the stack before the shared return jump,,,false
init_B1B0,func_1000C934,0x0E0,0x27BD0040,0x00000000,-,-,Restore retail's empty return delay slot,,,false
init_EB00,func_10010630,0x004,0xAFB00038,0xAFB10038,-,-,Normalize the recovered dispatcher to retail's saved-value and argument schedule,,,false
init_EB00,func_10010630,0x008,0x00A08025,0xAFB00034,-,-,Normalize the recovered dispatcher to retail's saved-value and argument schedule,,,false
init_EB00,func_10010630,0x00C,0xAFBF003C,0x00A08025,-,-,Normalize the recovered dispatcher to retail's saved-value and argument schedule,,,false
init_EB00,func_10010630,0x010,0xAFA40040,0x00C08825,-,-,Normalize the recovered dispatcher to retail's saved-value and argument schedule,,,false
init_EB00,func_10010630,0x014,0xAFA60048,0xAFBF003C,-,-,Normalize the recovered dispatcher to retail's saved-value and argument schedule,,,false
init_EB00,func_10010630,0x018,0xAFA7004C,0xAFA40040,-,-,Normalize the recovered dispatcher to retail's saved-value and argument schedule,,,false
init_EB00,func_10010630,0x01C,0x8E0E0000,0xAFA7004C,-,-,Normalize the recovered dispatcher to retail's saved-value and argument schedule,,,false
init_EB00,func_10010630,0x020,0x51C0002F,0x8E0E0000,-,-,Normalize the recovered dispatcher to retail's saved-value and argument schedule,,,false
init_EB00,func_10010630,0x024,0x8FBF003C,0x51C0002E,-,-,Normalize the recovered dispatcher to retail's saved-value and argument schedule,,,false
init_EB00,func_10010630,0x028,0x8E0F0318,0x8FBF003C,-,-,Normalize the recovered dispatcher to retail's saved-value and argument schedule,,,false
init_EB00,func_10010630,0x02C,0x97A40042,0x8E0F0318,-,-,Normalize the recovered dispatcher to retail's saved-value and argument schedule,,,false
init_EB00,func_10010630,0x030,0x8FA90048,0x3225FFFF,-,-,Normalize the recovered dispatcher to retail's saved-value and argument schedule,,,false
init_EB00,func_10010630,0x034,0x11E0000D,0x24060040,-,-,Normalize the recovered dispatcher to retail's saved-value and argument schedule,,,false
init_EB00,func_10010630,0x038,0x3C0C0000,0x11E0000B,R_MIPS_HI16:func_1000EE70,-,Normalize the recovered dispatcher to retail's saved-value and argument schedule,,,false
init_EB00,func_10010630,0x03C,0x8E180184,0x97A40042,-,-,Normalize the recovered dispatcher to retail's saved-value and argument schedule,,,false
init_EB00,func_10010630,0x040,0x97A40042,0x8E020184,-,-,Normalize the recovered dispatcher to retail's saved-value and argument schedule,,,false
init_EB00,func_10010630,0x044,0x97A5004A,0x97A40042,-,-,Normalize the recovered dispatcher to retail's saved-value and argument schedule,,,false
init_EB00,func_10010630,0x048,0x0018C8C2,0x00003825,-,-,Normalize the recovered dispatcher to retail's saved-value and argument schedule,,,false
init_EB00,func_10010630,0x04C,0x33280030,0x0002C0C2,-,-,Normalize the recovered dispatcher to retail's saved-value and argument schedule,,,false
init_EB00,func_10010630,0x050,0x00084840,0x33190030,-,-,Normalize the recovered dispatcher to retail's saved-value and argument schedule,,,false
init_EB00,func_10010630,0x054,0xAFA90010,0x00194040,-,-,Normalize the recovered dispatcher to retail's saved-value and argument schedule,,,false
init_EB00,func_10010630,0x058,0x24060040,0x0C000000,-,R_MIPS_26:func_10010F30,Normalize the recovered dispatcher to retail's saved-value and argument schedule,,,false
init_EB00,func_10010630,0x05C,0x0C000000,0xAFA80010,R_MIPS_26:func_10010F30,-,Normalize the recovered dispatcher to retail's saved-value and argument schedule,,,false
init_EB00,func_10010630,0x060,0x00003825,0x1000001F,-,-,Normalize the recovered dispatcher to retail's saved-value and argument schedule,,,false
init_EB00,func_10010630,0x064,0x1000001E,0x8FBF003C,-,-,Normalize the recovered dispatcher to retail's saved-value and argument schedule,,,false
init_EB00,func_10010630,0x068,0x8FBF003C,0xC6040014,-,-,Normalize the recovered dispatcher to retail's saved-value and argument schedule,,,false
init_EB00,func_10010630,0x06C,0xC6040014,0xC6080018,-,-,Normalize the recovered dispatcher to retail's saved-value and argument schedule,,,false
init_EB00,func_10010630,0x070,0xC6080018,0xC610001C,-,-,Normalize the recovered dispatcher to retail's saved-value and argument schedule,,,false
init_EB00,func_10010630,0x074,0xC610001C,0x4600218D,-,-,Normalize the recovered dispatcher to retail's saved-value and argument schedule,,,false
init_EB00,func_10010630,0x078,0x4600218D,0x97A80052,-,-,Normalize the recovered dispatcher to retail's saved-value and argument schedule,,,false
init_EB00,func_10010630,0x07C,0x97AA0052,0x87A9004E,-,-,Normalize the recovered dispatcher to retail's saved-value and argument schedule,,,false
init_EB00,func_10010630,0x080,0x258C0000,0x4600428D,R_MIPS_LO16:func_1000EE70,-,Normalize the recovered dispatcher to retail's saved-value and argument schedule,,,false
init_EB00,func_10010630,0x084,0x4600428D,0x44053000,-,-,Normalize the recovered dispatcher to retail's saved-value and argument schedule,,,false
init_EB00,func_10010630,0x088,0x44053000,0xAFB00020,-,-,Normalize the recovered dispatcher to retail's saved-value and argument schedule,,,false
init_EB00,func_10010630,0x08C,0xAFAC001C,0x4600848D,-,-,Normalize the recovered dispatcher to retail's saved-value and argument schedule,,,false
init_EB00,func_10010630,0x090,0x4600848D,0x00055400,-,-,Normalize the recovered dispatcher to retail's saved-value and argument schedule,,,false
init_EB00,func_10010630,0x094,0x00055C00,0x000A2C03,-,-,Normalize the recovered dispatcher to retail's saved-value and argument schedule,,,false
init_EB00,func_10010630,0x098,0x000B2C03,0x3C0A0000,-,R_MIPS_HI16:func_1000EE70,Normalize the recovered dispatcher to retail's saved-value and argument schedule,,,false
init_EB00,func_10010630,0x09C,0x87AB004E,0x44079000,-,-,Normalize the recovered dispatcher to retail's saved-value and argument schedule,,,false
init_EB00,func_10010630,0x0A0,0x44079000,0x44065000,-,-,Normalize the recovered dispatcher to retail's saved-value and argument schedule,,,false
init_EB00,func_10010630,0x0A4,0x44065000,0x254A0000,-,R_MIPS_LO16:func_1000EE70,Normalize the recovered dispatcher to retail's saved-value and argument schedule,,,false
init_EB00,func_10010630,0x0A8,0xAFB00020,0xAFAA001C,-,-,Normalize the recovered dispatcher to retail's saved-value and argument schedule,,,false
init_EB00,func_10010630,0x0AC,0xAFA90010,0xAFB10010,-,-,Normalize the recovered dispatcher to retail's saved-value and argument schedule,,,false
init_EB00,func_10010630,0x0B0,0xAFAA0014,0xAFA80014,-,-,Normalize the recovered dispatcher to retail's saved-value and argument schedule,,,false
init_EB00,func_10010630,0x0B4,0xAFAB0018,0xAFA90018,-,-,Normalize the recovered dispatcher to retail's saved-value and argument schedule,,,false
init_EB00,func_10010630,0x0B8,0x920D003B,0x920B003B,-,-,Normalize the recovered dispatcher to retail's saved-value and argument schedule,,,false
init_EB00,func_10010630,0x0BC,0x0007CC00,0x0007C400,-,-,Normalize the recovered dispatcher to retail's saved-value and argument schedule,,,false
init_EB00,func_10010630,0x0C0,0x00067400,0x00066C00,-,-,Normalize the recovered dispatcher to retail's saved-value and argument schedule,,,false
init_EB00,func_10010630,0x0C4,0x000E3403,0x000D3403,-,-,Normalize the recovered dispatcher to retail's saved-value and argument schedule,,,false
init_EB00,func_10010630,0x0C8,0x00193C03,0x00183C03,-,-,Normalize the recovered dispatcher to retail's saved-value and argument schedule,,,false
init_EB00,func_10010630,0x0D8,0xAFAD0024,0xAFAB0024,-,-,Normalize the recovered dispatcher to retail's saved-value and argument schedule,,,false
init_EB00,func_10010630,0x0E0,0x8FB00038,0x8FB00034,-,-,Normalize the recovered dispatcher to retail's saved-value and argument schedule,,,false
init_EB00,func_10010630,0x0E4,0x27BD0040,0x8FB10038,-,-,Normalize the recovered dispatcher to retail's saved-value and argument schedule,,,false
init_EB00,func_10010630,0x0EC,0x00000000,0x27BD0040,-,-,Normalize the recovered dispatcher to retail's saved-value and argument schedule,,,false
init_39C0,func_10003ACC,0x000,0x3C090000,0x3C0B0000,R_MIPS_HI16:D_8002AAE8,R_MIPS_HI16:D_8002AAE8,Normalize the recovered framebuffer clear to retail register allocation and loop scheduling,,,false
init_39C0,func_10003ACC,0x004,0x25290000,0x256B0000,R_MIPS_LO16:D_8002AAE8,R_MIPS_LO16:D_8002AAE8,Normalize the recovered framebuffer clear to retail register allocation and loop scheduling,,,false
init_39C0,func_10003ACC,0x018,0x8D220000,0x8D630000,-,-,Normalize the recovered framebuffer clear to retail register allocation and loop scheduling,,,false
init_39C0,func_10003ACC,0x01C,0x00001825,0x00005025,-,-,Normalize the recovered framebuffer clear to retail register allocation and loop scheduling,,,false
init_39C0,func_10003ACC,0x024,0x00003812,0x00001012,-,-,Normalize the recovered framebuffer clear to retail register allocation and loop scheduling,,,false
init_39C0,func_10003ACC,0x028,0x0007C040,0x0002C040,-,-,Normalize the recovered framebuffer clear to retail register allocation and loop scheduling,,,false
init_39C0,func_10003ACC,0x02C,0x0018C843,0x10600032,-,-,Normalize the recovered framebuffer clear to retail register allocation and loop scheduling,,,false
init_39C0,func_10003ACC,0x030,0x10400030,0x00184043,-,-,Normalize the recovered framebuffer clear to retail register allocation and loop scheduling,,,false
init_39C0,func_10003ACC,0x034,0x03203825,0x19000011,-,-,Normalize the recovered framebuffer clear to retail register allocation and loop scheduling,,,false
init_39C0,func_10003ACC,0x038,0x1B200010,0x01003825,-,-,Normalize the recovered framebuffer clear to retail register allocation and loop scheduling,,,false
init_39C0,func_10003ACC,0x03C,0x00045200,0x0004CA00,-,-,Normalize the recovered framebuffer clear to retail register allocation and loop scheduling,,,false
init_39C0,func_10003ACC,0x040,0x000560C0,0x332CF800,-,-,Normalize the recovered framebuffer clear to retail register allocation and loop scheduling,,,false
init_39C0,func_10003ACC,0x044,0x318D07C0,0x000568C0,-,-,Normalize the recovered framebuffer clear to retail register allocation and loop scheduling,,,false
init_39C0,func_10003ACC,0x048,0x314BF800,0x31AE07C0,-,-,Normalize the recovered framebuffer clear to retail register allocation and loop scheduling,,,false
init_39C0,func_10003ACC,0x04C,0x00067883,0x0006C083,-,-,Normalize the recovered framebuffer clear to retail register allocation and loop scheduling,,,false
init_39C0,func_10003ACC,0x050,0x31F8003E,0x3319003E,-,-,Normalize the recovered framebuffer clear to retail register allocation and loop scheduling,,,false
init_39C0,func_10003ACC,0x054,0x016D7025,0x018E7825,-,-,Normalize the recovered framebuffer clear to retail register allocation and loop scheduling,,,false
init_39C0,func_10003ACC,0x058,0x01D84025,0x01F91025,-,-,Normalize the recovered framebuffer clear to retail register allocation and loop scheduling,,,false
init_39C0,func_10003ACC,0x05C,0x35190001,0x344D0001,-,-,Normalize the recovered framebuffer clear to retail register allocation and loop scheduling,,,false
init_39C0,func_10003ACC,0x060,0x03204025,0x01A01025,-,-,Normalize the recovered framebuffer clear to retail register allocation and loop scheduling,,,false
init_39C0,func_10003ACC,0x064,0x24630001,0x254A0001,-,-,Normalize the recovered framebuffer clear to retail register allocation and loop scheduling,,,false
init_39C0,func_10003ACC,0x068,0x0067082A,0x0147082A,-,-,Normalize the recovered framebuffer clear to retail register allocation and loop scheduling,,,false
init_39C0,func_10003ACC,0x06C,0x24420002,0x24630002,-,-,Normalize the recovered framebuffer clear to retail register allocation and loop scheduling,,,false
init_39C0,func_10003ACC,0x074,0xA448FFFE,0xA462FFFE,-,-,Normalize the recovered framebuffer clear to retail register allocation and loop scheduling,,,false
init_39C0,func_10003ACC,0x078,0x00001825,0x00005025,-,-,Normalize the recovered framebuffer clear to retail register allocation and loop scheduling,,,false
init_39C0,func_10003ACC,0x07C,0x18E0001D,0x1900001E,-,-,Normalize the recovered framebuffer clear to retail register allocation and loop scheduling,,,false
init_39C0,func_10003ACC,0x080,0x00045200,0x8D690004,-,-,Normalize the recovered framebuffer clear to retail register allocation and loop scheduling,,,false
init_39C0,func_10003ACC,0x084,0x000558C0,0x00046200,-,-,Normalize the recovered framebuffer clear to retail register allocation and loop scheduling,,,false
init_39C0,func_10003ACC,0x088,0x316D07C0,0x318EF800,-,-,Normalize the recovered framebuffer clear to retail register allocation and loop scheduling,,,false
init_39C0,func_10003ACC,0x08C,0x314CF800,0x0005C0C0,-,-,Normalize the recovered framebuffer clear to retail register allocation and loop scheduling,,,false
init_39C0,func_10003ACC,0x090,0x00067083,0x330F07C0,-,-,Normalize the recovered framebuffer clear to retail register allocation and loop scheduling,,,false
init_39C0,func_10003ACC,0x094,0x31D8003E,0x00066883,-,-,Normalize the recovered framebuffer clear to retail register allocation and loop scheduling,,,false
init_39C0,func_10003ACC,0x098,0x018D7825,0x31AC003E,-,-,Normalize the recovered framebuffer clear to retail register allocation and loop scheduling,,,false
init_39C0,func_10003ACC,0x09C,0x01F82025,0x01CFC825,-,-,Normalize the recovered framebuffer clear to retail register allocation and loop scheduling,,,false
init_39C0,func_10003ACC,0x0A0,0x34990001,0x032C1025,-,-,Normalize the recovered framebuffer clear to retail register allocation and loop scheduling,,,false
init_39C0,func_10003ACC,0x0A4,0x30E20003,0x34580001,-,-,Normalize the recovered framebuffer clear to retail register allocation and loop scheduling,,,false
init_39C0,func_10003ACC,0x0A8,0x10400006,0x31050003,-,-,Normalize the recovered framebuffer clear to retail register allocation and loop scheduling,,,false
init_39C0,func_10003ACC,0x0AC,0x03202025,0x10A00009,-,-,Normalize the recovered framebuffer clear to retail register allocation and loop scheduling,,,false
init_39C0,func_10003ACC,0x0B0,0x8D250004,0x03001025,-,-,Normalize the recovered framebuffer clear to retail register allocation and loop scheduling,,,false
init_39C0,func_10003ACC,0x0B4,0x24630001,0x000A7040,-,-,Normalize the recovered framebuffer clear to retail register allocation and loop scheduling,,,false
init_39C0,func_10003ACC,0x0B8,0xA4A40000,0x012E1821,-,-,Normalize the recovered framebuffer clear to retail register allocation and loop scheduling,,,false
init_39C0,func_10003ACC,0x0BC,0x1443FFFD,0x00A02025,-,-,Normalize the recovered framebuffer clear to retail register allocation and loop scheduling,,,false
init_39C0,func_10003ACC,0x0C0,0x24A50002,0x254A0001,-,-,Normalize the recovered framebuffer clear to retail register allocation and loop scheduling,,,false
init_39C0,func_10003ACC,0x0C4,0x1067000B,0xA4620000,-,-,Normalize the recovered framebuffer clear to retail register allocation and loop scheduling,,,false
init_39C0,func_10003ACC,0x0C8,0x00000000,0x148AFFFD,-,-,Normalize the recovered framebuffer clear to retail register allocation and loop scheduling,,,false
init_39C0,func_10003ACC,0x0CC,0x8D2A0004,0x24630002,-,-,Normalize the recovered framebuffer clear to retail register allocation and loop scheduling,,,false
init_39C0,func_10003ACC,0x0D0,0x00035840,0x11480009,-,-,Normalize the recovered framebuffer clear to retail register allocation and loop scheduling,,,false
init_39C0,func_10003ACC,0x0D4,0x014B1021,0x000A7840,-,-,Normalize the recovered framebuffer clear to retail register allocation and loop scheduling,,,false
init_39C0,func_10003ACC,0x0D8,0x24630004,0x012F1821,-,-,Normalize the recovered framebuffer clear to retail register allocation and loop scheduling,,,false
init_39C0,func_10003ACC,0x0DC,0xA4440002,0x254A0004,-,-,Normalize the recovered framebuffer clear to retail register allocation and loop scheduling,,,false
init_39C0,func_10003ACC,0x0E0,0xA4440004,0xA4620002,-,-,Normalize the recovered framebuffer clear to retail register allocation and loop scheduling,,,false
init_39C0,func_10003ACC,0x0E4,0xA4440006,0xA4620004,-,-,Normalize the recovered framebuffer clear to retail register allocation and loop scheduling,,,false
init_39C0,func_10003ACC,0x0E8,0x24420008,0xA4620006,-,-,Normalize the recovered framebuffer clear to retail register allocation and loop scheduling,,,false
init_39C0,func_10003ACC,0x0EC,0x1467FFFA,0x24630008,-,-,Normalize the recovered framebuffer clear to retail register allocation and loop scheduling,,,false
init_39C0,func_10003ACC,0x0F0,0xA444FFF8,0x1547FFFA,-,-,Normalize the recovered framebuffer clear to retail register allocation and loop scheduling,,,false
init_39C0,func_10003ACC,0x0F4,0x03E00008,0xA462FFF8,-,-,Normalize the recovered framebuffer clear to retail register allocation and loop scheduling,,,false
init_39C0,func_10003ACC,0x0F8,0x00000000,0x03E00008,-,-,Normalize the recovered framebuffer clear to retail register allocation and loop scheduling,,,false
init_B1B0,func_1000CDA0,0x01C,0x10000034,0x10000037,-,-,Normalize the recovered mask filter to retail local-slot and return scheduling,,,false
init_B1B0,func_1000CDA0,0x028,0x24020001,0x00000000,-,-,Normalize the recovered mask filter to retail local-slot and return scheduling,,,false
init_B1B0,func_1000CDA0,0x058,0xAFA30018,0xAFA3001C,-,-,Normalize the recovered mask filter to retail local-slot and return scheduling,,,false
init_B1B0,func_1000CDA0,0x05C,0x10000024,0x10000027,-,-,Normalize the recovered mask filter to retail local-slot and return scheduling,,,false
init_B1B0,func_1000CDA0,0x064,0xAFA30018,0xAFA3001C,-,-,Normalize the recovered mask filter to retail local-slot and return scheduling,,,false
init_B1B0,func_1000CDA0,0x074,0x8FA30018,0x8FA3001C,-,-,Normalize the recovered mask filter to retail local-slot and return scheduling,,,false
init_B1B0,func_1000CDA0,0x080,0x1000001B,0x1000001E,-,-,Normalize the recovered mask filter to retail local-slot and return scheduling,,,false
init_B1B0,func_1000CDA0,0x0D8,0x00685024,0x00682024,-,-,Normalize the recovered mask filter to retail local-slot and return scheduling,,,false
init_B1B0,func_1000CDA0,0x0DC,0x314B00FF,0x308900FF,-,-,Normalize the recovered mask filter to retail local-slot and return scheduling,,,false
init_B1B0,func_1000CDA0,0x0E0,0x10000003,0x10000005,-,-,Normalize the recovered mask filter to retail local-slot and return scheduling,,,false
init_B1B0,func_1000CDA0,0x0E4,0x2D620001,0x01202025,-,-,Normalize the recovered mask filter to retail local-slot and return scheduling,,,false
init_B1B0,func_1000CDA0,0x0E8,0x10000001,0x10000004,-,-,Normalize the recovered mask filter to retail local-slot and return scheduling,,,false
init_B1B0,func_1000CDA0,0x0F0,0x8FBF0014,0x10000002,-,-,Normalize the recovered mask filter to retail local-slot and return scheduling,0x24020001,,false
init_B1B0,func_1000CDA0,0x0F4,0x27BD0020,0x2C820001,-,-,Normalize the recovered mask filter to retail local-slot and return scheduling,,,false
init_B1B0,func_1000CDA0,0x0F8,0x03E00008,0x8FBF0014,-,-,Normalize the recovered mask filter to retail local-slot and return scheduling,,,false
init_B1B0,func_1000CDA0,0x0FC,0x00000000,0x27BD0020,-,-,Normalize the recovered mask filter to retail local-slot and return scheduling,0x03E00008,,false
init_B1B0,func_1000E2F4,0x06C,0x00035100,0x00035900,-,-,Normalize the recovered entry-mode updater to retail metadata-test register allocation,,,false
init_B1B0,func_1000E2F4,0x080,0x8E420000,0x8E4F0000,-,-,Normalize the recovered entry-mode updater to retail metadata-test register allocation,,,false
init_B1B0,func_1000E2F4,0x084,0x8C4F0004,0x8DF80004,-,-,Normalize the recovered entry-mode updater to retail metadata-test register allocation,,,false
init_B1B0,func_1000E2F4,0x088,0x000FC100,0x0018C900,-,-,Normalize the recovered entry-mode updater to retail metadata-test register allocation,,,false
init_B1B0,func_1000E2F4,0x08C,0x0278C821,0x02794021,-,-,Normalize the recovered entry-mode updater to retail metadata-test register allocation,,,false
init_B1B0,func_1000E2F4,0x090,0x8F280004,0x8D090004,-,-,Normalize the recovered entry-mode updater to retail metadata-test register allocation,,,false
init_B1B0,func_1000E2F4,0x094,0x31090010,0x312A0010,-,-,Normalize the recovered entry-mode updater to retail metadata-test register allocation,,,false
init_B1B0,func_1000E2F4,0x098,0x55200011,0x55400011,-,-,Normalize the recovered entry-mode updater to retail metadata-test register allocation,,,false
init_B1B0,func_1000E2F4,0x0B0,0x026A5821,0x026B6021,-,-,Normalize the recovered entry-mode updater to retail metadata-test register allocation,,,false
init_B1B0,func_1000E2F4,0x0B4,0x8D6C0004,0x8D8D0004,-,-,Normalize the recovered entry-mode updater to retail metadata-test register allocation,,,false
init_B1B0,func_1000E2F4,0x0B8,0x318D0010,0x31AE0010,-,-,Normalize the recovered entry-mode updater to retail metadata-test register allocation,,,false
init_B1B0,func_1000E2F4,0x0BC,0x55A00005,0x55C00005,-,-,Normalize the recovered entry-mode updater to retail metadata-test register allocation,,,false
init_4470,func_100046E4,0x000,0x27BDFF78,0x27BDFF80,-,-,Normalize the recovered chunked PI reader to retail frame and message-local offsets,,,false
init_4470,func_100046E4,0x094,0x27BE0068,0x27BE0064,-,-,Normalize the recovered chunked PI reader to retail frame and message-local offsets,,,false
init_4470,func_100046E4,0x098,0x27B7006C,0x27B70068,-,-,Normalize the recovered chunked PI reader to retail frame and message-local offsets,,,false
init_4470,func_100046E4,0x124,0x27BD0088,0x27BD0080,-,-,Normalize the recovered chunked PI reader to retail frame and message-local offsets,,,false
init_B1B0,func_1000C7E8,0x004,0xAFA60020,0x44867000,-,-,Normalize the recovered spatial-volume callback to retail register allocation and instruction schedule,,,false
init_B1B0,func_1000C7E8,0x078,0x1000002F,0x10000030,-,-,Normalize the recovered spatial-volume callback to retail register allocation and instruction schedule,,,false
init_B1B0,func_1000C7E8,0x080,0x1000002D,0x1000002E,-,-,Normalize the recovered spatial-volume callback to retail register allocation and instruction schedule,,,false
init_B1B0,func_1000C7E8,0x08C,0x3C01C57A,0x3C010000,-,R_MIPS_HI16:D_8002C238,Normalize the recovered spatial-volume callback to retail register allocation and instruction schedule,,,false
init_B1B0,func_1000C7E8,0x090,0x44813000,0x14400003,-,-,Normalize the recovered spatial-volume callback to retail register allocation and instruction schedule,,,false
init_B1B0,func_1000C7E8,0x094,0x14400003,0x00000000,-,-,Normalize the recovered spatial-volume callback to retail register allocation and instruction schedule,,,false
init_B1B0,func_1000C7E8,0x098,0x00000000,0x24020001,-,-,Normalize the recovered spatial-volume callback to retail register allocation and instruction schedule,,,false
init_B1B0,func_1000C7E8,0x09C,0x24020001,0xAC620000,-,-,Normalize the recovered spatial-volume callback to retail register allocation and instruction schedule,,,false
init_B1B0,func_1000C7E8,0x0A0,0xAC620000,0x10C20002,-,-,Normalize the recovered spatial-volume callback to retail register allocation and instruction schedule,,,false
init_B1B0,func_1000C7E8,0x0A4,0x10C20002,0x00000000,-,-,Normalize the recovered spatial-volume callback to retail register allocation and instruction schedule,,,false
init_B1B0,func_1000C7E8,0x0A8,0xC7A40020,0x00403025,-,-,Normalize the recovered spatial-volume callback to retail register allocation and instruction schedule,,,false
init_B1B0,func_1000C7E8,0x0AC,0x00403025,0xC4320000,-,R_MIPS_LO16:D_8002C238,Normalize the recovered spatial-volume callback to retail register allocation and instruction schedule,,,false
init_B1B0,func_1000C7E8,0x0B0,0x46062081,0x3C01C57A,-,-,Normalize the recovered spatial-volume callback to retail register allocation and instruction schedule,,,false
init_B1B0,func_1000C7E8,0x0B4,0xC7B20028,0x44812000,-,-,Normalize the recovered spatial-volume callback to retail register allocation and instruction schedule,,,false
init_B1B0,func_1000C7E8,0x0B8,0x3C010000,0xC7B00028,R_MIPS_HI16:D_8002C238,-,Normalize the recovered spatial-volume callback to retail register allocation and instruction schedule,,,false
init_B1B0,func_1000C7E8,0x0BC,0xC42E0000,0x3C014120,R_MIPS_LO16:D_8002C238,-,Normalize the recovered spatial-volume callback to retail register allocation and instruction schedule,,,false
init_B1B0,func_1000C7E8,0x0C0,0x46021202,0x46047381,-,-,Normalize the recovered spatial-volume callback to retail register allocation and instruction schedule,,,false
init_B1B0,func_1000C7E8,0x0C4,0x3C014120,0x44815000,-,-,Normalize the recovered spatial-volume callback to retail register allocation and instruction schedule,,,false
init_B1B0,func_1000C7E8,0x0C8,0x44812000,0x3C0142C8,-,-,Normalize the recovered spatial-volume callback to retail register allocation and instruction schedule,,,false
init_B1B0,func_1000C7E8,0x0CC,0x46129282,0x460E7182,-,-,Normalize the recovered spatial-volume callback to retail register allocation and instruction schedule,,,false
init_B1B0,func_1000C7E8,0x0D0,0x3C0142C8,0x00000000,-,-,Normalize the recovered spatial-volume callback to retail register allocation and instruction schedule,,,false
init_B1B0,func_1000C7E8,0x0D4,0x460A4000,0x46108202,-,-,Normalize the recovered spatial-volume callback to retail register allocation and instruction schedule,,,false
init_B1B0,func_1000C7E8,0x0D8,0x44814000,0x46083000,-,-,Normalize the recovered spatial-volume callback to retail register allocation and instruction schedule,,,false
init_B1B0,func_1000C7E8,0x0DC,0x3C0142C8,0x44813000,-,-,Normalize the recovered spatial-volume callback to retail register allocation and instruction schedule,,,false
init_B1B0,func_1000C7E8,0x0E0,0x46000004,0x3C0142C8,-,-,Normalize the recovered spatial-volume callback to retail register allocation and instruction schedule,,,false
init_B1B0,func_1000C7E8,0x0E4,0x46040182,0x46000004,-,-,Normalize the recovered spatial-volume callback to retail register allocation and instruction schedule,,,false
init_B1B0,func_1000C7E8,0x0E8,0x46067301,0x460A0102,-,-,Normalize the recovered spatial-volume callback to retail register allocation and instruction schedule,,,false
init_B1B0,func_1000C7E8,0x0EC,0x4608603C,0x46049301,-,-,Normalize the recovered spatial-volume callback to retail register allocation and instruction schedule,,,false
init_B1B0,func_1000C7E8,0x0F0,0x46006406,0x4606603C,-,-,Normalize the recovered spatial-volume callback to retail register allocation and instruction schedule,,,false
init_B1B0,func_1000C7E8,0x0F4,0x45020005,0x46006086,-,-,Normalize the recovered spatial-volume callback to retail register allocation and instruction schedule,,,false
init_B1B0,func_1000C7E8,0x0F8,0x460C703C,0x45000004,-,-,Normalize the recovered spatial-volume callback to retail register allocation and instruction schedule,,,false
init_B1B0,func_1000C7E8,0x0FC,0x44818000,0x00000000,-,-,Normalize the recovered spatial-volume callback to retail register allocation and instruction schedule,,,false
init_B1B0,func_1000C7E8,0x100,0x10000007,0x44811000,-,-,Normalize the recovered spatial-volume callback to retail register allocation and instruction schedule,,,false
init_B1B0,func_1000C7E8,0x104,0x4600828D,0x10000007,-,-,Normalize the recovered spatial-volume callback to retail register allocation and instruction schedule,,,false
init_B1B0,func_1000C7E8,0x108,0x460C703C,0x4600120D,-,-,Normalize the recovered spatial-volume callback to retail register allocation and instruction schedule,,,false
init_B1B0,func_1000C7E8,0x10C,0x00000000,0x460C903C,-,-,Normalize the recovered spatial-volume callback to retail register allocation and instruction schedule,,,false
init_B1B0,func_1000C7E8,0x110,0x45020003,0x00000000,-,-,Normalize the recovered spatial-volume callback to retail register allocation and instruction schedule,,,false
init_B1B0,func_1000C7E8,0x114,0x4600828D,0x45020003,-,-,Normalize the recovered spatial-volume callback to retail register allocation and instruction schedule,,,false
init_B1B0,func_1000C7E8,0x118,0x46007406,0x4600120D,-,-,Normalize the recovered spatial-volume callback to retail register allocation and instruction schedule,,,false
init_B1B0,func_1000C7E8,0x11C,0x4600828D,0x46009086,-,-,Normalize the recovered spatial-volume callback to retail register allocation and instruction schedule,,,false
init_B1B0,func_1000C7E8,0x120,0x2404003E,0x4600120D,-,-,Normalize the recovered spatial-volume callback to retail register allocation and instruction schedule,,,false
init_B1B0,func_1000C7E8,0x124,0xAFA60018,0x2404003E,-,-,Normalize the recovered spatial-volume callback to retail register allocation and instruction schedule,,,false
init_B1B0,func_1000C7E8,0x128,0x44055000,0xAFA60018,-,-,Normalize the recovered spatial-volume callback to retail register allocation and instruction schedule,,,false
init_B1B0,func_1000C7E8,0x12C,0x0C000000,0x44054000,R_MIPS_26:func_1000E40C,-,Normalize the recovered spatial-volume callback to retail register allocation and instruction schedule,,,false
init_B1B0,func_1000C7E8,0x130,0x00000000,0x0C000000,-,R_MIPS_26:func_1000E40C,Normalize the recovered spatial-volume callback to retail register allocation and instruction schedule,,,false
init_B1B0,func_1000C7E8,0x134,0x8FA20018,0x00000000,-,-,Normalize the recovered spatial-volume callback to retail register allocation and instruction schedule,,,false
init_B1B0,func_1000C7E8,0x138,0x8FBF0014,0x8FA20018,-,-,Normalize the recovered spatial-volume callback to retail register allocation and instruction schedule,,,false
init_B1B0,func_1000C7E8,0x13C,0x27BD0018,0x8FBF0014,-,-,Normalize the recovered spatial-volume callback to retail register allocation and instruction schedule,,,false
init_B1B0,func_1000C7E8,0x140,0x03E00008,0x27BD0018,-,-,Normalize the recovered spatial-volume callback to retail register allocation and instruction schedule,,,false
init_B1B0,func_1000C7E8,0x144,0x00000000,0x03E00008,-,-,Normalize the recovered spatial-volume callback to retail register allocation and instruction schedule,,,false
init_49E0,func_10004DB0,0x018,0x14400033,0x14400034,-,-,Normalize the recovered framebuffer task dispatcher to retail branch and register schedule,,,false
init_49E0,func_10004DB0,0x030,0x54400043,0x54400044,-,-,Normalize the recovered framebuffer task dispatcher to retail branch and register schedule,,,false
init_49E0,func_10004DB0,0x04C,0x504F0023,0x504F0024,-,-,Normalize the recovered framebuffer task dispatcher to retail branch and register schedule,,,false
init_49E0,func_10004DB0,0x060,0x8F180000,0x8F180000,R_MIPS_LO16:D_8002AC50,R_MIPS_LO16:D_8002AC50,Materialize the retained activity-flag address before the second framebuffer comparison,0x3C040000,R_MIPS_HI16:D_8003B23A,false
init_49E0,func_10004DB0,0x068,0x1059001B,0x5059001C,-,-,Normalize the recovered framebuffer task dispatcher to retail branch and register schedule,,,false
init_49E0,func_10004DB0,0x06C,0x3C020000,0x240B0002,R_MIPS_HI16:D_8003B23A,-,Normalize the recovered framebuffer task dispatcher to retail branch and register schedule,,,false
init_49E0,func_10004DB0,0x070,0x90430000,0x90840000,R_MIPS_LO16:D_8003B23A,R_MIPS_LO16:D_8003B23A,Normalize the recovered framebuffer task dispatcher to retail branch and register schedule,,,false
init_49E0,func_10004DB0,0x07C,0x10600005,0x10800005,-,-,Normalize the recovered framebuffer task dispatcher to retail branch and register schedule,,,false
init_49E0,func_10004DB0,0x0BC,0x14600002,0x14800002,-,-,Normalize the recovered framebuffer task dispatcher to retail branch and register schedule,,,false
init_EB00,func_1000F568,0x040,0x1000003E,0x1000003F,-,-,Normalize the recovered nonrepeating random selector for the inserted reset instruction,,,false
init_EB00,func_1000F568,0x054,0x10000039,0x1000003A,-,-,Normalize the recovered nonrepeating random selector for the inserted reset instruction,,,false
init_EB00,func_1000F568,0x068,0x10400033,0x10400034,-,-,Normalize the recovered nonrepeating random selector for the inserted reset instruction,,,false
init_EB00,func_1000F568,0x070,0x1020002F,0x10200030,-,-,Normalize the recovered nonrepeating random selector for the inserted reset instruction,,,false
init_EB00,func_1000F568,0x090,0x00C4C024,0x0086C024,-,-,Normalize the recovered nonrepeating random selector to retail operand order,,,false
init_EB00,func_1000F568,0x094,0x57000006,0x57000007,-,-,Normalize the recovered nonrepeating random selector for the inserted reset instruction,,,false
init_EB00,func_1000F568,0x0A4,0x24C6FFFF,0x24C6FFFF,-,-,Restore retail's retained raw-mask reset assignment,0x240400FF,-,false
init_EB00,func_1000F568,0x0B4,0x01826824,0x004C6824,-,-,Normalize the recovered nonrepeating random selector to retail operand order,,,false
init_EB00,func_1000F568,0x0D4,0x0302C824,0x0058C824,-,-,Normalize the recovered nonrepeating random selector to retail operand order,,,false
init_EB00,func_1000F568,0x108,0x01822026,0x004C2026,-,-,Normalize the recovered nonrepeating random selector to retail operand order,,,false
init_EB00,func_1000F568,0x120,0x00C27826,0x00467826,-,-,Normalize the recovered nonrepeating random selector to retail operand order,,,false
init_A420,func_1000B060,0x044,0xA7A5001E,0xA7A5001C,-,-,Normalize the recovered directional encoder to retail local and register allocation,,,false
init_A420,func_1000B060,0x060,0x46328082,0x46328102,-,-,Normalize the recovered directional encoder to retail local and register allocation,,,false
init_A420,func_1000B060,0x064,0x44803000,0x44804000,-,-,Normalize the recovered directional encoder to retail local and register allocation,,,false
init_A420,func_1000B060,0x068,0x87A5001E,0x87A5001C,-,-,Normalize the recovered directional encoder to retail local and register allocation,,,false
init_A420,func_1000B060,0x070,0x460E303C,0x460E403C,-,-,Normalize the recovered directional encoder to retail local and register allocation,,,false
init_A420,func_1000B060,0x078,0x4620110D,0x4620218D,-,-,Normalize the recovered directional encoder to retail local and register allocation,,,false
init_A420,func_1000B060,0x07C,0x44042000,0x44043000,-,-,Normalize the recovered directional encoder to retail local and register allocation,,,false
init_A420,func_1000B060,0x0C8,0x006D1821,0x006D7821,-,-,Normalize the recovered directional encoder to retail local and register allocation,,,false
init_A420,func_1000B060,0x0CC,0x00037600,0x000FC600,-,-,Normalize the recovered directional encoder to retail local and register allocation,,,false
init_A420,func_1000B060,0x0D0,0x000E7E03,0x0018CE03,-,-,Normalize the recovered directional encoder to retail local and register allocation,,,false
init_A420,func_1000B060,0x0D4,0x29E10060,0x2B210060,-,-,Normalize the recovered directional encoder to retail local and register allocation,,,false
init_A420,func_1000B060,0x0DC,0x01E01825,0x03201825,-,-,Normalize the recovered directional encoder to retail local and register allocation,,,false
init_A420,func_1000B060,0x0E0,0x29E1FFA0,0x2B21FFA0,-,-,Normalize the recovered directional encoder to retail local and register allocation,,,false
init_A420,func_1000B060,0x0FC,0x2418005F,0x2408005F,-,-,Normalize the recovered directional encoder to retail local and register allocation,,,false
init_A420,func_1000B060,0x100,0x03031823,0x01031823,-,-,Normalize the recovered directional encoder to retail local and register allocation,,,false
init_A420,func_1000B060,0x104,0x0003CC00,0x00034C00,-,-,Normalize the recovered directional encoder to retail local and register allocation,,,false
init_A420,func_1000B060,0x10C,0x00191C03,0x00091C03,-,-,Normalize the recovered directional encoder to retail local and register allocation,,,false
init_A420,func_1000B060,0x118,0x2409FFA1,0x240BFFA1,-,-,Normalize the recovered directional encoder to retail local and register allocation,,,false
init_A420,func_1000B060,0x11C,0x01231823,0x01631823,-,-,Normalize the recovered directional encoder to retail local and register allocation,,,false
init_A420,func_1000B060,0x120,0x00035400,0x00036400,-,-,Normalize the recovered directional encoder to retail local and register allocation,,,false
init_A420,func_1000B060,0x128,0x000A1C03,0x000C1C03,-,-,Normalize the recovered directional encoder to retail local and register allocation,,,false
init_A420,func_1000B060,0x130,0x00036400,0x00037400,-,-,Normalize the recovered directional encoder to retail local and register allocation,,,false
init_A420,func_1000B060,0x134,0x000C1C03,0x00002825,-,-,Normalize the recovered directional encoder to retail local and register allocation,,,false
init_A420,func_1000B060,0x138,0x00002825,0x000E1C03,-,-,Normalize the recovered directional encoder to retail local and register allocation,,,false
init_A420,func_1000B060,0x13C,0x246E0040,0x24780040,-,-,Normalize the recovered directional encoder to retail local and register allocation,,,false
init_A420,func_1000B060,0x140,0x01C51025,0x03051025,-,-,Normalize the recovered directional encoder to retail local and register allocation,,,false
init_EB00,func_100114D0,0x010,0x3C0B0000,0x00808025,R_MIPS_HI16:D_80041F68,-,Normalize the recovered nearest-listener spatial query to retail register allocation and instruction schedule,,,false
init_EB00,func_100114D0,0x014,0x256B0000,0x00A08825,R_MIPS_LO16:D_80041F68,-,Normalize the recovered nearest-listener spatial query to retail register allocation and instruction schedule,,,false
init_EB00,func_100114D0,0x018,0x00808025,0x00C09025,-,-,Normalize the recovered nearest-listener spatial query to retail register allocation and instruction schedule,,,false
init_EB00,func_100114D0,0x01C,0x00A08825,0xAFBF0044,-,-,Normalize the recovered nearest-listener spatial query to retail register allocation and instruction schedule,,,false
init_EB00,func_100114D0,0x020,0x00C09025,0xAFA70084,-,-,Normalize the recovered nearest-listener spatial query to retail register allocation and instruction schedule,,,false
init_EB00,func_100114D0,0x024,0xAFBF0044,0x3C020000,-,R_MIPS_HI16:D_80082FA0,Normalize the recovered nearest-listener spatial query to retail register allocation and instruction schedule,,,false
init_EB00,func_100114D0,0x028,0xAFA70084,0x8C420000,-,R_MIPS_LO16:D_80082FA0,Normalize the recovered nearest-listener spatial query to retail register allocation and instruction schedule,,,false
init_EB00,func_100114D0,0x02C,0x3C030000,0x3C0E0000,R_MIPS_HI16:D_80082FA0,R_MIPS_HI16:D_80041F68,Normalize the recovered nearest-listener spatial query to retail register allocation and instruction schedule,,,false
init_EB00,func_100114D0,0x030,0x8C630000,0x25CE0000,R_MIPS_LO16:D_80082FA0,R_MIPS_LO16:D_80041F68,Normalize the recovered nearest-listener spatial query to retail register allocation and instruction schedule,,,false
init_EB00,func_100114D0,0x034,0x01604825,0x1040001F,-,-,Normalize the recovered nearest-listener spatial query to retail register allocation and instruction schedule,,,false
init_EB00,func_100114D0,0x038,0x01601025,0x01C04825,-,-,Normalize the recovered nearest-listener spatial query to retail register allocation and instruction schedule,,,false
init_EB00,func_100114D0,0x03C,0x1060001D,0x00405025,-,-,Normalize the recovered nearest-listener spatial query to retail register allocation and instruction schedule,,,false
init_EB00,func_100114D0,0x040,0x00605025,0x2408FFFF,-,-,Normalize the recovered nearest-listener spatial query to retail register allocation and instruction schedule,,,false
init_EB00,func_100114D0,0x044,0x2408FFFF,0x01C01025,-,-,Normalize the recovered nearest-listener spatial query to retail register allocation and instruction schedule,,,false
init_EB00,func_100114D0,0x04C,0x8C4E000C,0x8C4F000C,-,-,Normalize the recovered nearest-listener spatial query to retail register allocation and instruction schedule,,,false
init_EB00,func_100114D0,0x050,0x8C4F0010,0x8C580010,-,-,Normalize the recovered nearest-listener spatial query to retail register allocation and instruction schedule,,,false
init_EB00,func_100114D0,0x054,0x8C580014,0x8C590014,-,-,Normalize the recovered nearest-listener spatial query to retail register allocation and instruction schedule,,,false
init_EB00,func_100114D0,0x058,0x020E1823,0x020F1823,-,-,Normalize the recovered nearest-listener spatial query to retail register allocation and instruction schedule,,,false
init_EB00,func_100114D0,0x060,0x022F2023,0x02382023,-,-,Normalize the recovered nearest-listener spatial query to retail register allocation and instruction schedule,,,false
init_EB00,func_100114D0,0x064,0x02582823,0x02592823,-,-,Normalize the recovered nearest-listener spatial query to retail register allocation and instruction schedule,,,false
init_EB00,func_100114D0,0x06C,0x0000C812,0x00005812,-,-,Normalize the recovered nearest-listener spatial query to retail register allocation and instruction schedule,,,false
init_EB00,func_100114D0,0x080,0x032C6821,0x016C6821,-,-,Normalize the recovered nearest-listener spatial query to retail register allocation and instruction schedule,,,false
init_EB00,func_100114D0,0x0B4,0x8D2C0000,0x8D2B0000,-,-,Normalize the recovered nearest-listener spatial query to retail register allocation and instruction schedule,,,false
init_EB00,func_100114D0,0x0C8,0x020C6823,0x020B6023,-,-,Normalize the recovered nearest-listener spatial query to retail register allocation and instruction schedule,,,false
init_EB00,func_100114D0,0x0CC,0xAFAD0010,0xAFAC0010,-,-,Normalize the recovered nearest-listener spatial query to retail register allocation and instruction schedule,,,false
init_EB00,func_100114D0,0x0D0,0x8D2E0004,0x8D2D0004,-,-,Normalize the recovered nearest-listener spatial query to retail register allocation and instruction schedule,,,false
init_EB00,func_100114D0,0x0D8,0x02382823,0x02593023,-,-,Normalize the recovered nearest-listener spatial query to retail register allocation and instruction schedule,,,false
init_EB00,func_100114D0,0x0DC,0x022E7823,0x022D7023,-,-,Normalize the recovered nearest-listener spatial query to retail register allocation and instruction schedule,,,false
init_EB00,func_100114D0,0x0E0,0xAFAF0014,0xAFAE0014,-,-,Normalize the recovered nearest-listener spatial query to retail register allocation and instruction schedule,,,false
init_EB00,func_100114D0,0x0E4,0x8D380008,0x8D2F0008,-,-,Normalize the recovered nearest-listener spatial query to retail register allocation and instruction schedule,,,false
init_EB00,func_100114D0,0x0E8,0x02593023,0x8FAE0098,-,-,Normalize the recovered nearest-listener spatial query to retail register allocation and instruction schedule,,,false
init_EB00,func_100114D0,0x0EC,0x8FAE0090,0x8FB90088,-,-,Normalize the recovered nearest-listener spatial query to retail register allocation and instruction schedule,,,false
init_EB00,func_100114D0,0x0F0,0x0258C823,0x8FAC0090,-,-,Normalize the recovered nearest-listener spatial query to retail register allocation and instruction schedule,,,false
init_EB00,func_100114D0,0x0F4,0x8FB80098,0x8FAB008C,-,-,Normalize the recovered nearest-listener spatial query to retail register allocation and instruction schedule,,,false
init_EB00,func_100114D0,0x0F8,0x8FAD008C,0x02382823,-,-,Normalize the recovered nearest-listener spatial query to retail register allocation and instruction schedule,,,false
init_EB00,func_100114D0,0x0FC,0x8FAC0088,0x27AD005C,-,-,Normalize the recovered nearest-listener spatial query to retail register allocation and instruction schedule,,,false
init_EB00,func_100114D0,0x100,0x27AF004C,0x024FC023,-,-,Normalize the recovered nearest-listener spatial query to retail register allocation and instruction schedule,,,false
init_EB00,func_100114D0,0x104,0xAFAF0028,0xAFB80018,-,-,Normalize the recovered nearest-listener spatial query to retail register allocation and instruction schedule,,,false
init_EB00,func_100114D0,0x108,0xAFB90018,0xAFAD0028,-,-,Normalize the recovered nearest-listener spatial query to retail register allocation and instruction schedule,,,false
init_EB00,func_100114D0,0x10C,0xAFAE0024,0xAFAE002C,-,-,Normalize the recovered nearest-listener spatial query to retail register allocation and instruction schedule,,,false
init_EB00,func_100114D0,0x110,0xAFB8002C,0xAFB9001C,-,-,Normalize the recovered nearest-listener spatial query to retail register allocation and instruction schedule,,,false
init_EB00,func_100114D0,0x114,0xAFAD0020,0xAFAC0024,-,-,Normalize the recovered nearest-listener spatial query to retail register allocation and instruction schedule,,,false
init_EB00,func_100114D0,0x11C,0xAFAC001C,0xAFAB0020,-,-,Normalize the recovered nearest-listener spatial query to retail register allocation and instruction schedule,,,false
init_EB00,func_100114D0,0x120,0x8FB9004C,0x8FAF005C,-,-,Normalize the recovered nearest-listener spatial query to retail register allocation and instruction schedule,,,false
init_EB00,func_100114D0,0x124,0x8FAC0084,0x8FB80084,-,-,Normalize the recovered nearest-listener spatial query to retail register allocation and instruction schedule,,,false
init_EB00,func_100114D0,0x128,0x8FAF0094,0x8FAC0094,-,-,Normalize the recovered nearest-listener spatial query to retail register allocation and instruction schedule,,,false
init_EB00,func_100114D0,0x12C,0x032C0019,0x01F80019,-,-,Normalize the recovered nearest-listener spatial query to retail register allocation and instruction schedule,,,false
init_EB00,func_100114D0,0x130,0x00006812,0x0000C812,-,-,Normalize the recovered nearest-listener spatial query to retail register allocation and instruction schedule,,,false
init_EB00,func_100114D0,0x134,0x000D73C2,0x00195BC2,-,-,Normalize the recovered nearest-listener spatial query to retail register allocation and instruction schedule,,,false
init_EB00,func_100114D0,0x138,0xADEE0000,0xAD8B0000,-,-,Normalize the recovered nearest-listener spatial query to retail register allocation and instruction schedule,,,false
init_1AAE0,func_1001ADA4,0x01C,0x13000052,0x13000053,-,-,Normalize the recovered pending-note-end query to retail branch and relink schedule,,,false
init_1AAE0,func_1001ADA4,0x058,0x15E1003E,0x15E1003F,-,-,Normalize the recovered pending-note-end query to retail branch and relink schedule,,,false
init_1AAE0,func_1001ADA4,0x068,0x1725003A,0x1725003B,-,-,Normalize the recovered pending-note-end query to retail branch and relink schedule,,,false
init_1AAE0,func_1001ADA4,0x078,0x10200033,0x10200034,-,-,Normalize the recovered pending-note-end query to retail branch and relink schedule,,,false
init_1AAE0,func_1001ADA4,0x140,0x10000002,0xAD280000,-,-,Normalize the recovered pending-note-end query to retail branch and relink schedule,,,false
init_1AAE0,func_1001ADA4,0x144,0xAD280000,0x10000002,-,-,Normalize the recovered pending-note-end query to retail branch and relink schedule,,,false
init_1AAE0,func_1001ADA4,0x148,0xA3A0000F,0x00000000,-,-,Normalize the recovered pending-note-end query to retail branch and relink schedule,,,false
init_1AAE0,func_1001ADA4,0x14C,0x10000006,0xA3A0000F,-,-,Normalize the recovered pending-note-end query to retail branch and relink schedule,,,false
init_1AAE0,func_1001ADA4,0x150,0x00000000,0x10000006,-,-,Normalize the recovered pending-note-end query to retail branch and relink schedule,,,false
init_1AAE0,func_1001ADA4,0x154,0x8FAC0018,0x00000000,-,-,Normalize the recovered pending-note-end query to retail branch and relink schedule,,,false
init_1AAE0,func_1001ADA4,0x158,0xAFAC001C,0x8FAC0018,-,-,Normalize the recovered pending-note-end query to retail branch and relink schedule,,,false
init_1AAE0,func_1001ADA4,0x15C,0x8FAA001C,0xAFAC001C,-,-,Normalize the recovered pending-note-end query to retail branch and relink schedule,,,false
init_1AAE0,func_1001ADA4,0x160,0x1540FFB0,0x8FAA001C,-,-,Normalize the recovered pending-note-end query to retail branch and relink schedule,,,false
init_1AAE0,func_1001ADA4,0x164,0x00000000,0x1540FFAF,-,-,Normalize the recovered pending-note-end query to retail branch and relink schedule,,,false
init_1AAE0,func_1001ADA4,0x168,0x10000003,0x00000000,-,-,Normalize the recovered pending-note-end query to retail branch and relink schedule,,,false
init_1AAE0,func_1001ADA4,0x16C,0x93A2000F,0x10000003,-,-,Normalize the recovered pending-note-end query to retail branch and relink schedule,,,false
init_1AAE0,func_1001ADA4,0x170,0x10000001,0x93A2000F,-,-,Normalize the recovered pending-note-end query to retail branch and relink schedule,,,false
init_1AAE0,func_1001ADA4,0x174,0x00000000,0x10000001,-,-,Normalize the recovered pending-note-end query to retail branch and relink schedule,,,false
init_1AAE0,func_1001ADA4,0x178,0x03E00008,0x00000000,-,-,Normalize the recovered pending-note-end query to retail branch and relink schedule,,,false
init_1AAE0,func_1001ADA4,0x17C,0x27BD0020,0x03E00008,-,-,Normalize the recovered pending-note-end query to retail branch and relink schedule,0x27BD0020,-,false
init_B1B0,func_1000E934,0x044,0x24120010,0x24A50000,-,R_MIPS_LO16:D_80041880,Normalize recovered initializer to retail scheduler order,,,false
init_B1B0,func_1000E934,0x048,0x26940000,0x27DE0000,R_MIPS_LO16:D_800418B0,R_MIPS_LO16:D_80041890,Normalize recovered initializer to retail scheduler order,,,false
init_B1B0,func_1000E934,0x04C,0x26B50000,0x26F70000,R_MIPS_LO16:D_800417C0,R_MIPS_LO16:D_800418A0,Normalize recovered initializer to retail scheduler order,,,false
init_B1B0,func_1000E934,0x054,0x26F70000,0x26B50000,R_MIPS_LO16:D_800418A0,R_MIPS_LO16:D_800417C0,Normalize recovered initializer to retail scheduler order,,,false
init_B1B0,func_1000E934,0x058,0x27DE0000,0x26940000,R_MIPS_LO16:D_80041890,R_MIPS_LO16:D_800418B0,Normalize recovered initializer to retail scheduler order,,,false
init_B1B0,func_1000E934,0x05C,0x24A50000,0x00009825,R_MIPS_LO16:D_80041880,-,Normalize recovered initializer to retail scheduler order,,,false
init_B1B0,func_1000E934,0x060,0x00009825,0x24120010,-,-,Normalize recovered initializer to retail scheduler order,,,false
init_B1B0,func_1000E934,0x078,0xAC500004,0x24840004,-,-,Normalize recovered initializer to retail scheduler order,,,false
init_B1B0,func_1000E934,0x07C,0xAC710004,0xAC500004,-,-,Normalize recovered initializer to retail scheduler order,,,false
init_B1B0,func_1000E934,0x080,0xAC500008,0xAC710004,-,-,Normalize recovered initializer to retail scheduler order,,,false
init_B1B0,func_1000E934,0x084,0xAC710008,0xAC500008,-,-,Normalize recovered initializer to retail scheduler order,,,false
init_B1B0,func_1000E934,0x088,0xAC50000C,0xAC710008,-,-,Normalize recovered initializer to retail scheduler order,,,false
init_B1B0,func_1000E934,0x08C,0xAC71000C,0xAC50000C,-,-,Normalize recovered initializer to retail scheduler order,,,false
init_B1B0,func_1000E934,0x090,0x24840004,0xAC71000C,-,-,Normalize recovered initializer to retail scheduler order,,,false
init_B1B0,func_1000E934,0x094,0xAC500000,0x24420010,-,-,Normalize recovered initializer to retail scheduler order,,,false
init_B1B0,func_1000E934,0x098,0x24420010,0x24630010,-,-,Normalize recovered initializer to retail scheduler order,,,false
init_B1B0,func_1000E934,0x09C,0x24630010,0xAC50FFF0,-,-,Normalize recovered initializer to retail scheduler order,,,false
init_B1B0,func_1000E934,0x0B0,0xAFA50040,0xAFA50044,-,-,Normalize recovered initializer to retail scheduler order,,,false
init_B1B0,func_1000E934,0x0B4,0x8FA50040,0x8FA50044,-,-,Normalize recovered initializer to retail scheduler order,,,false
init_B1B0,func_1000E934,0x0B8,0xAEC00000,0x26730001,-,-,Normalize recovered initializer to retail scheduler order,,,false
init_B1B0,func_1000E934,0x0BC,0x26730001,0x2E610003,-,-,Normalize recovered initializer to retail scheduler order,,,false
init_B1B0,func_1000E934,0x0C0,0xAEE00000,0x26940040,-,-,Normalize recovered initializer to retail scheduler order,,,false
init_B1B0,func_1000E934,0x0C4,0xAFC00000,0x26B50040,-,-,Normalize recovered initializer to retail scheduler order,,,false
init_B1B0,func_1000E934,0x0C8,0x2E610003,0x26D60004,-,-,Normalize recovered initializer to retail scheduler order,,,false
init_B1B0,func_1000E934,0x0CC,0x26940040,0x26F70004,-,-,Normalize recovered initializer to retail scheduler order,,,false
init_B1B0,func_1000E934,0x0D0,0x26B50040,0x27DE0004,-,-,Normalize recovered initializer to retail scheduler order,,,false
init_B1B0,func_1000E934,0x0D4,0x26D60004,0xAEC0FFFC,-,-,Normalize recovered initializer to retail scheduler order,,,false
init_B1B0,func_1000E934,0x0D8,0x26F70004,0xAEE0FFFC,-,-,Normalize recovered initializer to retail scheduler order,,,false
init_B1B0,func_1000E934,0x0DC,0x27DE0004,0xAFC0FFFC,-,-,Normalize recovered initializer to retail scheduler order,,,false
init_EB00,func_10011310,0x000,0x27BDFFC0,0x27BDFFC0,-,-,Normalize retail record compaction and anchor one compiler-elided scheduling word,0xAFBF003C,-,false
init_EB00,func_10011310,0x008,0x3C1E0000,0xAFB70034,R_MIPS_HI16:D_80041F50,-,Normalize compiler allocation and scheduling to the retail record-compaction sequence,,,false
init_EB00,func_10011310,0x00C,0x27DE0000,0xAFB60030,R_MIPS_LO16:D_80041F50,-,Normalize compiler allocation and scheduling to the retail record-compaction sequence,,,false
init_EB00,func_10011310,0x010,0xAFBF003C,0xAFB5002C,-,-,Normalize compiler allocation and scheduling to the retail record-compaction sequence,,,false
init_EB00,func_10011310,0x014,0xAFB70034,0xAFB40028,-,-,Normalize compiler allocation and scheduling to the retail record-compaction sequence,,,false
init_EB00,func_10011310,0x018,0xAFB60030,0xAFB30024,-,-,Normalize compiler allocation and scheduling to the retail record-compaction sequence,,,false
init_EB00,func_10011310,0x01C,0xAFB5002C,0xAFB20020,-,-,Normalize compiler allocation and scheduling to the retail record-compaction sequence,,,false
init_EB00,func_10011310,0x020,0xAFB40028,0xAFB1001C,-,-,Normalize compiler allocation and scheduling to the retail record-compaction sequence,,,false
init_EB00,func_10011310,0x024,0xAFB30024,0xAFB00018,-,-,Normalize compiler allocation and scheduling to the retail record-compaction sequence,,,false
init_EB00,func_10011310,0x028,0xAFB20020,0x3C058004,-,-,Normalize compiler allocation and scheduling to the retail record-compaction sequence,,,false
init_EB00,func_10011310,0x02C,0xAFB1001C,0x8CA51F50,-,-,Normalize compiler allocation and scheduling to the retail record-compaction sequence,,,false
init_EB00,func_10011310,0x030,0xAFB00018,0x0000A025,-,-,Normalize compiler allocation and scheduling to the retail record-compaction sequence,,,false
init_EB00,func_10011310,0x034,0x8FC30000,0x00009025,-,-,Normalize retail record compaction and anchor one compiler-elided scheduling word,0x18A0003D,-,false
init_EB00,func_10011310,0x038,0x00009825,0x00A0A825,-,-,Normalize compiler allocation and scheduling to the retail record-compaction sequence,,,false
init_EB00,func_10011310,0x03C,0x3C140000,0x3C118004,R_MIPS_HI16:D_80041F10,-,Normalize compiler allocation and scheduling to the retail record-compaction sequence,,,false
init_EB00,func_10011310,0x040,0x18600033,0x3C178004,-,-,Normalize compiler allocation and scheduling to the retail record-compaction sequence,,,false
init_EB00,func_10011310,0x044,0x0060A825,0x3C168004,-,-,Normalize compiler allocation and scheduling to the retail record-compaction sequence,,,false
init_EB00,func_10011310,0x048,0x26940000,0x26D61F10,R_MIPS_LO16:D_80041F10,-,Normalize compiler allocation and scheduling to the retail record-compaction sequence,,,false
init_EB00,func_10011310,0x04C,0x3C120000,0x26F725E0,R_MIPS_HI16:D_80041F10,-,Normalize compiler allocation and scheduling to the retail record-compaction sequence,,,false
init_EB00,func_10011310,0x050,0x3C160000,0x26311F10,R_MIPS_HI16:D_800425E0,-,Normalize compiler allocation and scheduling to the retail record-compaction sequence,,,false
init_EB00,func_10011310,0x054,0x02808825,0x241E000C,-,-,Normalize compiler allocation and scheduling to the retail record-compaction sequence,,,false
init_EB00,func_10011310,0x058,0x26D60000,0x92220002,R_MIPS_LO16:D_800425E0,-,Normalize compiler allocation and scheduling to the retail record-compaction sequence,,,false
init_EB00,func_10011310,0x05C,0x26520000,0x3C0F8004,R_MIPS_LO16:D_80041F10,-,Normalize compiler allocation and scheduling to the retail record-compaction sequence,,,false
init_EB00,func_10011310,0x060,0x2417000C,0x25EF1F10,-,-,Normalize compiler allocation and scheduling to the retail record-compaction sequence,,,false
init_EB00,func_10011310,0x064,0x92220002,0x00127080,-,-,Normalize compiler allocation and scheduling to the retail record-compaction sequence,,,false
init_EB00,func_10011310,0x068,0x18400006,0x18400008,-,-,Normalize compiler allocation and scheduling to the retail record-compaction sequence,,,false
init_EB00,func_10011310,0x06C,0x244EFFFF,0x01CF9821,-,-,Normalize compiler allocation and scheduling to the retail record-compaction sequence,,,false
init_EB00,func_10011310,0x070,0xA22E0002,0x3C088004,-,-,Normalize compiler allocation and scheduling to the retail record-compaction sequence,,,false
init_EB00,func_10011310,0x074,0x8FC30000,0x25081F10,-,-,Normalize retail record compaction and anchor one compiler-elided scheduling word,0x2458FFFF,-,false
init_EB00,func_10011310,0x078,0x00037880,0x0005C880,-,-,Normalize retail record compaction and anchor one compiler-elided scheduling word,0x03281821,-,false
init_EB00,func_10011310,0x07C,0x10000016,0x10000019,-,-,Normalize compiler allocation and scheduling to the retail record-compaction sequence,,,false
init_EB00,func_10011310,0x080,0x028F2021,0xA2380002,-,-,Normalize compiler allocation and scheduling to the retail record-compaction sequence,,,false
init_EB00,func_10011310,0x084,0x92380003,0x92220003,-,-,Normalize compiler allocation and scheduling to the retail record-compaction sequence,,,false
init_EB00,func_10011310,0x088,0x96280000,0x962B0000,-,-,Normalize compiler allocation and scheduling to the retail record-compaction sequence,,,false
init_EB00,func_10011310,0x08C,0x24130001,0x24140001,-,-,Normalize compiler allocation and scheduling to the retail record-compaction sequence,,,false
init_EB00,func_10011310,0x090,0x03170019,0x005E0019,-,-,Normalize compiler allocation and scheduling to the retail record-compaction sequence,,,false
init_EB00,func_10011310,0x094,0x0000C812,0x00004812,-,-,Normalize compiler allocation and scheduling to the retail record-compaction sequence,,,false
init_EB00,func_10011310,0x098,0x02D98021,0x02E98021,-,-,Normalize compiler allocation and scheduling to the retail record-compaction sequence,,,false
init_EB00,func_10011310,0x09C,0x96090000,0x960A0000,-,-,Normalize compiler allocation and scheduling to the retail record-compaction sequence,,,false
init_EB00,func_10011310,0x0A0,0x5509000B,0x154B000B,-,-,Normalize compiler allocation and scheduling to the retail record-compaction sequence,,,false
init_EB00,func_10011310,0x0A4,0x00035080,0x00000000,-,-,Normalize compiler allocation and scheduling to the retail record-compaction sequence,,,false
init_EB00,func_10011310,0x0B4,0x50800004,0x50800006,-,-,Normalize compiler allocation and scheduling to the retail record-compaction sequence,,,false
init_EB00,func_10011310,0x0BC,0x0C000000,0x0C005D65,R_MIPS_26:func_10017594,-,Normalize compiler allocation and scheduling to the retail record-compaction sequence,,,false
init_EB00,func_10011310,0x0C0,0x00000000,0x00000000,-,-,Normalize retail record compaction and anchor one compiler-elided scheduling word,0x3C058004,-,false
init_EB00,func_10011310,0x0C4,0xAE000008,0x8CA51F50,-,-,Normalize retail record compaction and anchor one compiler-elided scheduling word,0xAE000008,-,false
init_EB00,func_10011310,0x0C8,0x8FC30000,0x3C0D8004,-,-,Normalize retail record compaction and anchor one compiler-elided scheduling word,0x25AD1F10,-,false
init_EB00,func_10011310,0x0CC,0x00035080,0x00056080,-,-,Normalize compiler allocation and scheduling to the retail record-compaction sequence,,,false
init_EB00,func_10011310,0x0D4,0x028A2021,0x018D1821,-,-,Normalize compiler allocation and scheduling to the retail record-compaction sequence,,,false
init_EB00,func_10011310,0x0D8,0x12320005,0x12710007,-,-,Normalize compiler allocation and scheduling to the retail record-compaction sequence,,,false
init_EB00,func_10011310,0x0E4,0x9A210003,0x9A210003,-,-,Normalize retail record compaction and anchor one compiler-elided scheduling word,0x00127080,-,false
init_EB00,func_10011310,0x0E8,0xAA410000,0x02CE7821,-,-,Normalize retail record compaction and anchor one compiler-elided scheduling word,0xA9E10000,-,false
init_EB00,func_10011310,0x0EC,0xBA410003,0xB9E10003,-,-,Normalize compiler allocation and scheduling to the retail record-compaction sequence,,,false
init_EB00,func_10011310,0x0F0,0x12600003,0x12800003,-,-,Normalize compiler allocation and scheduling to the retail record-compaction sequence,,,false
init_EB00,func_10011310,0x0FC,0x26520004,0x26520001,-,-,Normalize compiler allocation and scheduling to the retail record-compaction sequence,,,false
init_EB00,func_10011310,0x100,0x00009825,0x0000A025,-,-,Normalize compiler allocation and scheduling to the retail record-compaction sequence,,,false
init_EB00,func_10011310,0x104,0x0224082B,0x0223082B,-,-,Normalize compiler allocation and scheduling to the retail record-compaction sequence,,,false
init_EB00,func_10011310,0x108,0x5420FFD7,0x5420FFCD,-,-,Normalize compiler allocation and scheduling to the retail record-compaction sequence,,,false
init_EB00,func_10011310,0x10C,0x92220002,0x92220002,-,-,Normalize retail record compaction and anchor one compiler-elided scheduling word,0x3C018004,-,false
init_EB00,func_10011310,0x110,0xAFD50000,0xAC351F50,-,-,Normalize compiler allocation and scheduling to the retail record-compaction sequence,,,false
init_8F90,func_100099BC,0x008,0x3C140000,0x3C148003,R_MIPS_HI16:D_8002AE48,-,Normalize compiler allocation to the retail DMA cleanup schedule,,,false
init_8F90,func_100099BC,0x00C,0x26940000,0x2694AE48,R_MIPS_LO16:D_8002AE48,-,Normalize compiler allocation to the retail DMA cleanup schedule,,,false
init_8F90,func_100099BC,0x038,0x3C110000,0x3C118004,R_MIPS_HI16:D_80041298,-,Normalize compiler allocation to the retail DMA cleanup schedule,,,false
init_8F90,func_100099BC,0x03C,0x26310000,0x26311298,R_MIPS_LO16:D_80041298,-,Normalize compiler allocation to the retail DMA cleanup schedule,,,false
init_8F90,func_100099BC,0x04C,0x0C000000,0x0C008D10,R_MIPS_26:osRecvMesg,-,Normalize compiler allocation to the retail DMA cleanup schedule,,,false
init_8F90,func_100099BC,0x060,0x0C000000,0x0C008D10,R_MIPS_26:osRecvMesg,-,Normalize compiler allocation to the retail DMA cleanup schedule,,,false
init_8F90,func_100099BC,0x07C,0x3C060000,0x3C078004,R_MIPS_HI16:D_80040F78,-,Normalize compiler allocation to the retail DMA cleanup schedule,,,false
init_8F90,func_100099BC,0x080,0x24C60000,0x24E70F78,R_MIPS_LO16:D_80040F78,-,Normalize compiler allocation to the retail DMA cleanup schedule,,,false
init_8F90,func_100099BC,0x084,0x8CC30004,0x8CE20004,-,-,Normalize compiler allocation to the retail DMA cleanup schedule,,,false
init_8F90,func_100099BC,0x088,0x3C070000,0x3C088003,R_MIPS_HI16:D_8002AE44,-,Normalize compiler allocation to the retail DMA cleanup schedule,,,false
init_8F90,func_100099BC,0x08C,0x24E70000,0x2508AE44,R_MIPS_LO16:D_8002AE44,-,Normalize compiler allocation to the retail DMA cleanup schedule,,,false
init_8F90,func_100099BC,0x090,0x10600027,0x10400029,-,-,Normalize compiler allocation to the retail DMA cleanup schedule,,,false
init_8F90,func_100099BC,0x098,0x8C79000C,0x8C59000C,-,-,Normalize compiler allocation to the retail DMA cleanup schedule,,,false
init_8F90,func_100099BC,0x09C,0x8CF80000,0x8D180000,-,-,Normalize compiler allocation to the retail DMA cleanup schedule,,,false
init_8F90,func_100099BC,0x0A0,0x8C620000,0x8C430000,-,-,Normalize compiler allocation to the retail DMA cleanup schedule,,,false
init_8F90,func_100099BC,0x0A4,0x27280001,0x27290001,-,-,Normalize compiler allocation to the retail DMA cleanup schedule,,,false
init_8F90,func_100099BC,0x0A8,0x0118082B,0x0138082B,-,-,Normalize compiler allocation to the retail DMA cleanup schedule,,,false
init_8F90,func_100099BC,0x0AC,0x1020001E,0x10200020,-,-,Normalize compiler allocation to the retail DMA cleanup schedule,,,false
init_8F90,func_100099BC,0x0B0,0x00402825,0x00603025,-,-,Normalize compiler allocation to the retail DMA cleanup schedule,,,false
init_8F90,func_100099BC,0x0B4,0x8CC90004,0x8CEA0004,-,-,Normalize compiler allocation to the retail DMA cleanup schedule,,,false
init_8F90,func_100099BC,0x0B8,0x14690003,0x144A0003,-,-,Normalize compiler allocation to the retail DMA cleanup schedule,,,false
init_8F90,func_100099BC,0x0C0,0xACC50004,0xACE60004,-,-,Normalize compiler allocation to the retail DMA cleanup schedule,,,false
init_8F90,func_100099BC,0x0C4,0x8C620000,0x8C430000,-,-,Normalize compiler allocation to the retail DMA cleanup schedule,,,false
init_8F90,func_100099BC,0x0C8,0x50400004,0x50600004,-,-,Normalize compiler allocation to the retail DMA cleanup schedule,,,false
init_8F90,func_100099BC,0x0CC,0x8C620004,0x8C430004,-,-,Normalize compiler allocation to the retail DMA cleanup schedule,,,false
init_8F90,func_100099BC,0x0D0,0x8C6A0004,0x8C4B0004,-,-,Normalize compiler allocation to the retail DMA cleanup schedule,,,false
init_8F90,func_100099BC,0x0D4,0xAC4A0004,0xAC6B0004,-,-,Normalize compiler allocation to the retail DMA cleanup schedule,,,false
init_8F90,func_100099BC,0x0D8,0x8C620004,0x8C430004,-,-,Normalize compiler allocation to the retail DMA cleanup schedule,,,false
init_8F90,func_100099BC,0x0DC,0x50400004,0x50600004,-,-,Normalize compiler allocation to the retail DMA cleanup schedule,,,false
init_8F90,func_100099BC,0x0E0,0x8CC20008,0x8CE40008,-,-,Normalize compiler allocation to the retail DMA cleanup schedule,,,false
init_8F90,func_100099BC,0x0E4,0x8C6B0000,0x8C4C0000,-,-,Normalize compiler allocation to the retail DMA cleanup schedule,,,false
init_8F90,func_100099BC,0x0E8,0xAC4B0000,0xAC6C0000,-,-,Normalize compiler allocation to the retail DMA cleanup schedule,,,false
init_8F90,func_100099BC,0x0EC,0x8CC20008,0x8CE40008,-,-,Normalize compiler allocation to the retail DMA cleanup schedule,,,false
init_8F90,func_100099BC,0x0F0,0x5040000B,0x5080000D,-,-,Normalize compiler allocation to the retail DMA cleanup schedule,,,false
init_8F90,func_100099BC,0x0F4,0xACC30008,0xACE20008,-,-,Normalize list splice and anchor retail branch scheduling,0x8C8D0000,-,false
init_8F90,func_100099BC,0x0F8,0xAC620004,0xAC440004,-,-,Normalize compiler allocation to the retail DMA cleanup schedule,,,false
init_8F90,func_100099BC,0x0FC,0x8C4C0000,0x00801825,-,-,Normalize compiler allocation to the retail DMA cleanup schedule,,,false
init_8F90,func_100099BC,0x100,0xAC6C0000,0xAC4D0000,-,-,Normalize compiler allocation to the retail DMA cleanup schedule,,,false
init_8F90,func_100099BC,0x104,0x8C440000,0x8C850000,-,-,Normalize compiler allocation to the retail DMA cleanup schedule,,,false
init_8F90,func_100099BC,0x108,0x10800002,0x50A00003,-,-,Normalize compiler allocation to the retail DMA cleanup schedule,,,false
init_8F90,func_100099BC,0x10C,0x00000000,0xAC620000,-,-,Normalize compiler allocation to the retail DMA cleanup schedule,,,false
init_8F90,func_100099BC,0x110,0xAC830004,0xACA20004,-,-,Normalize compiler allocation to the retail DMA cleanup schedule,,,false
init_8F90,func_100099BC,0x114,0x10000004,0xAC620000,-,-,Normalize compiler allocation to the retail DMA cleanup schedule,,,false
init_8F90,func_100099BC,0x118,0xAC430000,0x10000004,-,-,Normalize compiler allocation to the retail DMA cleanup schedule,,,false
init_8F90,func_100099BC,0x11C,0xACC30008,0x00000000,-,-,Normalize compiler allocation to the retail DMA cleanup schedule,,,false
init_8F90,func_100099BC,0x120,0xAC600000,0xACE20008,-,-,Normalize compiler allocation to the retail DMA cleanup schedule,,,false
init_8F90,func_100099BC,0x124,0xAC600004,0xAC400000,-,-,Normalize compiler allocation to the retail DMA cleanup schedule,,,false
init_8F90,func_100099BC,0x128,0x14A0FFDB,0xAC400004,-,-,Normalize compiler allocation to the retail DMA cleanup schedule,,,false
init_8F90,func_100099BC,0x12C,0x00A01825,0x14C0FFD9,-,-,Normalize compiler allocation to the retail DMA cleanup schedule,,,false
init_8F90,func_100099BC,0x130,0x3C070000,0x00C01025,R_MIPS_HI16:D_8002AE44,-,Normalize compiler allocation to the retail DMA cleanup schedule,,,false
init_8F90,func_100099BC,0x134,0x24E70000,0x3C088003,R_MIPS_LO16:D_8002AE44,-,Normalize compiler allocation to the retail DMA cleanup schedule,,,false
init_8F90,func_100099BC,0x138,0x8CED0000,0x2508AE44,-,-,Normalize compiler allocation to the retail DMA cleanup schedule,,,false
init_8F90,func_100099BC,0x13C,0xAE800000,0x8D0E0000,-,-,Normalize compiler allocation to the retail DMA cleanup schedule,,,false
init_8F90,func_100099BC,0x140,0x00601025,0xAE800000,-,-,Normalize compiler allocation to the retail DMA cleanup schedule,,,false
init_8F90,func_100099BC,0x144,0x25AE0001,0x25CF0001,-,-,Normalize compiler allocation to the retail DMA cleanup schedule,,,false
init_8F90,func_100099BC,0x148,0xACEE0000,0xAD0F0000,-,-,Normalize compiler allocation to the retail DMA cleanup schedule,,,false
init_B1B0,func_1000B3D4,0x02C,0x8FA3003C,0x8FAE003C,-,-,Normalize compiler allocation to the retail channel attachment schedule,,,false
init_B1B0,func_1000B3D4,0x038,0x10600012,0x11C00012,-,-,Normalize compiler allocation to the retail channel attachment schedule,,,false
init_B1B0,func_1000B3D4,0x040,0x8C620060,0x8DC20060,-,-,Normalize compiler allocation to the retail channel attachment schedule,,,false
init_B1B0,func_1000B3D4,0x048,0x8FB8003C,0x8FB9003C,-,-,Normalize compiler allocation to the retail channel attachment schedule,,,false
init_B1B0,func_1000B3D4,0x050,0x8FB8003C,0x8FB9003C,-,-,Normalize compiler allocation to the retail channel attachment schedule,,,false
init_B1B0,func_1000B3D4,0x054,0x8C4E0004,0x8E8F0004,-,-,Normalize compiler allocation to the retail channel attachment schedule,,,false
init_B1B0,func_1000B3D4,0x058,0x8E8F0004,0x8C580004,-,-,Normalize compiler allocation to the retail channel attachment schedule,,,false
init_B1B0,func_1000B3D4,0x060,0x55CF0005,0x55F80005,-,-,Normalize compiler allocation to the retail channel attachment schedule,,,false
init_B1B0,func_1000B3D4,0x078,0x8FB8003C,0x8FB9003C,-,-,Normalize compiler allocation to the retail channel attachment schedule,,,false
init_B1B0,func_1000B3D4,0x080,0xAF140060,0xAF340060,-,-,Normalize compiler allocation to the retail channel attachment schedule,,,false
init_B1B0,func_1000B3D4,0x094,0x0011C880,0x00114080,-,-,Normalize compiler allocation to the retail channel attachment schedule,,,false
init_B1B0,func_1000B3D4,0x098,0x02798021,0x02688021,-,-,Normalize compiler allocation to the retail channel attachment schedule,,,false
init_B1B0,func_1000B3D4,0x0A8,0x8C480004,0x8C490004,-,-,Normalize compiler allocation to the retail channel attachment schedule,,,false
init_B1B0,func_1000B3D4,0x0AC,0x1D00000E,0x1D20000E,-,-,Normalize compiler allocation to the retail channel attachment schedule,,,false
init_B1B0,func_1000B3D4,0x0B4,0x8C490060,0x8C4A0060,-,-,Normalize compiler allocation to the retail channel attachment schedule,,,false
init_B1B0,func_1000B3D4,0x0B8,0x1520000B,0x1540000B,-,-,Normalize compiler allocation to the retail channel attachment schedule,,,false
init_B1B0,func_1000B3D4,0x0EC,0x00115080,0x00115880,-,-,Normalize compiler allocation to the retail channel attachment schedule,,,false
init_B1B0,func_1000B3D4,0x0F0,0x026A8021,0x026B8021,-,-,Normalize compiler allocation to the retail channel attachment schedule,,,false
init_B1B0,func_1000B3D4,0x10C,0x8C8B0004,0x8C8C0004,-,-,Normalize compiler allocation to the retail channel attachment schedule,,,false
init_B1B0,func_1000B3D4,0x110,0x5560000C,0x5580000C,-,-,Normalize compiler allocation to the retail channel attachment schedule,,,false
init_B1B0,func_1000B3D4,0x120,0x8E0C0000,0x8E0D0000,-,-,Normalize compiler allocation to the retail channel attachment schedule,,,false
init_B1B0,func_1000B3D4,0x124,0x8D8D0060,0x8DAE0060,-,-,Normalize compiler allocation to the retail channel attachment schedule,,,false
init_B1B0,func_1000B3D4,0x128,0xADB50004,0xADD50004,-,-,Normalize compiler allocation to the retail channel attachment schedule,,,false
init_B1B0,func_1000B3D4,0x12C,0x8E0E0000,0x8E0F0000,-,-,Normalize compiler allocation to the retail channel attachment schedule,,,false
init_B1B0,func_1000B3D4,0x130,0x8DCF0060,0x8DF80060,-,-,Normalize compiler allocation to the retail channel attachment schedule,,,false
init_B1B0,func_1000B3D4,0x134,0xADF50000,0xAF150000,-,-,Normalize compiler allocation to the retail channel attachment schedule,,,false
init_B1B0,func_1000B3D4,0x138,0x8E180000,0x8E190000,-,-,Normalize compiler allocation to the retail channel attachment schedule,,,false
init_B1B0,func_1000B3D4,0x13C,0xAF140060,0xAF340060,-,-,Normalize compiler allocation to the retail channel attachment schedule,,,false
generated_vimgr,viMgrMain,0x038,0x3C010000,0x3C010000,R_MIPS_HI16:.bss,R_MIPS_HI16:D_80037E30,Bind the discarded function-local retrace static to its retail address,,,false
generated_vimgr,viMgrMain,0x044,0xA4230000,0xA4230000,R_MIPS_LO16:.bss,R_MIPS_LO16:D_80037E30,Bind the discarded function-local retrace static to its retail address,,,false
generated_vimgr,viMgrMain,0x04C,0x3C010000,0x3C010000,R_MIPS_HI16:.bss,R_MIPS_HI16:D_80037E30,Bind the discarded function-local retrace static to its retail address,,,false
generated_vimgr,viMgrMain,0x050,0xA4230000,0xA4230000,R_MIPS_LO16:.bss,R_MIPS_LO16:D_80037E30,Bind the discarded function-local retrace static to its retail address,,,false
generated_vimgr,viMgrMain,0x0AC,0x3C030000,0x3C030000,R_MIPS_HI16:.bss,R_MIPS_HI16:D_80037E30,Bind the discarded function-local retrace static to its retail address,,,false
generated_vimgr,viMgrMain,0x0B0,0x94630000,0x94630000,R_MIPS_LO16:.bss,R_MIPS_LO16:D_80037E30,Bind the discarded function-local retrace static to its retail address,,,false
generated_vimgr,viMgrMain,0x0B4,0x3C010000,0x3C010000,R_MIPS_HI16:.bss,R_MIPS_HI16:D_80037E30,Bind the discarded function-local retrace static to its retail address,,,false
generated_vimgr,viMgrMain,0x0C4,0xA42F0000,0xA42F0000,R_MIPS_LO16:.bss,R_MIPS_LO16:D_80037E30,Bind the discarded function-local retrace static to its retail address,,,false
generated_vimgr,viMgrMain,0x0F4,0x3C010000,0x3C010000,R_MIPS_HI16:.bss,R_MIPS_HI16:D_80037E30,Bind the discarded function-local retrace static to its retail address,,,false
generated_vimgr,viMgrMain,0x0F8,0xA4230000,0xA4230000,R_MIPS_LO16:.bss,R_MIPS_LO16:D_80037E30,Bind the discarded function-local retrace static to its retail address,,,false
init_B1B0,func_1000E17C,0x028,0x3C130000,0x3C140000,R_MIPS_HI16:D_8002B074,R_MIPS_HI16:D_8002B074,Normalize the closed record-cleanup register allocation,,,false
init_B1B0,func_1000E17C,0x02C,0x3C030000,0x3C030000,R_MIPS_HI16:D_80041E58_pass1,R_MIPS_HI16:D_80041E58,Bind the first independent end-address lifetime to its retail symbol,,,false
init_B1B0,func_1000E17C,0x030,0x26100000,0x24630000,R_MIPS_LO16:D_800419A8,R_MIPS_LO16:D_80041E58,Complete the first end address before the retained table and record bases,,,false
init_B1B0,func_1000E17C,0x034,0x24630000,0x26940000,R_MIPS_LO16:D_80041E58_pass1,R_MIPS_LO16:D_8002B074,Complete the retained definition table after the first end address,,,false
init_B1B0,func_1000E17C,0x038,0x26730000,0x26100000,R_MIPS_LO16:D_8002B074,R_MIPS_LO16:D_800419A8,Complete the first record base in retail schedule,,,false
init_B1B0,func_1000E17C,0x040,0x24150001,0x2415FF0F,-,-,Normalize the closed record-cleanup register allocation,,,false
init_B1B0,func_1000E17C,0x044,0x2414FF0F,0x24130001,-,-,Normalize the closed record-cleanup register allocation,,,false
init_B1B0,func_1000E17C,0x058,0x026E7821,0x028E7821,-,-,Normalize the closed record-cleanup register allocation,,,false
init_B1B0,func_1000E17C,0x060,0x03141024,0x03151024,-,-,Normalize the closed record-cleanup register allocation,,,false
init_B1B0,func_1000E17C,0x064,0x50550004,0x52620004,-,-,Normalize the closed record-cleanup register allocation,,,false
init_B1B0,func_1000E17C,0x06C,0x54560006,0x56C20006,-,-,Normalize the closed record-cleanup register allocation,,,false
init_B1B0,func_1000E17C,0x094,0x3C100000,0x3C100000,R_MIPS_HI16:D_800419A8_pass2,R_MIPS_HI16:D_800419A8,Bind the second independent record-base lifetime to its retail symbol,,,false
init_B1B0,func_1000E17C,0x098,0x3C030000,0x3C030000,R_MIPS_HI16:D_80041E58_pass2,R_MIPS_HI16:D_80041E58,Bind the second independent end-address lifetime to its retail symbol,,,false
init_B1B0,func_1000E17C,0x09C,0x26100000,0x24630000,R_MIPS_LO16:D_800419A8_pass2,R_MIPS_LO16:D_80041E58,Complete the second end address before the record base,,,false
init_B1B0,func_1000E17C,0x0A0,0x24630000,0x26100000,R_MIPS_LO16:D_80041E58_pass2,R_MIPS_LO16:D_800419A8,Complete the second record base in retail schedule,,,false
init_B1B0,func_1000E17C,0x0F8,0x3C100000,0x3C100000,R_MIPS_HI16:D_800419A8_pass3,R_MIPS_HI16:D_800419A8,Bind the third independent record-base lifetime to its retail symbol,,,false
init_B1B0,func_1000E17C,0x0FC,0x3C120000,0x3C120000,R_MIPS_HI16:D_80041E58_pass3,R_MIPS_HI16:D_80041E58,Bind the third independent end-address lifetime to its retail symbol,,,false
init_B1B0,func_1000E17C,0x100,0x26100000,0x26520000,R_MIPS_LO16:D_800419A8_pass3,R_MIPS_LO16:D_80041E58,Complete the retained third-pass end address before the record base,,,false
init_B1B0,func_1000E17C,0x104,0x26520000,0x26100000,R_MIPS_LO16:D_80041E58_pass3,R_MIPS_LO16:D_800419A8,Complete the third record base in retail schedule,,,false
init_B1B0,func_1000E17C,0x114,0x026B6021,0x028B6021,-,-,Normalize the closed record-cleanup register allocation,,,false
init_B1B0,func_1000E17C,0x11C,0x01B41024,0x01B51024,-,-,Normalize the closed record-cleanup register allocation,,,false
init_B1B0,func_1000E17C,0x120,0x50550004,0x52620004,-,-,Normalize the closed record-cleanup register allocation,,,false
init_B1B0,func_1000E17C,0x128,0x54560007,0x56C20007,-,-,Normalize the closed record-cleanup register allocation,,,false
init_EB00,func_1000FA64,0x000,0x27BDFFC8,0x27BDFFD8,-,-,Normalize Init audio request allocator compiler allocation,,,false
init_EB00,func_1000FA64,0x00C,0xAFA40038,0xAFA40028,-,-,Normalize Init audio request allocator compiler allocation,,,false
init_EB00,func_1000FA64,0x010,0xAFA5003C,0xAFA5002C,-,-,Normalize Init audio request allocator compiler allocation,,,false
init_EB00,func_1000FA64,0x014,0xAFA60040,0xAFA60030,-,-,Normalize Init audio request allocator compiler allocation,,,false
init_EB00,func_1000FA64,0x018,0xAFA70044,0xAFA70034,-,-,Normalize Init audio request allocator compiler allocation,,,false
init_EB00,func_1000FA64,0x01C,0x3C060000,0x3C020000,R_MIPS_HI16:D_80042760,R_MIPS_HI16:D_80042760,Normalize Init audio request allocator compiler allocation,,,false
init_EB00,func_1000FA64,0x020,0x8CC60000,0x8C420000,R_MIPS_LO16:D_80042760,R_MIPS_LO16:D_80042760,Normalize Init audio request allocator compiler allocation,,,false
init_EB00,func_1000FA64,0x024,0x28C10020,0x28410020,-,-,Normalize Init audio request allocator compiler allocation,,,false
init_EB00,func_1000FA64,0x028,0x54200004,0x10200005,-,-,Normalize Init audio request allocator compiler allocation,,,false
init_EB00,func_1000FA64,0x02C,0x8FAE0054,0x00403025,-,-,Normalize Init audio request allocator compiler allocation,,,false
init_EB00,func_1000FA64,0x030,0x1000005B,0x244E0001,-,-,Normalize Init audio request allocator compiler allocation,,,false
init_EB00,func_1000FA64,0x034,0x00001025,0x3C010000,-,R_MIPS_HI16:D_80042760,Normalize Init audio request allocator compiler allocation,,,false
init_EB00,func_1000FA64,0x038,0x8FAE0054,0x10000003,-,-,Normalize Init audio request allocator compiler allocation,,,false
init_EB00,func_1000FA64,0x03C,0x24C70001,0xAC2E0000,-,R_MIPS_LO16:D_80042760,Normalize Init audio request allocator compiler allocation,,,false
init_EB00,func_1000FA64,0x040,0x3C010000,0x10000057,R_MIPS_HI16:D_80042760,-,Normalize Init audio request allocator compiler allocation,,,false
init_EB00,func_1000FA64,0x044,0x11C0000B,0x00001025,-,-,Normalize Init audio request allocator compiler allocation,,,false
init_EB00,func_1000FA64,0x048,0xAC270000,0x8FAF0044,R_MIPS_LO16:D_80042760,-,Normalize Init audio request allocator compiler allocation,,,false
init_EB00,func_1000FA64,0x04C,0x8FA20060,0x00064880,-,-,Normalize Init audio request allocator compiler allocation,,,false
init_EB00,func_1000FA64,0x050,0x00067880,0x8FA20050,-,-,Normalize Init audio request allocator compiler allocation,,,false
init_EB00,func_1000FA64,0x054,0x01E67823,0x11E0000B,-,-,Normalize Init audio request allocator compiler allocation,,,false
init_EB00,func_1000FA64,0x058,0x3C180000,0x01264823,R_MIPS_HI16:D_80041FE0,-,Normalize Init audio request allocator compiler allocation,,,false
init_EB00,func_1000FA64,0x05C,0x27180000,0x8FA20050,R_MIPS_LO16:D_80041FE0,-,Normalize Init audio request allocator compiler allocation,,,false
init_EB00,func_1000FA64,0x060,0x000F7900,0x0006C080,-,-,Normalize Init audio request allocator compiler allocation,,,false
init_EB00,func_1000FA64,0x064,0x01F88021,0x0306C023,-,-,Normalize Init audio request allocator compiler allocation,,,false
init_EB00,func_1000FA64,0x068,0x34590012,0x3C190000,-,R_MIPS_HI16:D_80041FE0,Normalize Init audio request allocator compiler allocation,,,false
init_EB00,func_1000FA64,0x06C,0x1000000B,0x27390000,-,R_MIPS_LO16:D_80041FE0,Normalize Init audio request allocator compiler allocation,,,false
init_EB00,func_1000FA64,0x070,0xAE190010,0x0018C100,-,-,Normalize Init audio request allocator compiler allocation,,,false
init_EB00,func_1000FA64,0x074,0x8FA20060,0x03198021,-,-,Normalize Init audio request allocator compiler allocation,,,false
init_EB00,func_1000FA64,0x078,0x00064080,0x34480012,-,-,Normalize Init audio request allocator compiler allocation,,,false
init_EB00,func_1000FA64,0x07C,0x01064023,0x10000008,-,-,Normalize Init audio request allocator compiler allocation,,,false
init_EB00,func_1000FA64,0x080,0x3C090000,0xAE080010,R_MIPS_HI16:D_80041FE0,-,Normalize Init audio request allocator compiler allocation,,,false
init_EB00,func_1000FA64,0x084,0x25290000,0x3C0A0000,R_MIPS_LO16:D_80041FE0,R_MIPS_HI16:D_80041FE0,Normalize Init audio request allocator compiler allocation,,,false
init_EB00,func_1000FA64,0x088,0x00084100,0x254A0000,-,R_MIPS_LO16:D_80041FE0,Normalize Init audio request allocator compiler allocation,,,false
init_EB00,func_1000FA64,0x08C,0x304A0108,0x00094900,-,-,Normalize Init audio request allocator compiler allocation,,,false
init_EB00,func_1000FA64,0x090,0x354B0002,0x304B0108,-,-,Normalize Init audio request allocator compiler allocation,,,false
init_EB00,func_1000FA64,0x094,0x01098021,0x356C0002,-,-,Normalize Init audio request allocator compiler allocation,,,false
init_EB00,func_1000FA64,0x098,0xAE0B0010,0x012A8021,-,-,Normalize Init audio request allocator compiler allocation,,,false
init_EB00,func_1000FA64,0x09C,0x304C0040,0xAE0C0010,-,-,Normalize Init audio request allocator compiler allocation,,,false
init_EB00,func_1000FA64,0x0A0,0x1180000D,0x304D0040,-,-,Normalize Init audio request allocator compiler allocation,,,false
init_EB00,func_1000FA64,0x0A4,0x93A4003F,0x11A0000B,-,-,Normalize Init audio request allocator compiler allocation,,,false
init_EB00,func_1000FA64,0x0A8,0xAFA6002C,0x93A4002F,-,-,Normalize Init audio request allocator compiler allocation,,,false
init_EB00,func_1000FA64,0x0B0,0xAFA70024,0xAFA60020,-,-,Normalize Init audio request allocator compiler allocation,,,false
init_EB00,func_1000FA64,0x0B4,0x00021C00,0x00027400,-,-,Normalize Init audio request allocator compiler allocation,,,false
init_EB00,func_1000FA64,0x0B8,0x00036C03,0x000E7C03,-,-,Normalize Init audio request allocator compiler allocation,,,false
init_EB00,func_1000FA64,0x0C0,0x8FA6002C,0x8FA60020,-,-,Normalize Init audio request allocator compiler allocation,,,false
init_EB00,func_1000FA64,0x0C4,0x8FA70024,0x15E10003,-,-,Normalize Init audio request allocator compiler allocation,,,false
init_EB00,func_1000FA64,0x0C8,0x15A10003,0xA7A20032,-,-,Normalize Init audio request allocator compiler allocation,,,false
init_EB00,func_1000FA64,0x0CC,0xA7AD0042,0x10000034,-,-,Normalize Init audio request allocator compiler allocation,,,false
init_EB00,func_1000FA64,0x0D0,0x10000033,0x00001025,-,-,Normalize Init audio request allocator compiler allocation,,,false
init_EB00,func_1000FA64,0x0D4,0x00001025,0x97B8002A,-,-,Normalize Init audio request allocator compiler allocation,,,false
init_EB00,func_1000FA64,0x0D8,0x97AE003A,0x87B9002E,-,-,Normalize Init audio request allocator compiler allocation,,,false
init_EB00,func_1000FA64,0x0DC,0xA60E0000,0x87A80032,-,-,Normalize Init audio request allocator compiler allocation,,,false
init_EB00,func_1000FA64,0x0E0,0x87AF003E,0x87A90036,-,-,Normalize Init audio request allocator compiler allocation,,,false
init_EB00,func_1000FA64,0x0E4,0xA60F0002,0x97AA003E,-,-,Normalize Init audio request allocator compiler allocation,,,false
init_EB00,func_1000FA64,0x0E8,0x87B80042,0x87AB0042,-,-,Normalize Init audio request allocator compiler allocation,,,false
init_EB00,func_1000FA64,0x0EC,0xA6180004,0x8FAC0038,-,-,Normalize Init audio request allocator compiler allocation,,,false
init_EB00,func_1000FA64,0x0F0,0x87B90046,0x8FAD0044,-,-,Normalize Init audio request allocator compiler allocation,,,false
init_EB00,func_1000FA64,0x0F4,0xA6190006,0x8FAE0048,-,-,Normalize Init audio request allocator compiler allocation,,,false
init_EB00,func_1000FA64,0x0F8,0x97A8004E,0x8FAF004C,-,-,Normalize Init audio request allocator compiler allocation,,,false
init_EB00,func_1000FA64,0x0FC,0xA6080008,0xA6000024,-,-,Normalize Init audio request allocator compiler allocation,,,false
init_EB00,func_1000FA64,0x100,0x87A90052,0xA2000023,-,-,Normalize Init audio request allocator compiler allocation,,,false
init_EB00,func_1000FA64,0x104,0xA609000A,0xA2000022,-,-,Normalize Init audio request allocator compiler allocation,,,false
init_EB00,func_1000FA64,0x108,0x8FAA0048,0x8FA40054,-,-,Normalize Init audio request allocator compiler allocation,,,false
init_EB00,func_1000FA64,0x10C,0xAE0A000C,0xAFA60020,-,-,Normalize Init audio request allocator compiler allocation,,,false
init_EB00,func_1000FA64,0x110,0x8FAB0054,0xA6180000,-,-,Normalize Init audio request allocator compiler allocation,,,false
init_EB00,func_1000FA64,0x114,0xAE0B0014,0xA6190002,-,-,Normalize Init audio request allocator compiler allocation,,,false
init_EB00,func_1000FA64,0x118,0x8FAC0058,0xA6080004,-,-,Normalize Init audio request allocator compiler allocation,,,false
init_EB00,func_1000FA64,0x11C,0xAE0C0018,0xA6090006,-,-,Normalize Init audio request allocator compiler allocation,,,false
init_EB00,func_1000FA64,0x120,0x8FAD005C,0xA60A0008,-,-,Normalize Init audio request allocator compiler allocation,,,false
init_EB00,func_1000FA64,0x124,0xAE0D001C,0xA60B000A,-,-,Normalize Init audio request allocator compiler allocation,,,false
init_EB00,func_1000FA64,0x128,0x8FA40064,0xAE0C000C,-,-,Normalize Init audio request allocator compiler allocation,,,false
init_EB00,func_1000FA64,0x12C,0xA2000022,0xAE0D0014,-,-,Normalize Init audio request allocator compiler allocation,,,false
init_EB00,func_1000FA64,0x130,0xA2000023,0xAE0E0018,-,-,Normalize Init audio request allocator compiler allocation,,,false
init_EB00,func_1000FA64,0x134,0xAE000024,0x0C000000,-,R_MIPS_26:alCents2Ratio,Normalize Init audio request allocator compiler allocation,,,false
init_EB00,func_1000FA64,0x138,0xA6000028,0xAE0F001C,-,-,Normalize Init audio request allocator compiler allocation,,,false
init_EB00,func_1000FA64,0x13C,0xA6040020,0x3C050000,-,R_MIPS_HI16:D_80042760,Normalize Init audio request allocator compiler allocation,,,false
init_EB00,func_1000FA64,0x140,0xAFA70024,0x24A50000,-,R_MIPS_LO16:D_80042760,Normalize Init audio request allocator compiler allocation,,,false
init_EB00,func_1000FA64,0x144,0x0C000000,0x8FA60020,R_MIPS_26:alCents2Ratio,-,Normalize Init audio request allocator compiler allocation,,,false
init_EB00,func_1000FA64,0x148,0xAFA6002C,0x8FB80054,-,-,Normalize Init audio request allocator compiler allocation,,,false
init_EB00,func_1000FA64,0x14C,0x3C050000,0x8CB90000,R_MIPS_HI16:D_80042760,-,Normalize Init audio request allocator compiler allocation,,,false
init_EB00,func_1000FA64,0x150,0x8FA6002C,0x3C040000,-,R_MIPS_HI16:D_80041FE0,Normalize Init audio request allocator compiler allocation,,,false
init_EB00,func_1000FA64,0x154,0x8FA70024,0xE600002C,-,-,Normalize Init audio request allocator compiler allocation,,,false
init_EB00,func_1000FA64,0x158,0xE600002C,0xA6000026,-,-,Normalize Init audio request allocator compiler allocation,,,false
init_EB00,func_1000FA64,0x15C,0x24A50000,0xA6000028,R_MIPS_LO16:D_80042760,-,Normalize Init audio request allocator compiler allocation,,,false
init_EB00,func_1000FA64,0x160,0x8CAE0000,0x24840000,-,R_MIPS_LO16:D_80041FE0,Normalize Init audio request allocator compiler allocation,,,false
init_EB00,func_1000FA64,0x164,0x3C040000,0x24C70001,R_MIPS_HI16:D_80041FE0,-,Normalize Init audio request allocator compiler allocation,,,false
init_EB00,func_1000FA64,0x168,0x24840000,0xA6180020,R_MIPS_LO16:D_80041FE0,-,Normalize Init audio request allocator compiler allocation,,,false
init_EB00,func_1000FA64,0x170,0xAFAE0030,0xAFB90024,-,-,Normalize Init audio request allocator compiler allocation,,,false
init_EB00,func_1000FA64,0x174,0x3C180000,0x3C090000,R_MIPS_HI16:D_80042760,R_MIPS_HI16:D_80042760,Normalize Init audio request allocator compiler allocation,,,false
init_EB00,func_1000FA64,0x178,0x8F180000,0x8D290000,R_MIPS_LO16:D_80042760,R_MIPS_LO16:D_80042760,Normalize Init audio request allocator compiler allocation,,,false
init_EB00,func_1000FA64,0x17C,0x8FAF0030,0x8FA80024,-,-,Normalize Init audio request allocator compiler allocation,,,false
init_EB00,func_1000FA64,0x180,0x51F80004,0x55090007,-,-,Normalize Init audio request allocator compiler allocation,,,false
init_EB00,func_1000FA64,0x184,0x8E190010,0x00001025,-,-,Normalize Init audio request allocator compiler allocation,,,false
init_EB00,func_1000FA64,0x188,0x10000005,0x8E0A0010,-,-,Normalize Init audio request allocator compiler allocation,,,false
init_EB00,func_1000FA64,0x18C,0x00001025,0x96020024,-,-,Normalize Init audio request allocator compiler allocation,,,false
init_EB00,func_1000FA64,0x190,0x8E190010,0x354B1000,-,-,Normalize Init audio request allocator compiler allocation,,,false
init_EB00,func_1000FA64,0x194,0x96020024,0x10000002,-,-,Normalize Init audio request allocator compiler allocation,,,false
init_EB00,func_1000FA64,0x198,0x37281000,0xAE0B0010,-,-,Normalize Init audio request allocator compiler allocation,,,false
init_EB00,func_1000FA64,0x19C,0xAE080010,0x00001025,-,-,Normalize Init audio request allocator compiler allocation,,,false
init_EB00,func_1000FA64,0x1A8,0x27BD0038,0x27BD0028,-,-,Normalize Init audio request allocator compiler allocation,,,false
init_3C40,func_10004074,0x000,0x27BDFFC8,0x27BDFFD0,-,-,Normalize Init allocator free coalescing compiler allocation,,,false
init_3C40,func_10004074,0x008,0x00803825,0x00803025,-,-,Normalize Init allocator free coalescing compiler allocation,,,false
init_3C40,func_10004074,0x00C,0x10E0006F,0x10C0006F,-,-,Normalize Init allocator free coalescing compiler allocation,,,false
init_3C40,func_10004074,0x010,0x24E6FFF4,0x24C3FFF4,-,-,Normalize Init allocator free coalescing compiler allocation,,,false
init_3C40,func_10004074,0x018,0xAFA60030,0xAFA30018,-,-,Normalize Init allocator free coalescing compiler allocation,,,false
init_3C40,func_10004074,0x01C,0xAFA60018,0xAFA3002C,-,-,Normalize Init allocator free coalescing compiler allocation,,,false
init_3C40,func_10004074,0x024,0xAFA0001C,0xAFA00020,-,-,Normalize Init allocator free coalescing compiler allocation,,,false
init_3C40,func_10004074,0x028,0x8FA60018,0x8FA30018,-,-,Normalize Init allocator free coalescing compiler allocation,,,false
init_3C40,func_10004074,0x02C,0x8FA50030,0xAFA2001C,-,-,Normalize Init allocator free coalescing compiler allocation,,,false
init_3C40,func_10004074,0x030,0x8FA8001C,0x8FA5002C,-,-,Normalize Init allocator free coalescing compiler allocation,,,false
init_3C40,func_10004074,0x034,0x8CC30004,0x8C640004,-,-,Normalize Init allocator free coalescing compiler allocation,,,false
init_3C40,func_10004074,0x038,0x00403825,0x8FA70020,-,-,Normalize Init allocator free coalescing compiler allocation,,,false
init_3C40,func_10004074,0x03C,0xA0C00008,0xA0600008,-,-,Normalize Init allocator free coalescing compiler allocation,,,false
init_3C40,func_10004074,0x040,0x50600010,0x50800010,-,-,Normalize Init allocator free coalescing compiler allocation,,,false
init_3C40,func_10004074,0x044,0x8CA20000,0x8CA40000,-,-,Normalize Init allocator free coalescing compiler allocation,,,false
init_3C40,func_10004074,0x048,0x8C640008,0x8C820008,-,-,Normalize Init allocator free coalescing compiler allocation,,,false
init_3C40,func_10004074,0x04C,0x00047602,0x00027602,-,-,Normalize Init allocator free coalescing compiler allocation,,,false
init_3C40,func_10004074,0x054,0x8CA20000,0x8CA40000,-,-,Normalize Init allocator free coalescing compiler allocation,,,false
init_3C40,func_10004074,0x058,0x8CC20000,0x8C6F0000,-,-,Normalize Init allocator free coalescing compiler allocation,,,false
init_3C40,func_10004074,0x05C,0x00602825,0x00802825,-,-,Normalize Init allocator free coalescing compiler allocation,,,false
init_3C40,func_10004074,0x060,0x24080001,0x24070001,-,-,Normalize Init allocator free coalescing compiler allocation,,,false
init_3C40,func_10004074,0x064,0xAC620000,0xAC8F0000,-,-,Normalize Init allocator free coalescing compiler allocation,,,false
init_3C40,func_10004074,0x068,0x8CCF0008,0x8C780008,-,-,Normalize Init allocator free coalescing compiler allocation,,,false
init_3C40,func_10004074,0x06C,0x008FC021,0x0058C821,-,-,Normalize Init allocator free coalescing compiler allocation,,,false
init_3C40,func_10004074,0x070,0x2719000C,0x2728000C,-,-,Normalize Init allocator free coalescing compiler allocation,,,false
init_3C40,func_10004074,0x074,0x10400002,0x11E00002,-,-,Normalize Init allocator free coalescing compiler allocation,,,false
init_3C40,func_10004074,0x078,0xAC790008,0xAC880008,-,-,Normalize Init allocator free coalescing compiler allocation,,,false
init_3C40,func_10004074,0x07C,0xAC430004,0xADE40004,-,-,Normalize Init allocator free coalescing compiler allocation,,,false
init_3C40,func_10004074,0x080,0x8CA20000,0x8CA40000,-,-,Normalize Init allocator free coalescing compiler allocation,,,false
init_3C40,func_10004074,0x084,0x1040001F,0x10800020,-,-,Normalize Init allocator free coalescing compiler allocation,,,false
init_3C40,func_10004074,0x08C,0x8C490008,0x8C890008,-,-,Normalize Init allocator free coalescing compiler allocation,,,false
init_3C40,func_10004074,0x094,0x1540001B,0x1540001C,-,-,Normalize Init allocator free coalescing compiler allocation,,,false
init_3C40,func_10004074,0x09C,0x8C430000,0x8C8B0000,-,-,Normalize Init allocator free coalescing compiler allocation,,,false
init_3C40,func_10004074,0x0A0,0x8CAB0008,0x8CAC0008,-,-,Normalize Init allocator free coalescing compiler allocation,,,false
init_3C40,func_10004074,0x0A4,0x24080001,0x3C020000,-,R_MIPS_HI16:D_800380B8,Normalize Init allocator free coalescing compiler allocation,,,false
init_3C40,func_10004074,0x0A8,0xACA30000,0xACAB0000,-,-,Normalize Init allocator free coalescing compiler allocation,,,false
init_3C40,func_10004074,0x0AC,0x8C4C0008,0x8C8D0008,-,-,Normalize Init allocator free coalescing compiler allocation,,,false
init_3C40,func_10004074,0x0B0,0x016C6821,0x24070001,-,-,Normalize Init allocator free coalescing compiler allocation,,,false
init_3C40,func_10004074,0x0B4,0x25AE000C,0x24420000,-,R_MIPS_LO16:D_800380B8,Normalize Init allocator free coalescing compiler allocation,,,false
init_3C40,func_10004074,0x0B8,0x10600002,0x018D7021,-,-,Normalize Init allocator free coalescing compiler allocation,,,false
init_3C40,func_10004074,0x0BC,0xACAE0008,0x25CF000C,-,-,Normalize Init allocator free coalescing compiler allocation,,,false
init_3C40,func_10004074,0x0C0,0xAC650004,0x11600002,-,-,Normalize Init allocator free coalescing compiler allocation,,,false
init_3C40,func_10004074,0x0C4,0x8C43000C,0xACAF0008,-,-,Normalize Init allocator free coalescing compiler allocation,,,false
init_3C40,func_10004074,0x0C8,0x10600002,0xAD650004,-,-,Normalize Init allocator free coalescing compiler allocation,,,false
init_3C40,func_10004074,0x0CC,0xACA3000C,0x8C98000C,-,-,Normalize Init allocator free coalescing compiler allocation,,,false
init_3C40,func_10004074,0x0D0,0xAC650010,0x13000002,-,-,Normalize Init allocator free coalescing compiler allocation,,,false
init_3C40,func_10004074,0x0D4,0x8C430010,0xACB8000C,-,-,Normalize Init allocator free coalescing compiler allocation,,,false
init_3C40,func_10004074,0x0D8,0x14600006,0xAF050010,-,-,Normalize Init allocator free coalescing compiler allocation,,,false
init_3C40,func_10004074,0x0DC,0x00000000,0x8C830010,-,-,Normalize Init allocator free coalescing compiler allocation,,,false
init_3C40,func_10004074,0x0E0,0x3C030000,0x14600004,R_MIPS_HI16:D_800380B8,-,Normalize Init allocator free coalescing compiler allocation,,,false
init_3C40,func_10004074,0x0E4,0x24630000,0x00000000,R_MIPS_LO16:D_800380B8,-,Normalize Init allocator free coalescing compiler allocation,,,false
init_3C40,func_10004074,0x0E8,0xAC650000,0xAC450000,-,-,Normalize Init allocator free coalescing compiler allocation,,,false
init_3C40,func_10004074,0x0EC,0x10000005,0x10000006,-,-,Normalize Init allocator free coalescing compiler allocation,,,false
init_3C40,func_10004074,0x0F4,0x10650003,0x10650004,-,-,Normalize Init allocator free coalescing compiler allocation,,,false
init_3C40,func_10004074,0x0FC,0xACA30010,0x10600002,-,-,Normalize Init allocator free coalescing compiler allocation,,,false
init_3C40,func_10004074,0x100,0xAC65000C,0xACA30010,-,-,Normalize Init allocator free coalescing compiler allocation,,,false
init_3C40,func_10004074,0x104,0x3C030000,0xAC65000C,R_MIPS_HI16:D_800380B8,-,Normalize Init allocator free coalescing compiler allocation,,,false
init_3C40,func_10004074,0x108,0x15000020,0x3C020000,-,R_MIPS_HI16:D_800380B8,Normalize Init allocator free coalescing compiler allocation,,,false
init_3C40,func_10004074,0x10C,0x24630000,0x14E0001F,R_MIPS_LO16:D_800380B8,-,Normalize Init allocator free coalescing compiler allocation,,,false
init_3C40,func_10004074,0x110,0x8C620000,0x24420000,-,R_MIPS_LO16:D_800380B8,Normalize Init allocator free coalescing compiler allocation,,,false
init_3C40,func_10004074,0x114,0x14400005,0x8C430000,-,-,Normalize Init allocator free coalescing compiler allocation,,,false
init_3C40,func_10004074,0x118,0x00A2082B,0x14600005,-,-,Normalize Init allocator free coalescing compiler allocation,,,false
init_3C40,func_10004074,0x11C,0xACA0000C,0x00A3082B,-,-,Normalize Init allocator free coalescing compiler allocation,,,false
init_3C40,func_10004074,0x120,0xACA00010,0xACA0000C,-,-,Normalize Init allocator free coalescing compiler allocation,,,false
init_3C40,func_10004074,0x124,0x10000019,0xACA00010,-,-,Normalize Init allocator free coalescing compiler allocation,,,false
init_3C40,func_10004074,0x128,0xAC650000,0x10000018,-,-,Normalize Init allocator free coalescing compiler allocation,,,false
init_3C40,func_10004074,0x12C,0x50200007,0xAC450000,-,-,Normalize Init allocator free coalescing compiler allocation,,,false
init_3C40,func_10004074,0x130,0x00401825,0x50200007,-,-,Normalize Init allocator free coalescing compiler allocation,,,false
init_3C40,func_10004074,0x134,0xACA2000C,0x8C62000C,-,-,Normalize Init allocator free coalescing compiler allocation,,,false
init_3C40,func_10004074,0x138,0xACA00010,0xACA3000C,-,-,Normalize Init allocator free coalescing compiler allocation,,,false
init_3C40,func_10004074,0x13C,0xAC450010,0xACA00010,-,-,Normalize Init allocator free coalescing compiler allocation,,,false
init_3C40,func_10004074,0x140,0x10000012,0xAC650010,-,-,Normalize Init allocator free coalescing compiler allocation,,,false
init_3C40,func_10004074,0x144,0xAC650000,0x10000011,-,-,Normalize Init allocator free coalescing compiler allocation,,,false
init_3C40,func_10004074,0x148,0x00401825,0xAC450000,-,-,Normalize Init allocator free coalescing compiler allocation,,,false
init_3C40,func_10004074,0x14C,0x8C42000C,0x8C62000C,-,-,Normalize Init allocator free coalescing compiler allocation,,,false
init_3C40,func_10004074,0x150,0x10400009,0x14400005,-,-,Normalize Init allocator free coalescing compiler allocation,,,false
init_3C40,func_10004074,0x158,0x54200008,0xACA0000C,-,-,Normalize Init allocator free coalescing compiler allocation,,,false
init_3C40,func_10004074,0x15C,0xACA2000C,0xACA30010,-,-,Normalize Init allocator free coalescing compiler allocation,,,false
init_3C40,func_10004074,0x160,0x00401825,0x1000000A,-,-,Normalize Init allocator free coalescing compiler allocation,,,false
init_3C40,func_10004074,0x164,0x8C42000C,0xAC65000C,-,-,Normalize Init allocator free coalescing compiler allocation,,,false
init_3C40,func_10004074,0x168,0x10400003,0x10200006,-,-,Normalize Init allocator free coalescing compiler allocation,,,false
init_3C40,func_10004074,0x16C,0x00A2082B,0x00000000,-,-,Normalize Init allocator free coalescing compiler allocation,,,false
init_3C40,func_10004074,0x170,0x5020FFFC,0xACA2000C,-,-,Normalize Init allocator free coalescing compiler allocation,,,false
init_3C40,func_10004074,0x174,0x00401825,0xACA30010,-,-,Normalize Init allocator free coalescing compiler allocation,,,false
init_3C40,func_10004074,0x178,0xACA2000C,0xAC450010,-,-,Normalize Init allocator free coalescing compiler allocation,,,false
init_3C40,func_10004074,0x17C,0x10400002,0x10000003,-,-,Normalize Init allocator free coalescing compiler allocation,,,false
init_3C40,func_10004074,0x180,0xACA30010,0xAC65000C,-,-,Normalize Init allocator free coalescing compiler allocation,,,false
init_3C40,func_10004074,0x184,0xAC450010,0x1000FFF1,-,-,Normalize Init allocator free coalescing compiler allocation,,,false
init_3C40,func_10004074,0x188,0xAC65000C,0x00401825,-,-,Normalize Init allocator free coalescing compiler allocation,,,false
init_3C40,func_10004074,0x18C,0x8CAF000C,0x8CA9000C,-,-,Normalize Init allocator free coalescing compiler allocation,,,false
init_3C40,func_10004074,0x198,0x15E00002,0x15200002,-,-,Normalize Init allocator free coalescing compiler allocation,,,false
init_3C40,func_10004074,0x1A8,0x8C780000,0x8C6A0000,-,-,Normalize Init allocator free coalescing compiler allocation,,,false
init_3C40,func_10004074,0x1AC,0x0302082B,0x0142082B,-,-,Normalize Init allocator free coalescing compiler allocation,,,false
init_3C40,func_10004074,0x1C8,0x00E02025,0x8FA4001C,-,-,Normalize Init allocator free coalescing compiler allocation,,,false
init_3C40,func_10004074,0x1D0,0x27BD0038,0x27BD0030,-,-,Normalize Init allocator free coalescing compiler allocation,,,false
init_4470,func_1000480C,0x000,0x27BDFFC8,0x27BDFFC0,-,-,Normalize Init direct PI copy compiler allocation,,,false
init_4470,func_1000480C,0x004,0xAFB00018,0xAFB10018,-,-,Normalize Init direct PI copy compiler allocation,,,false
init_4470,func_1000480C,0x008,0x3C090000,0xAFB00014,R_MIPS_HI16:D_8003A572,-,Normalize Init direct PI copy compiler allocation,,,false
init_4470,func_1000480C,0x00C,0x25290000,0x3C020000,R_MIPS_LO16:D_8003A572,R_MIPS_HI16:D_8003A573,Normalize Init direct PI copy compiler allocation,,,false
init_4470,func_1000480C,0x010,0x00C08025,0x3C090000,-,R_MIPS_HI16:D_8003A572,Normalize Init direct PI copy compiler allocation,,,false
init_4470,func_1000480C,0x014,0xAFBF001C,0x25290000,-,R_MIPS_LO16:D_8003A572,Normalize Init direct PI copy compiler allocation,,,false
init_4470,func_1000480C,0x018,0xAFA5003C,0x24420000,-,R_MIPS_LO16:D_8003A573,Normalize Init direct PI copy compiler allocation,,,false
init_4470,func_1000480C,0x01C,0x00803825,0x00C08025,-,-,Normalize Init direct PI copy compiler allocation,,,false
init_4470,func_1000480C,0x020,0x240E0001,0x00808825,-,-,Normalize Init direct PI copy compiler allocation,,,false
init_4470,func_1000480C,0x024,0xA12E0000,0xAFBF001C,-,-,Normalize Init direct PI copy compiler allocation,,,false
init_4470,func_1000480C,0x028,0x3C020000,0xAFA50044,R_MIPS_HI16:D_8003A573,-,Normalize Init direct PI copy compiler allocation,,,false
init_4470,func_1000480C,0x02C,0x90420000,0x240E0001,R_MIPS_LO16:D_8003A573,-,Normalize Init direct PI copy compiler allocation,,,false
init_4470,func_1000480C,0x030,0x26100001,0xA12E0000,-,-,Normalize Init direct PI copy compiler allocation,,,false
init_4470,func_1000480C,0x034,0x2401FFFE,0x90580000,-,-,Normalize Init direct PI copy compiler allocation,,,false
init_4470,func_1000480C,0x038,0x02017824,0x26100001,-,-,Normalize Init direct PI copy compiler allocation,,,false
init_4470,func_1000480C,0x03C,0x10400003,0x2401FFFE,-,-,Normalize Init direct PI copy compiler allocation,,,false
init_4470,func_1000480C,0x040,0x01E08025,0x02017824,-,-,Normalize Init direct PI copy compiler allocation,,,false
init_4470,func_1000480C,0x044,0x1440FFFF,0x13000004,-,-,Normalize Init direct PI copy compiler allocation,,,false
init_4470,func_1000480C,0x048,0x00000000,0x01E08025,-,-,Normalize Init direct PI copy compiler allocation,,,false
init_4470,func_1000480C,0x04C,0x3C02A460,0x90590000,-,-,Normalize Init direct PI copy compiler allocation,,,false
init_4470,func_1000480C,0x050,0x34420010,0x5720FFFF,-,-,Normalize Init direct PI copy compiler allocation,,,false
init_4470,func_1000480C,0x054,0x8C580000,0x90590000,-,-,Normalize Init direct PI copy compiler allocation,,,false
init_4470,func_1000480C,0x058,0x3C0C0000,0x3C03A460,R_MIPS_HI16:D_80000308,-,Normalize Init direct PI copy compiler allocation,,,false
init_4470,func_1000480C,0x05C,0x3C06A000,0x34630010,-,-,Normalize Init direct PI copy compiler allocation,,,false
init_4470,func_1000480C,0x060,0x33190003,0x8C620000,-,-,Normalize Init direct PI copy compiler allocation,,,false
init_4470,func_1000480C,0x064,0x13200005,0x3C0C0000,-,R_MIPS_HI16:D_80000308,Normalize Init direct PI copy compiler allocation,,,false
init_4470,func_1000480C,0x068,0x27A80034,0x3C070000,-,R_MIPS_HI16:D_A0000000,Normalize Init direct PI copy compiler allocation,,,false
init_4470,func_1000480C,0x06C,0x8C4A0000,0x304A0003,-,-,Normalize Init direct PI copy compiler allocation,,,false
init_4470,func_1000480C,0x070,0x314B0003,0x11400005,-,-,Normalize Init direct PI copy compiler allocation,,,false
init_4470,func_1000480C,0x074,0x5560FFFE,0x2606FFFE,-,-,Normalize Init direct PI copy compiler allocation,,,false
init_4470,func_1000480C,0x078,0x8C4A0000,0x8C620000,-,-,Normalize Init direct PI copy compiler allocation,,,false
init_4470,func_1000480C,0x07C,0x8D8C0000,0x304B0003,R_MIPS_LO16:D_80000308,-,Normalize Init direct PI copy compiler allocation,,,false
init_4470,func_1000480C,0x080,0x2602FFFE,0x5560FFFE,-,-,Normalize Init direct PI copy compiler allocation,,,false
init_4470,func_1000480C,0x084,0x00402825,0x8C620000,-,-,Normalize Init direct PI copy compiler allocation,,,false
init_4470,func_1000480C,0x088,0x00EC3825,0x8D8C0000,-,R_MIPS_LO16:D_80000308,Normalize Init direct PI copy compiler allocation,,,false
init_4470,func_1000480C,0x08C,0x30ED0002,0x27A80038,-,-,Normalize Init direct PI copy compiler allocation,,,false
init_4470,func_1000480C,0x090,0x11A00026,0x320B0002,-,-,Normalize Init direct PI copy compiler allocation,,,false
init_4470,func_1000480C,0x094,0x00001825,0x022C8825,-,-,Normalize Init direct PI copy compiler allocation,,,false
init_4470,func_1000480C,0x098,0x24EEFFFE,0x322D0002,-,-,Normalize Init direct PI copy compiler allocation,,,false
init_4470,func_1000480C,0x09C,0x01C67825,0x11A00025,-,-,Normalize Init direct PI copy compiler allocation,,,false
init_4470,func_1000480C,0x0A0,0x8DF80000,0x262EFFFE,-,-,Normalize Init direct PI copy compiler allocation,,,false
init_4470,func_1000480C,0x0A4,0x8FAA003C,0x01C77825,-,-,Normalize Init direct PI copy compiler allocation,,,false
init_4470,func_1000480C,0x0A8,0x00408025,0x8DF80000,-,R_MIPS_LO16:D_A0000000,Normalize Init direct PI copy compiler allocation,,,false
init_4470,func_1000480C,0x0AC,0xAFB80034,0x8FAA0044,-,-,Normalize Init direct PI copy compiler allocation,,,false
init_4470,func_1000480C,0x0B0,0x95190002,0x2610FFFE,-,-,Normalize Init direct PI copy compiler allocation,,,false
init_4470,func_1000480C,0x0B4,0x2605FFFE,0xAFB80038,-,-,Normalize Init direct PI copy compiler allocation,,,false
init_4470,func_1000480C,0x0B8,0x10A00010,0x95190002,-,-,Normalize Init direct PI copy compiler allocation,,,false
init_4470,func_1000480C,0x0BC,0xA5590000,0x2606FFFE,-,-,Normalize Init direct PI copy compiler allocation,,,false
init_4470,func_1000480C,0x0C0,0x00E32021,0x00002025,-,-,Normalize Init direct PI copy compiler allocation,,,false
init_4470,func_1000480C,0x0C4,0x24840002,0x10C0000F,-,-,Normalize Init direct PI copy compiler allocation,,,false
init_4470,func_1000480C,0x0C8,0x01431021,0xA5590000,-,-,Normalize Init direct PI copy compiler allocation,,,false
init_4470,func_1000480C,0x0CC,0x00865825,0x26250002,-,-,Normalize Init direct PI copy compiler allocation,,,false
init_4470,func_1000480C,0x0D0,0x8D6C0000,0x8FA20044,-,-,Normalize Init direct PI copy compiler allocation,,,false
init_4470,func_1000480C,0x0D4,0x24630004,0x00A75825,-,-,Normalize Init direct PI copy compiler allocation,,,false
init_4470,func_1000480C,0x0D8,0x0065082B,0x8D6C0000,-,R_MIPS_LO16:D_A0000000,Normalize Init direct PI copy compiler allocation,,,false
init_4470,func_1000480C,0x0DC,0xAFAC0034,0x24840004,-,-,Normalize Init direct PI copy compiler allocation,,,false
init_4470,func_1000480C,0x0E0,0x000C7402,0x0086082B,-,-,Normalize Init direct PI copy compiler allocation,,,false
init_4470,func_1000480C,0x0E4,0xA44E0002,0xAFAC0038,-,-,Normalize Init direct PI copy compiler allocation,,,false
init_4470,func_1000480C,0x0E8,0x8FAF0034,0x000C7403,-,-,Normalize Init direct PI copy compiler allocation,,,false
init_4470,func_1000480C,0x0EC,0x24840004,0xA44E0002,-,-,Normalize Init direct PI copy compiler allocation,,,false
init_4470,func_1000480C,0x0F0,0x24420004,0x8FB80038,-,-,Normalize Init direct PI copy compiler allocation,,,false
init_4470,func_1000480C,0x0F4,0x1420FFF5,0x24A50004,-,-,Normalize Init direct PI copy compiler allocation,,,false
init_4470,func_1000480C,0x0F8,0xA44F0000,0x24420004,-,-,Normalize Init direct PI copy compiler allocation,,,false
init_4470,func_1000480C,0x0FC,0x32180002,0x1420FFF5,-,-,Normalize Init direct PI copy compiler allocation,,,false
init_4470,func_1000480C,0x100,0x13000023,0xA4580000,-,-,Normalize Init direct PI copy compiler allocation,,,false
init_4470,func_1000480C,0x104,0x00E3C821,0x32190002,-,-,Normalize Init direct PI copy compiler allocation,,,false
init_4470,func_1000480C,0x108,0x272A0002,0x13200022,-,-,Normalize Init direct PI copy compiler allocation,,,false
init_4470,func_1000480C,0x10C,0x01465825,0x02245021,-,-,Normalize Init direct PI copy compiler allocation,,,false
init_4470,func_1000480C,0x110,0x8D6C0000,0x254B0002,-,-,Normalize Init direct PI copy compiler allocation,,,false
init_4470,func_1000480C,0x114,0x8FAE003C,0x01676025,-,-,Normalize Init direct PI copy compiler allocation,,,false
init_4470,func_1000480C,0x118,0xAFAC0034,0x8D8D0000,-,R_MIPS_LO16:D_A0000000,Normalize Init direct PI copy compiler allocation,,,false
init_4470,func_1000480C,0x11C,0x950D0000,0x8FAF0044,-,-,Normalize Init direct PI copy compiler allocation,,,false
init_4470,func_1000480C,0x120,0x01C37821,0xAFAD0038,-,-,Normalize Init direct PI copy compiler allocation,,,false
init_4470,func_1000480C,0x124,0x1000001A,0x950E0000,-,-,Normalize Init direct PI copy compiler allocation,,,false
init_4470,func_1000480C,0x128,0xA5ED0002,0x01E4C021,-,-,Normalize Init direct PI copy compiler allocation,,,false
init_4470,func_1000480C,0x12C,0x10A0000D,0x10000019,-,-,Normalize Init direct PI copy compiler allocation,,,false
init_4470,func_1000480C,0x130,0x320B0002,0xA70E0002,-,-,Normalize Init direct PI copy compiler allocation,,,false
init_4470,func_1000480C,0x134,0x8FB8003C,0x10C0000C,-,-,Normalize Init direct PI copy compiler allocation,,,false
init_4470,func_1000480C,0x138,0x00E32021,0x00002025,-,-,Normalize Init direct PI copy compiler allocation,,,false
init_4470,func_1000480C,0x13C,0x3C06A000,0x02201825,-,-,Normalize Init direct PI copy compiler allocation,,,false
init_4470,func_1000480C,0x140,0x03031021,0x8FA20044,-,-,Normalize Init direct PI copy compiler allocation,,,false
init_4470,func_1000480C,0x144,0x0086C825,0x3C070000,-,R_MIPS_HI16:D_A0000000,Normalize Init direct PI copy compiler allocation,,,false
init_4470,func_1000480C,0x148,0x8F2A0000,0x0067C825,-,-,Normalize Init direct PI copy compiler allocation,,,false
init_4470,func_1000480C,0x14C,0x24630004,0x8F2A0000,-,R_MIPS_LO16:D_A0000000,Normalize Init direct PI copy compiler allocation,,,false
init_4470,func_1000480C,0x150,0x0065082B,0x24840004,-,-,Normalize Init direct PI copy compiler allocation,,,false
init_4470,func_1000480C,0x154,0x24840004,0x0086082B,-,-,Normalize Init direct PI copy compiler allocation,,,false
init_4470,func_1000480C,0x158,0x24420004,0x24630004,-,-,Normalize Init direct PI copy compiler allocation,,,false
init_4470,func_1000480C,0x15C,0x1420FFF9,0x24420004,-,-,Normalize Init direct PI copy compiler allocation,,,false
init_4470,func_1000480C,0x160,0xAC4AFFFC,0x1420FFF9,-,-,Normalize Init direct PI copy compiler allocation,,,false
init_4470,func_1000480C,0x164,0x1160000A,0xAC4AFFFC,-,-,Normalize Init direct PI copy compiler allocation,,,false
init_4470,func_1000480C,0x168,0x3C06A000,0x1160000A,-,-,Normalize Init direct PI copy compiler allocation,,,false
init_4470,func_1000480C,0x16C,0x00E36021,0x3C070000,-,R_MIPS_HI16:D_A0000000,Normalize Init direct PI copy compiler allocation,,,false
init_4470,func_1000480C,0x170,0x01867025,0x00916021,-,-,Normalize Init direct PI copy compiler allocation,,,false
init_4470,func_1000480C,0x174,0x8DCD0000,0x01876825,-,-,Normalize Init direct PI copy compiler allocation,,,false
init_4470,func_1000480C,0x178,0x8FB8003C,0x8DAF0000,-,R_MIPS_LO16:D_A0000000,Normalize Init direct PI copy compiler allocation,,,false
init_4470,func_1000480C,0x17C,0x27A80034,0x8FB80044,-,-,Normalize Init direct PI copy compiler allocation,,,false
init_4470,func_1000480C,0x180,0xAFAD0034,0x27A80038,-,-,Normalize Init direct PI copy compiler allocation,,,false
init_4470,func_1000480C,0x184,0x950F0000,0xAFAF0038,-,-,Normalize Init direct PI copy compiler allocation,,,false
init_4470,func_1000480C,0x188,0x0303C821,0x950E0000,-,-,Normalize Init direct PI copy compiler allocation,,,false
init_4470,func_1000480C,0x18C,0xA72F0000,0x0304C821,-,-,Normalize Init direct PI copy compiler allocation,,,false
init_4470,func_1000480C,0x190,0xA1200000,0xA72E0000,-,-,Normalize Init direct PI copy compiler allocation,,,false
init_4470,func_1000480C,0x198,0x914A0000,0xA1200000,R_MIPS_LO16:D_8003A575,-,Normalize Init direct PI copy compiler allocation,,,false
init_4470,func_1000480C,0x19C,0x3C040000,0x254A0000,R_MIPS_HI16:D_80035910,R_MIPS_LO16:D_8003A575,Normalize Init direct PI copy compiler allocation,,,false
init_4470,func_1000480C,0x1A0,0x51400004,0x914B0000,-,-,Normalize Init direct PI copy compiler allocation,,,false
init_4470,func_1000480C,0x1A4,0x8FBF001C,0x3C040000,-,R_MIPS_HI16:D_80035910,Normalize Init direct PI copy compiler allocation,,,false
init_4470,func_1000480C,0x1A8,0x0C000000,0x51600004,R_MIPS_26:osStartThread,-,Normalize Init direct PI copy compiler allocation,,,false
init_4470,func_1000480C,0x1AC,0x24840000,0x8FBF001C,R_MIPS_LO16:D_80035910,-,Normalize Init direct PI copy compiler allocation,,,false
init_4470,func_1000480C,0x1B0,0x8FBF001C,0x0C000000,-,R_MIPS_26:osStartThread,Normalize Init direct PI copy compiler allocation,,,false
init_4470,func_1000480C,0x1B4,0x8FB00018,0x24840000,-,R_MIPS_LO16:D_80035910,Normalize Init direct PI copy compiler allocation,,,false
init_4470,func_1000480C,0x1B8,0x27BD0038,0x8FBF001C,-,-,Normalize Init direct PI copy compiler allocation,,,false
init_4470,func_1000480C,0x1BC,0x03E00008,0x8FB00014,-,-,Normalize Init direct PI copy compiler allocation,0x8FB10018,-,false
init_4470,func_1000480C,0x1C0,0x00000000,0x03E00008,-,-,Normalize Init direct PI copy compiler allocation,0x27BD0040,-,false
init_B1B0,func_1000C350,0x12C,0x504A0027,0x51420027,-,-,Preserve retail commutative state comparison order,,,false
init_EB00,func_10010154,0x050,0x3C0C0000,0x3C0B0000,R_MIPS_HI16:D_80041FD9,R_MIPS_HI16:D_80041FD9,Normalize actor positional audio compiler allocation,,,false
init_EB00,func_10010154,0x05C,0x9604008E,0x8E020184,-,-,Normalize actor positional audio compiler allocation,,,false
init_EB00,func_10010154,0x060,0xAFA00010,0x916B0000,-,R_MIPS_LO16:D_80041FD9,Normalize actor positional audio compiler allocation,,,false
init_EB00,func_10010154,0x064,0x8E190184,0x9604008E,-,-,Normalize actor positional audio compiler allocation,,,false
init_EB00,func_10010154,0x068,0x918C0000,0x0002C8C2,R_MIPS_LO16:D_80041FD9,-,Normalize actor positional audio compiler allocation,,,false
init_EB00,func_10010154,0x06C,0x02002825,0x33290030,-,-,Normalize actor positional audio compiler allocation,,,false
init_EB00,func_10010154,0x070,0x001948C2,0x00095040,-,-,Normalize actor positional audio compiler allocation,,,false
init_EB00,func_10010154,0x074,0x312A0030,0xAFAA0014,-,-,Normalize actor positional audio compiler allocation,,,false
init_EB00,func_10010154,0x078,0x000A5840,0xAFA00010,-,-,Normalize actor positional audio compiler allocation,,,false
init_EB00,func_10010154,0x07C,0xAFAB0014,0x97A50052,-,-,Normalize actor positional audio compiler allocation,,,false
init_EB00,func_10010154,0x088,0xAFAC0018,0xAFAB0018,-,-,Normalize actor positional audio compiler allocation,,,false
init_EB00,func_10010154,0x08C,0xA602008E,0x00404025,-,-,Normalize actor positional audio compiler allocation,,,false
init_EB00,func_10010154,0x094,0x3042FFFF,0xA608008E,-,-,Normalize actor positional audio compiler allocation,,,false
init_EB00,func_10010154,0x0A0,0x00E06825,0x00E06025,-,-,Normalize actor positional audio compiler allocation,,,false
init_EB00,func_10010154,0x0B0,0x000D7440,0x000C6C40,-,-,Normalize actor positional audio compiler allocation,,,false
init_EB00,func_10010154,0x0B4,0x000E3C03,0x000D3C03,-,-,Normalize actor positional audio compiler allocation,,,false
init_EB00,func_10010154,0x0C8,0x0007C400,0x00077C00,-,-,Normalize actor positional audio compiler allocation,,,false
init_EB00,func_10010154,0x0D0,0x00183C03,0x000F3C03,-,-,Normalize actor positional audio compiler allocation,,,false
init_EB00,func_10010154,0x0E8,0x9209013C,0x9219013C,-,-,Normalize actor positional audio compiler allocation,,,false
init_EB00,func_10010154,0x0F4,0x9209013C,0x9219013C,-,-,Normalize actor positional audio compiler allocation,,,false
init_EB00,func_10010154,0x0FC,0x51200007,0x53200007,-,-,Normalize actor positional audio compiler allocation,,,false
init_EB00,func_10010154,0x128,0x00C15025,0x00C14825,-,-,Normalize actor positional audio compiler allocation,,,false
init_EB00,func_10010154,0x12C,0x01403025,0x01203025,-,-,Normalize actor positional audio compiler allocation,,,false
init_EB00,func_10010154,0x134,0xAFA80048,0xAFA8004C,-,-,Normalize actor positional audio compiler allocation,,,false
init_EB00,func_10010154,0x140,0xAFA30044,0xAFA30048,-,-,Normalize actor positional audio compiler allocation,,,false
init_EB00,func_10010154,0x144,0x8E0B0000,0x8E0A0000,-,-,Normalize actor positional audio compiler allocation,,,false
init_EB00,func_10010154,0x148,0x8FA30044,0x8FA30048,-,-,Normalize actor positional audio compiler allocation,,,false
init_EB00,func_10010154,0x14C,0x8FA80048,0x8FA8004C,-,-,Normalize actor positional audio compiler allocation,,,false
init_EB00,func_10010154,0x150,0x11600021,0x11400021,-,-,Normalize actor positional audio compiler allocation,,,false
init_EB00,func_10010154,0x168,0x97AC005A,0x8FAB0058,-,-,Normalize actor positional audio compiler allocation,,,false
init_EB00,func_10010154,0x16C,0x87AE005E,0x87AD005E,-,-,Normalize actor positional audio compiler allocation,,,false
init_EB00,func_10010154,0x178,0x8FAF0040,0x8FAE0040,-,-,Normalize actor positional audio compiler allocation,,,false
init_EB00,func_10010154,0x180,0x00056C00,0x00056400,-,-,Normalize actor positional audio compiler allocation,,,false
init_EB00,func_10010154,0x188,0x000D2C03,0x000C2C03,-,-,Normalize actor positional audio compiler allocation,,,false
init_EB00,func_10010154,0x18C,0x97AD0062,0x97AC0062,-,-,Normalize actor positional audio compiler allocation,,,false
init_EB00,func_10010154,0x190,0x0006C400,0x00067C00,-,-,Normalize actor positional audio compiler allocation,,,false
init_EB00,func_10010154,0x194,0x00183403,0x000F3403,-,-,Normalize actor positional audio compiler allocation,,,false
init_EB00,func_10010154,0x19C,0xAFAC0010,0xAFAB0010,-,-,Normalize actor positional audio compiler allocation,,,false
init_EB00,func_10010154,0x1A0,0xAFAE0018,0xAFAD0018,-,-,Normalize actor positional audio compiler allocation,,,false
init_EB00,func_10010154,0x1A4,0xAFAF001C,0xAFAE001C,-,-,Normalize actor positional audio compiler allocation,,,false
init_EB00,func_10010154,0x1A8,0xAFAD0014,0xAFAC0014,-,-,Normalize actor positional audio compiler allocation,,,false
init_EB00,func_10010154,0x1AC,0x9218003B,0x920F003B,-,-,Normalize actor positional audio compiler allocation,,,false
init_EB00,func_10010154,0x1B8,0x0301C825,0x01E1C025,-,-,Normalize actor positional audio compiler allocation,,,false
init_EB00,func_10010154,0x1BC,0x00075400,0x00074C00,-,-,Normalize actor positional audio compiler allocation,,,false
init_EB00,func_10010154,0x1C0,0x000A3C03,0x00093C03,-,-,Normalize actor positional audio compiler allocation,,,false
init_EB00,func_10010154,0x1C4,0xAFB90024,0xAFB80024,-,-,Normalize actor positional audio compiler allocation,,,false
init_8180,func_10008CE8,0x040,0xAFAE0030,0xAFAE0034,-,-,Normalize sequence replacement compiler stack allocation,,,false
init_8180,func_10008CE8,0x0DC,0xAFA90028,0xAFA9002C,-,-,Normalize sequence replacement compiler stack allocation,,,false
init_8180,func_10008CE8,0x0F4,0x8FAB0030,0x8FAB0034,-,-,Normalize sequence replacement compiler stack allocation,,,false
init_8180,func_10008CE8,0x18C,0x8FAB0028,0x8FAB002C,-,-,Normalize sequence replacement compiler stack allocation,,,false
init_8180,func_10008CE8,0x198,0x8FAF0030,0x8FAF0034,-,-,Normalize sequence replacement compiler stack allocation,,,false
init_B1B0,func_1000B638,0x01C,0x93AE0027,0x93B80027,-,-,Normalize threshold audio state compiler allocation,,,false
init_B1B0,func_1000B638,0x024,0x30F80002,0x30EE0002,-,-,Normalize threshold audio state compiler allocation,,,false
init_B1B0,func_1000B638,0x028,0x000E7880,0x0018C880,-,-,Normalize threshold audio state compiler allocation,,,false
init_B1B0,func_1000B638,0x02C,0x004F1021,0x00591021,-,-,Normalize threshold audio state compiler allocation,,,false
init_B1B0,func_1000B638,0x034,0x30F90001,0x30EF0001,-,-,Normalize threshold audio state compiler allocation,,,false
init_B1B0,func_1000B638,0x038,0xAFB80018,0xAFAE001C,-,-,Normalize threshold audio state compiler allocation,,,false
init_B1B0,func_1000B638,0x040,0x03203825,0x01E03825,-,-,Normalize threshold audio state compiler allocation,,,false
init_B1B0,func_1000B638,0x188,0x8FB80018,0x8FB8001C,-,-,Normalize threshold audio state compiler allocation,,,false
init_B1B0,func_1000B638,0x194,0x8FAE0018,0x8FAE001C,-,-,Normalize threshold audio state compiler allocation,,,false
init_B1B0,func_1000B638,0x1A8,0xAFAF0018,0xAFAF001C,-,-,Normalize threshold audio state compiler allocation,,,false
init_B1B0,func_1000B638,0x1E0,0xAFA00018,0xAFA0001C,-,-,Normalize threshold audio state compiler allocation,,,false
init_B1B0,func_1000B638,0x1E4,0x8FB90018,0x8FB9001C,-,-,Normalize threshold audio state compiler allocation,,,false
init_EB00,func_10010344,0x028,0x00004025,0x00001825,-,-,Normalize actor secondary audio compiler allocation,,,false
init_EB00,func_10010344,0x054,0x24080100,0x24030100,-,-,Normalize actor secondary audio compiler allocation,,,false
init_EB00,func_10010344,0x080,0x000B4040,0x90420000,-,R_MIPS_LO16:D_80041FD9,Normalize actor secondary audio compiler allocation,,,false
init_EB00,func_10010344,0x088,0x90420000,0x000B4040,R_MIPS_LO16:D_80041FD9,-,Normalize actor secondary audio compiler allocation,,,false
init_EB00,func_10010344,0x0C8,0x00404025,0x00401825,-,-,Normalize actor secondary audio compiler allocation,,,false
init_EB00,func_10010344,0x0D0,0xA602008C,0xA603008C,-,-,Normalize actor secondary audio compiler allocation,,,false
init_EB00,func_10010344,0x120,0x350C0100,0x346C0100,-,-,Normalize actor secondary audio compiler allocation,,,false
init_EB00,func_10010344,0x130,0x01804025,0x01801825,-,-,Normalize actor secondary audio compiler allocation,,,false
init_EB00,func_10010344,0x13C,0x350D0004,0x346D0004,-,-,Normalize actor secondary audio compiler allocation,,,false
init_EB00,func_10010344,0x14C,0x01A04025,0x01A01825,-,-,Normalize actor secondary audio compiler allocation,,,false
init_EB00,func_10010344,0x158,0xAFA80050,0xA7A70066,-,-,Normalize actor secondary audio compiler allocation,,,false
init_EB00,func_10010344,0x164,0xA7A70066,0xAFA40044,-,-,Normalize actor secondary audio compiler allocation,,,false
init_EB00,func_10010344,0x16C,0xAFA40044,0xAFA30050,-,-,Normalize actor secondary audio compiler allocation,,,false
init_EB00,func_10010344,0x1CC,0x8FA80050,0x8FA30050,-,-,Normalize actor secondary audio compiler allocation,,,false
init_EB00,func_10010344,0x1F0,0xAFA80028,0xAFA30028,-,-,Normalize actor secondary audio compiler allocation,,,false
init_EB00,func_10010344,0x1F4,0x00404025,0x00401825,-,-,Normalize actor secondary audio compiler allocation,,,false
init_EB00,func_10010344,0x1F8,0xA602008C,0xA603008C,-,-,Normalize actor secondary audio compiler allocation,,,false
init_EB00,func_10010344,0x1FC,0x01001025,0x00601025,-,-,Normalize actor secondary audio compiler allocation,,,false
init_B1B0,func_1000D758,0x03C,0x3C040000,0x3C050000,R_MIPS_HI16:D_800417B0,R_MIPS_HI16:D_800417B0,Normalize audio mix coordinator compiler allocation,,,false
init_B1B0,func_1000D758,0x040,0x3C050000,0x3C060000,R_MIPS_HI16:D_8002B074,R_MIPS_HI16:D_8002B074,Normalize audio mix coordinator compiler allocation,,,false
init_B1B0,func_1000D758,0x044,0x24A50000,0x24C60000,R_MIPS_LO16:D_8002B074,R_MIPS_LO16:D_8002B074,Normalize audio mix coordinator compiler allocation,,,false
init_B1B0,func_1000D758,0x048,0x24840000,0x24A50000,R_MIPS_LO16:D_800417B0,R_MIPS_LO16:D_800417B0,Normalize audio mix coordinator compiler allocation,,,false
init_B1B0,func_1000D758,0x054,0x240D0001,0x241F0001,-,-,Normalize audio mix coordinator compiler allocation,,,false
init_B1B0,func_1000D758,0x058,0x240C0002,0x240D0002,-,-,Normalize audio mix coordinator compiler allocation,,,false
init_B1B0,func_1000D758,0x05C,0x240B0004,0x240C0004,-,-,Normalize audio mix coordinator compiler allocation,,,false
init_B1B0,func_1000D758,0x060,0x240A0005,0x240B0005,-,-,Normalize audio mix coordinator compiler allocation,,,false
init_B1B0,func_1000D758,0x064,0x2406FF0F,0x240AFF0F,-,-,Normalize audio mix coordinator compiler allocation,,,false
init_B1B0,func_1000D758,0x068,0x8C820000,0x8CA20000,-,-,Normalize audio mix coordinator compiler allocation,,,false
init_B1B0,func_1000D758,0x080,0x00AFC021,0x00CFC021,-,-,Normalize audio mix coordinator compiler allocation,,,false
init_B1B0,func_1000D758,0x084,0x8F020004,0x8F040004,-,-,Normalize audio mix coordinator compiler allocation,,,false
init_B1B0,func_1000D758,0x090,0x30590040,0x30990040,-,-,Normalize audio mix coordinator compiler allocation,,,false
init_B1B0,func_1000D758,0x098,0x00461024,0x008A1024,-,-,Normalize audio mix coordinator compiler allocation,,,false
init_B1B0,func_1000D758,0x0A0,0x144A0004,0x144B0004,-,-,Normalize audio mix coordinator compiler allocation,,,false
init_B1B0,func_1000D758,0x0B4,0x104B0002,0x104C0002,-,-,Normalize audio mix coordinator compiler allocation,,,false
init_B1B0,func_1000D758,0x0CC,0x104D0002,0x105F0002,-,-,Normalize audio mix coordinator compiler allocation,,,false
init_B1B0,func_1000D758,0x0D4,0x144C0002,0x144D0002,-,-,Normalize audio mix coordinator compiler allocation,,,false
init_B1B0,func_1000D758,0x0EC,0x24840004,0x24A50004,-,-,Normalize audio mix coordinator compiler allocation,,,false
init_B1B0,func_1000D758,0x158,0x240D0001,0x241F0001,-,-,Normalize audio mix coordinator compiler allocation,,,false
init_B1B0,func_1000D758,0x15C,0x144D0013,0x145F0013,-,-,Normalize audio mix coordinator compiler allocation,,,false
init_8F90,func_100095A0,0x020,0xAFA20038,0xAFA2003C,-,-,Normalize audio task submission compiler allocation,,,false
init_8F90,func_100095A0,0x034,0x8FA70044,0x8FA20044,-,-,Normalize audio task submission compiler allocation,,,false
init_8F90,func_100095A0,0x038,0x8FA60038,0x8FA6003C,-,-,Normalize audio task submission compiler allocation,,,false
init_8F90,func_100095A0,0x040,0x10E0000A,0x1040000A,-,-,Normalize audio task submission compiler allocation,,,false
init_8F90,func_100095A0,0x048,0x84E50008,0x84450008,-,-,Normalize audio task submission compiler allocation,,,false
init_8F90,func_100095A0,0x04C,0x8CE40004,0x8C440004,-,-,Normalize audio task submission compiler allocation,,,false
init_8F90,func_100095A0,0x050,0xAFA60038,0xAFA6003C,-,-,Normalize audio task submission compiler allocation,,,false
init_8F90,func_100095A0,0x060,0xAFAF0028,0xAFAF0030,-,-,Normalize audio task submission compiler allocation,,,false
init_8F90,func_100095A0,0x064,0x8FA30028,0x8FA30030,-,-,Normalize audio task submission compiler allocation,,,false
init_8F90,func_100095A0,0x068,0x8FA60038,0x8FA6003C,-,-,Normalize audio task submission compiler allocation,,,false
init_8F90,func_100095A0,0x0CC,0x3C090000,0x3C080000,R_MIPS_HI16:D_8002AE4C,R_MIPS_HI16:D_8002AE4C,Normalize audio task submission compiler allocation,,,false
init_8F90,func_100095A0,0x0D4,0x01A67021,0x00CD1021,-,-,Normalize audio task submission compiler allocation,,,false
init_8F90,func_100095A0,0x0D8,0x31CF1FFF,0x304E1FFF,-,-,Normalize audio task submission compiler allocation,,,false
init_8F90,func_100095A0,0x0DC,0x55E00007,0x55C00007,-,-,Normalize audio task submission compiler allocation,,,false
init_8F90,func_100095A0,0x0E0,0x8E080000,0x8E190000,-,-,Normalize audio task submission compiler allocation,,,false
init_8F90,func_100095A0,0x0E4,0x8E180000,0x8E0F0000,-,-,Normalize audio task submission compiler allocation,,,false
init_8F90,func_100095A0,0x0EC,0x27190010,0x25F80010,-,-,Normalize audio task submission compiler allocation,,,false
init_8F90,func_100095A0,0x0F4,0xAE190004,0xAE180004,-,-,Normalize audio task submission compiler allocation,,,false
init_8F90,func_100095A0,0x0F8,0x8E080000,0x8E190000,-,-,Normalize audio task submission compiler allocation,,,false
init_8F90,func_100095A0,0x0FC,0xAE080004,0xAE190004,-,-,Normalize audio task submission compiler allocation,,,false
init_8F90,func_100095A0,0x100,0x8D290000,0x8D080000,R_MIPS_LO16:D_8002AE4C,R_MIPS_LO16:D_8002AE4C,Normalize audio task submission compiler allocation,,,false
init_8F90,func_100095A0,0x10C,0x00095080,0x00084880,-,-,Normalize audio task submission compiler allocation,,,false
init_8F90,func_100095A0,0x110,0x008A2021,0x00892021,-,-,Normalize audio task submission compiler allocation,,,false
init_8F90,func_100095A0,0x11C,0x8FAB0034,0x8FAA0034,-,-,Normalize audio task submission compiler allocation,,,false
init_8F90,func_100095A0,0x120,0x3C060000,0x3C050000,R_MIPS_HI16:D_8003E388,R_MIPS_HI16:D_8003E388,Normalize audio task submission compiler allocation,,,false
init_8F90,func_100095A0,0x124,0x24C60000,0x24A50000,R_MIPS_LO16:D_8003E388,R_MIPS_LO16:D_8003E388,Normalize audio task submission compiler allocation,,,false
init_8F90,func_100095A0,0x128,0x15600003,0x24060002,-,-,Normalize audio task submission compiler allocation,,,false
init_8F90,func_100095A0,0x12C,0x00401825,0x15400003,-,-,Normalize audio task submission compiler allocation,,,false
init_8F90,func_100095A0,0x130,0x10000039,0x00401825,-,-,Normalize audio task submission compiler allocation,,,false
init_8F90,func_100095A0,0x134,0x00001025,0x10000038,-,-,Normalize audio task submission compiler allocation,,,false
init_8F90,func_100095A0,0x138,0x3C0C0000,0x00001025,R_MIPS_HI16:D_8003E608,-,Normalize audio task submission compiler allocation,,,false
init_8F90,func_100095A0,0x13C,0x24040002,0x3C0B0000,-,R_MIPS_HI16:D_8003E608,Normalize audio task submission compiler allocation,,,false
init_8F90,func_100095A0,0x140,0x3C050000,0x3C040000,R_MIPS_HI16:D_8002AE4C,R_MIPS_HI16:D_8002AE4C,Normalize audio task submission compiler allocation,,,false
init_8F90,func_100095A0,0x144,0x258C0000,0x256B0000,R_MIPS_LO16:D_8003E608,R_MIPS_LO16:D_8003E608,Normalize audio task submission compiler allocation,,,false
init_8F90,func_100095A0,0x148,0x260D0070,0x260C0070,-,-,Normalize audio task submission compiler allocation,,,false
init_8F90,func_100095A0,0x14C,0x24A50000,0x24840000,R_MIPS_LO16:D_8002AE4C,R_MIPS_LO16:D_8002AE4C,Normalize audio task submission compiler allocation,,,false
init_8F90,func_100095A0,0x154,0xAE0C0068,0xAE0B0068,-,-,Normalize audio task submission compiler allocation,,,false
init_8F90,func_100095A0,0x158,0xAE0D006C,0xAE0C006C,-,-,Normalize audio task submission compiler allocation,,,false
init_8F90,func_100095A0,0x15C,0xAE04001C,0xAE06001C,-,-,Normalize audio task submission compiler allocation,,,false
init_8F90,func_100095A0,0x164,0x8CAE0000,0x8C8D0000,-,-,Normalize audio task submission compiler allocation,,,false
init_8F90,func_100095A0,0x170,0x000E7880,0x000D7080,-,-,Normalize audio task submission compiler allocation,,,false
init_8F90,func_100095A0,0x174,0x00CFC021,0x00AE7821,-,-,Normalize audio task submission compiler allocation,,,false
init_8F90,func_100095A0,0x178,0x8F190000,0x8DF80000,-,-,Normalize audio task submission compiler allocation,,,false
init_8F90,func_100095A0,0x17C,0x3C0F0000,0x3C0E0000,R_MIPS_HI16:D_100291A0,R_MIPS_HI16:D_100291A0,Normalize audio task submission compiler allocation,,,false
init_8F90,func_100095A0,0x180,0x25EF0000,0x25CE0000,R_MIPS_LO16:D_100291A0,R_MIPS_LO16:D_100291A0,Normalize audio task submission compiler allocation,,,false
init_8F90,func_100095A0,0x184,0xAE190058,0xAE180058,-,-,Normalize audio task submission compiler allocation,,,false
init_8F90,func_100095A0,0x188,0x8CA80000,0x8C990000,-,-,Normalize audio task submission compiler allocation,,,false
init_8F90,func_100095A0,0x18C,0x3C190000,0x3C180000,R_MIPS_HI16:D_100291A0_pass2,R_MIPS_HI16:D_100291A0,Normalize audio task submission compiler allocation,,,false
init_8F90,func_100095A0,0x190,0x01E2C023,0x01C27823,-,-,Normalize audio task submission compiler allocation,,,false
init_8F90,func_100095A0,0x194,0x00084880,0x00194080,-,-,Normalize audio task submission compiler allocation,,,false
init_8F90,func_100095A0,0x198,0x00C95021,0x00A84821,-,-,Normalize audio task submission compiler allocation,,,false
init_8F90,func_100095A0,0x19C,0x8D4B0000,0x8D2A0000,-,-,Normalize audio task submission compiler allocation,,,false
init_8F90,func_100095A0,0x1A0,0x3C080000,0x3C190000,R_MIPS_HI16:D_8002C960,R_MIPS_HI16:D_8002C960,Normalize audio task submission compiler allocation,,,false
init_8F90,func_100095A0,0x1A4,0x27390000,0x27180000,R_MIPS_LO16:D_100291A0_pass2,R_MIPS_LO16:D_100291A0,Normalize audio task submission compiler allocation,,,false
init_8F90,func_100095A0,0x1A8,0x006B6023,0x006A5823,-,-,Normalize audio task submission compiler allocation,,,false
init_8F90,func_100095A0,0x1AC,0x000C68C3,0x000B60C3,-,-,Normalize audio task submission compiler allocation,,,false
init_8F90,func_100095A0,0x1B0,0x000D70C0,0x000C68C0,-,-,Normalize audio task submission compiler allocation,,,false
init_8F90,func_100095A0,0x1B4,0x25080000,0x27390000,R_MIPS_LO16:D_8002C960,R_MIPS_LO16:D_8002C960,Normalize audio task submission compiler allocation,,,false
init_8F90,func_100095A0,0x1B8,0x24090800,0x24080800,-,-,Normalize audio task submission compiler allocation,,,false
init_8F90,func_100095A0,0x1BC,0x240A0400,0x24090400,-,-,Normalize audio task submission compiler allocation,,,false
init_8F90,func_100095A0,0x1C0,0xAE0E005C,0xAE0D005C,-,-,Normalize audio task submission compiler allocation,,,false
init_8F90,func_100095A0,0x1C4,0xAE040028,0xAE060028,-,-,Normalize audio task submission compiler allocation,,,false
init_8F90,func_100095A0,0x1CC,0xAE180034,0xAE0F0034,-,-,Normalize audio task submission compiler allocation,,,false
init_8F90,func_100095A0,0x1D4,0xAE190038,0xAE180038,-,-,Normalize audio task submission compiler allocation,,,false
init_8F90,func_100095A0,0x1D8,0xAE080040,0xAE190040,-,-,Normalize audio task submission compiler allocation,,,false
init_8F90,func_100095A0,0x1DC,0xAE090044,0xAE080044,-,-,Normalize audio task submission compiler allocation,,,false
init_8F90,func_100095A0,0x1E8,0xAE0A0064,0xAE090064,-,-,Normalize audio task submission compiler allocation,,,false
init_8F90,func_100095A0,0x200,0x3C0B0000,0x3C0A0000,R_MIPS_HI16:D_8002AE4C,R_MIPS_HI16:D_8002AE4C,Normalize audio task submission compiler allocation,,,false
init_8F90,func_100095A0,0x204,0x8D6B0000,0x8D4A0000,R_MIPS_LO16:D_8002AE4C,R_MIPS_LO16:D_8002AE4C,Normalize audio task submission compiler allocation,,,false
init_8F90,func_100095A0,0x210,0x396C0001,0x394B0001,-,-,Normalize audio task submission compiler allocation,,,false
init_8F90,func_100095A0,0x214,0xAC2C0000,0xAC2B0000,R_MIPS_LO16:D_8002AE4C,R_MIPS_LO16:D_8002AE4C,Normalize audio task submission compiler allocation,,,false
init_B1B0,func_1000BCBC,0x064,0x8FA90020,0x8FAA0020,-,-,Normalize music control callback compiler allocation,,,false
init_B1B0,func_1000BCBC,0x0A8,0x1000002C,0x1000002D,-,-,Normalize music control callback compiler allocation,,,false
init_B1B0,func_1000BCBC,0x14C,0x24C60004,0x00C04025,-,-,Normalize music control callback compiler allocation,,,false
init_B1B0,func_1000BCBC,0x150,0x44D9F800,0x25060004,-,-,Normalize music control callback compiler allocation,,,false
init_B1B0,func_1000BCBC,0x154,0x30C800FF,0x44D9F800,-,-,Normalize music control callback compiler allocation,,,false
init_B1B0,func_1000BCBC,0x158,0x01003025,0x30C900FF,-,-,Normalize music control callback compiler allocation,,,false
init_B1B0,func_1000BCBC,0x15C,0x51260004,0x01203025,-,-,Normalize music control callback compiler allocation,,,false
init_B1B0,func_1000BCBC,0x160,0x00002025,0x51460004,-,-,Normalize music control callback compiler allocation,,,false
init_B1B0,func_1000BCBC,0x164,0x0C000000,0x00002025,R_MIPS_26:func_1000886C,-,Normalize music control callback compiler allocation,,,false
init_B1B0,func_1000BCBC,0x168,0x24050003,0x0C000000,-,R_MIPS_26:func_1000886C,Normalize music control callback compiler allocation,,,false
init_B1B0,func_1000BCBC,0x16C,0x00002025,0x24050003,-,-,Normalize music control callback compiler allocation,,,false
init_B1B0,func_1000BCBC,0x170,0x0C000000,0x00002025,R_MIPS_26:func_150A29C8,-,Normalize music control callback compiler allocation,,,false
init_B1B0,func_1000BCBC,0x174,0x24054041,0x0C000000,-,R_MIPS_26:func_150A29C8,Normalize music control callback compiler allocation,,,false
init_B1B0,func_1000BCBC,0x178,0x1440003B,0x24054041,-,-,Normalize music control callback compiler allocation,,,false
init_B1B0,func_1000BCBC,0x17C,0x93A40027,0x1440003A,-,-,Normalize music control callback compiler allocation,,,false
init_B1B0,func_1000BCBC,0x180,0x3C010000,0x93A40027,R_MIPS_HI16:D_8002C230,-,Normalize music control callback compiler allocation,,,false
init_B1B0,func_1000BCBC,0x184,0xC4220000,0x3C010000,R_MIPS_LO16:D_8002C230,R_MIPS_HI16:D_8002C230,Normalize music control callback compiler allocation,,,false
init_B1B0,func_1000BCBC,0x188,0xC7B0002C,0xC42C0000,-,R_MIPS_LO16:D_8002C230,Normalize music control callback compiler allocation,,,false
init_B1B0,func_1000BCBC,0x18C,0x3C010000,0xC7B0002C,R_MIPS_HI16:D_8002C234,-,Normalize music control callback compiler allocation,,,false
init_B1B0,func_1000BCBC,0x190,0xC7B2002C,0x3C010000,-,R_MIPS_HI16:D_8002C234,Normalize music control callback compiler allocation,,,false
init_B1B0,func_1000BCBC,0x194,0x4610103C,0x4610603C,-,-,Normalize music control callback compiler allocation,,,false
init_B1B0,func_1000BCBC,0x198,0x00000000,0x46106081,-,-,Normalize music control callback compiler allocation,,,false
init_B1B0,func_1000BCBC,0x19C,0x45020004,0x45000003,-,-,Normalize music control callback compiler allocation,,,false
init_B1B0,func_1000BCBC,0x1A0,0x46121101,0x00000000,-,-,Normalize music control callback compiler allocation,,,false
init_B1B0,func_1000BCBC,0x1AC,0x46121101,0xC4320000,-,R_MIPS_LO16:D_8002C234,Normalize music control callback compiler allocation,,,false
init_B1B0,func_1000BCBC,0x1B0,0xC4260000,0x3C01435F,R_MIPS_LO16:D_8002C234,-,Normalize music control callback compiler allocation,,,false
init_B1B0,func_1000BCBC,0x1B4,0x3C01435F,0x44812000,-,-,Normalize music control callback compiler allocation,,,false
init_B1B0,func_1000BCBC,0x1B8,0x44814000,0x46121002,-,-,Normalize music control callback compiler allocation,,,false
init_B1B0,func_1000BCBC,0x1BC,0x46062002,0x24060001,-,-,Normalize music control callback compiler allocation,,,false
init_B1B0,func_1000BCBC,0x1C0,0x24060001,0x4600203E,-,-,Normalize music control callback compiler allocation,,,false
init_B1B0,func_1000BCBC,0x1C4,0x4600403E,0x00000000,-,-,Normalize music control callback compiler allocation,,,false
init_B1B0,func_1000BCBC,0x1C8,0x00000000,0x45020004,-,-,Normalize music control callback compiler allocation,,,false
init_B1B0,func_1000BCBC,0x1CC,0x45020004,0x444BF800,-,-,Normalize music control callback compiler allocation,,,false
init_B1B0,func_1000BCBC,0x1D0,0x444AF800,0x10000026,-,-,Normalize music control callback compiler allocation,,,false
init_B1B0,func_1000BCBC,0x1D4,0x10000025,0x240600FF,-,-,Normalize music control callback compiler allocation,,,false
init_B1B0,func_1000BCBC,0x1D8,0x240600FF,0x444BF800,-,-,Normalize music control callback compiler allocation,,,false
init_B1B0,func_1000BCBC,0x1DC,0x444AF800,0x44C6F800,-,-,Normalize music control callback compiler allocation,,,false
init_B1B0,func_1000BCBC,0x1E0,0x44C6F800,0x3C014F00,-,-,Normalize music control callback compiler allocation,,,false
init_B1B0,func_1000BCBC,0x1E4,0x3C014F00,0x460001A4,-,-,Normalize music control callback compiler allocation,,,false
init_B1B0,func_1000BCBC,0x1E8,0x460002A4,0x4446F800,-,-,Normalize music control callback compiler allocation,,,false
init_B1B0,func_1000BCBC,0x1EC,0x4446F800,0x00000000,-,-,Normalize music control callback compiler allocation,,,false
init_B1B0,func_1000BCBC,0x1F0,0x00000000,0x30C60078,-,-,Normalize music control callback compiler allocation,,,false
init_B1B0,func_1000BCBC,0x1F4,0x30C60078,0x50C00013,-,-,Normalize music control callback compiler allocation,,,false
init_B1B0,func_1000BCBC,0x1F8,0x50C00013,0x44063000,-,-,Normalize music control callback compiler allocation,,,false
init_B1B0,func_1000BCBC,0x1FC,0x44065000,0x44813000,-,-,Normalize music control callback compiler allocation,,,false
init_B1B0,func_1000BCBC,0x200,0x44815000,0x24060001,-,-,Normalize music control callback compiler allocation,,,false
init_B1B0,func_1000BCBC,0x204,0x24060001,0x46060181,-,-,Normalize music control callback compiler allocation,,,false
init_B1B0,func_1000BCBC,0x208,0x460A0281,0x44C6F800,-,-,Normalize music control callback compiler allocation,,,false
init_B1B0,func_1000BCBC,0x20C,0x44C6F800,0x00000000,-,-,Normalize music control callback compiler allocation,,,false
init_B1B0,func_1000BCBC,0x210,0x00000000,0x460031A4,-,-,Normalize music control callback compiler allocation,,,false
init_B1B0,func_1000BCBC,0x214,0x460052A4,0x4446F800,-,-,Normalize music control callback compiler allocation,,,false
init_B1B0,func_1000BCBC,0x218,0x4446F800,0x00000000,-,-,Normalize music control callback compiler allocation,,,false
init_B1B0,func_1000BCBC,0x21C,0x00000000,0x30C60078,-,-,Normalize music control callback compiler allocation,,,false
init_B1B0,func_1000BCBC,0x220,0x30C60078,0x14C00005,-,-,Normalize music control callback compiler allocation,,,false
init_B1B0,func_1000BCBC,0x224,0x14C00005,0x00000000,-,-,Normalize music control callback compiler allocation,,,false
init_B1B0,func_1000BCBC,0x228,0x00000000,0x44063000,-,-,Normalize music control callback compiler allocation,,,false
init_B1B0,func_1000BCBC,0x22C,0x44065000,0x3C018000,-,-,Normalize music control callback compiler allocation,,,false
init_B1B0,func_1000BCBC,0x230,0x3C018000,0x10000007,-,-,Normalize music control callback compiler allocation,,,false
init_B1B0,func_1000BCBC,0x234,0x10000007,0x00C13025,-,-,Normalize music control callback compiler allocation,,,false
init_B1B0,func_1000BCBC,0x238,0x00C13025,0x10000005,-,-,Normalize music control callback compiler allocation,,,false
init_B1B0,func_1000BCBC,0x23C,0x10000005,0x2406FFFF,-,-,Normalize music control callback compiler allocation,,,false
init_B1B0,func_1000BCBC,0x240,0x2406FFFF,0x44063000,-,-,Normalize music control callback compiler allocation,,,false
init_B1B0,func_1000BCBC,0x244,0x44065000,0x00000000,-,-,Normalize music control callback compiler allocation,,,false
init_B1B0,func_1000BCBC,0x248,0x00000000,0x04C0FFFB,-,-,Normalize music control callback compiler allocation,,,false
init_B1B0,func_1000BCBC,0x24C,0x04C0FFFB,0x00000000,-,-,Normalize music control callback compiler allocation,,,false
init_B1B0,func_1000BCBC,0x250,0x00000000,0x00C06025,-,-,Normalize music control callback compiler allocation,,,false
init_B1B0,func_1000BCBC,0x254,0x24C60020,0x25860020,-,-,Normalize music control callback compiler allocation,,,false
init_B1B0,func_1000BCBC,0x258,0x30CB00FF,0x30CD00FF,-,-,Normalize music control callback compiler allocation,,,false
init_B1B0,func_1000BCBC,0x25C,0x44CAF800,0x44CBF800,-,-,Normalize music control callback compiler allocation,,,false
init_B1B0,func_1000BCBC,0x264,0x01603025,0x01A03025,-,-,Normalize music control callback compiler allocation,,,false
init_1050,func_10001194,0x0A8,0x3C100001,0x3C040001,-,-,Normalize boot loader compiler allocation,,,false
init_1050,func_10001194,0x0AC,0x3610ECC0,0x3484ECC0,-,-,Normalize boot loader compiler allocation,,,false
init_1050,func_10001194,0x0B0,0x02002025,0x240500FF,-,-,Normalize boot loader compiler allocation,,,false
init_1050,func_10001194,0x0B4,0x240500FF,0x24060003,-,-,Normalize boot loader compiler allocation,,,false
init_1050,func_10001194,0x0B8,0x24060003,0x24070001,-,-,Normalize boot loader compiler allocation,,,false
init_1050,func_10001194,0x0BC,0x24070001,0x0C000000,-,R_MIPS_26:func_10003C6C,Normalize boot loader compiler allocation,,,false
init_1050,func_10001194,0x0C0,0x0C000000,0xAFA00010,R_MIPS_26:func_10003C6C,-,Normalize boot loader compiler allocation,,,false
init_1050,func_10001194,0x0C4,0xAFA00010,0x3C100000,-,R_MIPS_HI16:D_8002AAE8,Normalize boot loader compiler allocation,,,false
init_1050,func_10001194,0x0C8,0x3C010000,0x26100000,R_MIPS_HI16:D_8002AAE8,R_MIPS_LO16:D_8002AAE8,Normalize boot loader compiler allocation,,,false
init_1050,func_10001194,0x0CC,0xAC220000,0x3C040001,R_MIPS_LO16:D_8002AAE8,-,Normalize boot loader compiler allocation,,,false
init_1050,func_10001194,0x0D0,0x02002025,0xAE020000,-,-,Normalize boot loader compiler allocation,,,false
init_1050,func_10001194,0x0D4,0x240500FF,0x3484ECC0,-,-,Normalize boot loader compiler allocation,,,false
init_1050,func_10001194,0x0D8,0x24060003,0x240500FF,-,-,Normalize boot loader compiler allocation,,,false
init_1050,func_10001194,0x0DC,0x24070001,0x24060003,-,-,Normalize boot loader compiler allocation,,,false
init_1050,func_10001194,0x0E0,0x0C000000,0x24070001,R_MIPS_26:func_10003C6C,-,Normalize boot loader compiler allocation,,,false
init_1050,func_10001194,0x0E4,0xAFA00010,0x0C000000,-,R_MIPS_26:func_10003C6C,Normalize boot loader compiler allocation,,,false
init_1050,func_10001194,0x0E8,0x3C010000,0xAFA00010,R_MIPS_HI16:D_8002AAE8,-,Normalize boot loader compiler allocation,,,false
init_1050,func_10001194,0x0EC,0xAC220004,0xAE020004,R_MIPS_LO16:D_8002AAE8,-,Normalize boot loader compiler allocation,,,false
init_1050,func_10001194,0x0FC,0x36102450,0x26102450,-,-,Normalize boot loader compiler allocation,,,false
init_1050,func_10001194,0x120,0x3C0D0019,0x3C0D001A,-,-,Normalize boot loader compiler allocation,,,false
init_1050,func_10001194,0x124,0x35ADEA88,0x25ADEA88,-,-,Normalize boot loader compiler allocation,,,false
init_1050,func_10001194,0x128,0x01901821,0x01901021,-,-,Normalize boot loader compiler allocation,,,false
init_1050,func_10001194,0x12C,0x01A32023,0x01A21823,-,-,Normalize boot loader compiler allocation,,,false
init_1050,func_10001194,0x130,0xAFA4002C,0x00602025,-,-,Normalize boot loader compiler allocation,,,false
init_1050,func_10001194,0x134,0xAFA30048,0xAFA30028,-,-,Normalize boot loader compiler allocation,,,false
init_1050,func_10001194,0x138,0x24050001,0xAFA20044,-,-,Normalize boot loader compiler allocation,,,false
init_1050,func_10001194,0x13C,0x24060002,0x24050001,-,-,Normalize boot loader compiler allocation,,,false
init_1050,func_10001194,0x140,0x0C000000,0x24060002,R_MIPS_26:allocate_memory,-,Normalize boot loader compiler allocation,,,false
init_1050,func_10001194,0x144,0x00003825,0x0C000000,-,R_MIPS_26:allocate_memory,Normalize boot loader compiler allocation,,,false
init_1050,func_10001194,0x148,0xAFA20044,0x00003825,-,-,Normalize boot loader compiler allocation,,,false
init_1050,func_10001194,0x14C,0x8FA40048,0xAFA20040,-,-,Normalize boot loader compiler allocation,,,false
init_1050,func_10001194,0x150,0x00402825,0x8FA40044,-,-,Normalize boot loader compiler allocation,,,false
init_1050,func_10001194,0x154,0x8FA6002C,0x00402825,-,-,Normalize boot loader compiler allocation,,,false
init_1050,func_10001194,0x158,0x0C000000,0x8FA60028,R_MIPS_26:func_10004514,-,Normalize boot loader compiler allocation,,,false
init_1050,func_10001194,0x15C,0x24070001,0x0C000000,-,R_MIPS_26:func_10004514,Normalize boot loader compiler allocation,,,false
init_1050,func_10001194,0x160,0x3C050000,0x24070001,R_MIPS_HI16:D_80082B20,-,Normalize boot loader compiler allocation,,,false
init_1050,func_10001194,0x164,0x3C060000,0x3C050000,R_MIPS_HI16:D_8003809C,R_MIPS_HI16:D_80082B20,Normalize boot loader compiler allocation,,,false
init_1050,func_10001194,0x168,0x8CC60000,0x3C060000,R_MIPS_LO16:D_8003809C,R_MIPS_HI16:D_8003809C,Normalize boot loader compiler allocation,,,false
init_1050,func_10001194,0x16C,0x24A50000,0x8CC60000,R_MIPS_LO16:D_80082B20,R_MIPS_LO16:D_8003809C,Normalize boot loader compiler allocation,,,false
init_1050,func_10001194,0x170,0x0C000000,0x24A50000,R_MIPS_26:func_10006240,R_MIPS_LO16:D_80082B20,Normalize boot loader compiler allocation,,,false
init_1050,func_10001194,0x174,0x8FA40044,0x0C000000,-,R_MIPS_26:func_10006240,Normalize boot loader compiler allocation,,,false
init_1050,func_10001194,0x178,0x0C000000,0x8FA40040,R_MIPS_26:func_10004074,-,Normalize boot loader compiler allocation,,,false
init_1050,func_10001194,0x17C,0x8FA40044,0x0C000000,-,R_MIPS_26:func_10004074,Normalize boot loader compiler allocation,,,false
init_1050,func_10001194,0x180,0x3C0E0000,0x8FA40040,R_MIPS_HI16:D_151FA130,-,Normalize boot loader compiler allocation,,,false
init_1050,func_10001194,0x184,0x3C0F0000,0x3C0E0000,R_MIPS_HI16:func_15000000,R_MIPS_HI16:D_80033330,Normalize boot loader compiler allocation,,,false
init_1050,func_10001194,0x188,0x25EF0000,0x25CE0000,R_MIPS_LO16:func_15000000,R_MIPS_LO16:D_80033330,Normalize boot loader compiler allocation,,,false
init_1050,func_10001194,0x18C,0x25CE0000,0x25CF000F,R_MIPS_LO16:D_151FA130,-,Normalize boot loader compiler allocation,,,false
init_1050,func_10001194,0x190,0x01CF5023,0x3C0E0000,-,R_MIPS_HI16:func_15000000,Normalize boot loader compiler allocation,,,false
init_1050,func_10001194,0x194,0x3C190000,0x3C0D0000,R_MIPS_HI16:D_80033330,R_MIPS_HI16:D_151FA130,Normalize boot loader compiler allocation,,,false
init_1050,func_10001194,0x198,0x254A0FFF,0x25AD0000,-,R_MIPS_LO16:D_151FA130,Normalize boot loader compiler allocation,,,false
init_1050,func_10001194,0x19C,0x27390000,0x25CE0000,R_MIPS_LO16:D_80033330,R_MIPS_LO16:func_15000000,Normalize boot loader compiler allocation,,,false
init_1050,func_10001194,0x1A0,0x000AC302,0x2403FFF0,-,-,Normalize boot loader compiler allocation,,,false
init_1050,func_10001194,0x1A4,0x272B000F,0x01AE1023,-,-,Normalize boot loader compiler allocation,,,false
init_1050,func_10001194,0x1A8,0x2401FFF0,0x01E3C024,-,-,Normalize boot loader compiler allocation,,,false
init_1050,func_10001194,0x1AC,0x01616024,0x24420FFF,-,-,Normalize boot loader compiler allocation,,,false
init_1050,func_10001194,0x1B0,0x03005025,0x3C010000,-,R_MIPS_HI16:D_800354F8,Normalize boot loader compiler allocation,,,false
init_1050,func_10001194,0x1B4,0x3C010000,0x3C190000,R_MIPS_HI16:D_800354F8,R_MIPS_HI16:D_80032B30,Normalize boot loader compiler allocation,,,false
init_1050,func_10001194,0x1B8,0x3C0D0000,0x00027B02,R_MIPS_HI16:D_80032B30,-,Normalize boot loader compiler allocation,,,false
init_1050,func_10001194,0x1BC,0x27060002,0xAC380000,-,R_MIPS_LO16:D_800354F8,Normalize boot loader compiler allocation,,,false
init_1050,func_10001194,0x1C0,0xAC2C0000,0x27390000,R_MIPS_LO16:D_800354F8,R_MIPS_LO16:D_80032B30,Normalize boot loader compiler allocation,,,false
init_1050,func_10001194,0x1C4,0x25AD0000,0x25E60002,R_MIPS_LO16:D_80032B30,-,Normalize boot loader compiler allocation,,,false
init_1050,func_10001194,0x1C8,0x0006C080,0x272B000F,-,-,Normalize boot loader compiler allocation,,,false
init_1050,func_10001194,0x1CC,0x3C090000,0x0006C080,R_MIPS_HI16:D_800354FC,-,Normalize boot loader compiler allocation,,,false
init_1050,func_10001194,0x1D0,0x25AE000F,0x3C090000,-,R_MIPS_HI16:D_800354FC,Normalize boot loader compiler allocation,,,false
init_1050,func_10001194,0x1D4,0x2401FFF0,0x2706000F,-,-,Normalize boot loader compiler allocation,,,false
init_1050,func_10001194,0x1D8,0x2706000F,0x25290000,-,R_MIPS_LO16:D_800354FC,Normalize boot loader compiler allocation,,,false
init_1050,func_10001194,0x1DC,0x25290000,0x01632824,R_MIPS_LO16:D_800354FC,-,Normalize boot loader compiler allocation,,,false
init_1050,func_10001194,0x1E0,0x01C12824,0x25EA0001,-,-,Normalize boot loader compiler allocation,,,false
init_1050,func_10001194,0x1E8,0x3C040004,0xAD250000,-,-,Normalize boot loader compiler allocation,,,false
init_1050,func_10001194,0x1EC,0xAD250000,0x3B26000F,-,-,Normalize boot loader compiler allocation,,,false
init_1050,func_10001194,0x1F0,0x34842454,0xAFAA004C,-,-,Normalize boot loader compiler allocation,,,false
init_1050,func_10001194,0x1F4,0x3B26000F,0xAFAA0028,-,-,Normalize boot loader compiler allocation,,,false
init_1050,func_10001194,0x1F8,0xAFAA002C,0x26040004,-,-,Normalize boot loader compiler allocation,,,false
init_1050,func_10001194,0x204,0x8FAA002C,0x8FAA0028,-,-,Normalize boot loader compiler allocation,,,false
init_1050,func_10001194,0x210,0x25480001,0x8FA8004C,-,-,Normalize boot loader compiler allocation,,,false
init_1050,func_10001194,0x214,0x1100000E,0x1140000E,-,-,Normalize boot loader compiler allocation,,,false
init_EB00,func_10010BE8,0x000,0x27BDFFA0,0x27BDFFB0,-,-,Normalize sound slot dispatcher compiler allocation,,,false
init_EB00,func_10010BE8,0x004,0xAFBF002C,0xAFA40050,-,-,Normalize sound slot dispatcher compiler allocation,,,false
init_EB00,func_10010BE8,0x008,0xAFB10028,0x308EFFFF,-,-,Normalize sound slot dispatcher compiler allocation,,,false
init_EB00,func_10010BE8,0x00C,0xAFB00024,0x01C02025,-,-,Normalize sound slot dispatcher compiler allocation,,,false
init_EB00,func_10010BE8,0x010,0xAFA50064,0xAFBF002C,-,-,Normalize sound slot dispatcher compiler allocation,,,false
init_EB00,func_10010BE8,0x014,0xAFA60068,0xAFB10028,-,-,Normalize sound slot dispatcher compiler allocation,,,false
init_EB00,func_10010BE8,0x018,0xAFA7006C,0xAFB00024,-,-,Normalize sound slot dispatcher compiler allocation,,,false
init_EB00,func_10010BE8,0x01C,0x308EFFFF,0xAFA50054,-,-,Normalize sound slot dispatcher compiler allocation,,,false
init_EB00,func_10010BE8,0x020,0xAFAE0048,0xAFA60058,-,-,Normalize sound slot dispatcher compiler allocation,,,false
init_EB00,func_10010BE8,0x024,0x8FA40048,0xAFA7005C,-,-,Normalize sound slot dispatcher compiler allocation,,,false
init_EB00,func_10010BE8,0x028,0x3C180000,0x3091000F,R_MIPS_HI16:D_800425E0,-,Normalize sound slot dispatcher compiler allocation,,,false
init_EB00,func_10010BE8,0x02C,0x27180000,0x00117880,R_MIPS_LO16:D_800425E0,-,Normalize sound slot dispatcher compiler allocation,,,false
init_EB00,func_10010BE8,0x030,0x3091000F,0x01F17823,-,-,Normalize sound slot dispatcher compiler allocation,,,false
init_EB00,func_10010BE8,0x034,0x00117880,0x3C180000,-,R_MIPS_HI16:D_800425E0,Normalize sound slot dispatcher compiler allocation,,,false
init_EB00,func_10010BE8,0x038,0x01F17823,0x27180000,-,R_MIPS_LO16:D_800425E0,Normalize sound slot dispatcher compiler allocation,,,false
init_EB00,func_10010BE8,0x060,0x97AE006A,0x97B8005A,-,-,Normalize sound slot dispatcher compiler allocation,,,false
init_EB00,func_10010BE8,0x070,0x97AE006A,0x97B8005A,-,-,Normalize sound slot dispatcher compiler allocation,,,false
init_EB00,func_10010BE8,0x0E0,0x97AE006A,0x97B8005A,-,-,Normalize sound slot dispatcher compiler allocation,,,false
init_EB00,func_10010BE8,0x0E4,0x24110001,0x26310001,-,-,Normalize sound slot dispatcher compiler allocation,,,false
init_EB00,func_10010BE8,0x0E8,0x2A210010,0x2E210010,-,-,Normalize sound slot dispatcher compiler allocation,,,false
init_EB00,func_10010BE8,0x0F0,0x3C100000,0x00115880,R_MIPS_HI16:D_800425E0,-,Normalize sound slot dispatcher compiler allocation,,,false
init_EB00,func_10010BE8,0x0F4,0x2610000C,0x01715823,R_MIPS_LO16:D_800425E0,-,Normalize sound slot dispatcher compiler allocation,,,false
init_EB00,func_10010BE8,0x0F8,0x8E0B0008,0x3C0C0000,-,R_MIPS_HI16:D_800425E0,Normalize sound slot dispatcher compiler allocation,,,false
init_EB00,func_10010BE8,0x0FC,0x51600006,0x258C0000,-,R_MIPS_LO16:D_800425E0,Normalize sound slot dispatcher compiler allocation,,,false
init_EB00,func_10010BE8,0x100,0x960C0004,0x000B5880,-,-,Normalize sound slot dispatcher compiler allocation,,,false
init_EB00,func_10010BE8,0x104,0x0C000000,0x016C8021,R_MIPS_26:func_100173C4,-,Normalize sound slot dispatcher compiler allocation,,,false
init_EB00,func_10010BE8,0x108,0x26040008,0x8E0D0008,-,-,Normalize sound slot dispatcher compiler allocation,,,false
init_EB00,func_10010BE8,0x10C,0x54400006,0x51A00006,-,-,Normalize sound slot dispatcher compiler allocation,,,false
init_EB00,func_10010BE8,0x110,0x26310001,0x960E0004,-,-,Normalize sound slot dispatcher compiler allocation,,,false
init_EB00,func_10010BE8,0x114,0x960C0004,0x0C000000,-,R_MIPS_26:func_100173C4,Normalize sound slot dispatcher compiler allocation,,,false
init_EB00,func_10010BE8,0x118,0x318D8000,0x26040008,-,-,Normalize sound slot dispatcher compiler allocation,,,false
init_EB00,func_10010BE8,0x11C,0x51A00006,0x5440FFF2,-,-,Normalize sound slot dispatcher compiler allocation,,,false
init_EB00,func_10010BE8,0x120,0x97AE006A,0x26310001,-,-,Normalize sound slot dispatcher compiler allocation,,,false
init_EB00,func_10010BE8,0x124,0x26310001,0x960E0004,-,-,Normalize sound slot dispatcher compiler allocation,,,false
init_EB00,func_10010BE8,0x128,0x2A210010,0x31CF8000,-,-,Normalize sound slot dispatcher compiler allocation,,,false
init_EB00,func_10010BE8,0x12C,0x1420FFF2,0x55E0FFEE,-,-,Normalize sound slot dispatcher compiler allocation,,,false
init_EB00,func_10010BE8,0x130,0x2610000C,0x26310001,-,-,Normalize sound slot dispatcher compiler allocation,,,false
init_EB00,func_10010BE8,0x134,0x97AE006A,0x97B8005A,-,-,Normalize sound slot dispatcher compiler allocation,,,false
init_EB00,func_10010BE8,0x138,0x29C10064,0x2B010064,-,-,Normalize sound slot dispatcher compiler allocation,,,false
init_EB00,func_10010BE8,0x140,0x2A210010,0x2E210010,-,-,Normalize sound slot dispatcher compiler allocation,,,false
init_EB00,func_10010BE8,0x14C,0x2A210010,0x2E210010,-,-,Normalize sound slot dispatcher compiler allocation,,,false
init_EB00,func_10010BE8,0x154,0x8FAF0064,0x8FB90054,-,-,Normalize sound slot dispatcher compiler allocation,,,false
init_EB00,func_10010BE8,0x160,0x15E00003,0x17200003,-,-,Normalize sound slot dispatcher compiler allocation,,,false
init_EB00,func_10010BE8,0x164,0x8FA90064,0x8FA90054,-,-,Normalize sound slot dispatcher compiler allocation,,,false
init_EB00,func_10010BE8,0x170,0x31387FFF,0x312B7FFF,-,-,Normalize sound slot dispatcher compiler allocation,,,false
init_EB00,func_10010BE8,0x174,0x2B0106E3,0x296106E3,-,-,Normalize sound slot dispatcher compiler allocation,,,false
init_EB00,func_10010BE8,0x17C,0x03004825,0x01604825,-,-,Normalize sound slot dispatcher compiler allocation,,,false
init_EB00,func_10010BE8,0x188,0x0011C880,0x00116080,-,-,Normalize sound slot dispatcher compiler allocation,,,false
init_EB00,func_10010BE8,0x18C,0x0331C823,0x01916023,-,-,Normalize sound slot dispatcher compiler allocation,,,false
init_EB00,func_10010BE8,0x190,0x3C0B0000,0x3C0D0000,R_MIPS_HI16:D_800425E0,R_MIPS_HI16:D_800425E0,Normalize sound slot dispatcher compiler allocation,,,false
init_EB00,func_10010BE8,0x194,0x256B0000,0x25AD0000,R_MIPS_LO16:D_800425E0,R_MIPS_LO16:D_800425E0,Normalize sound slot dispatcher compiler allocation,,,false
init_EB00,func_10010BE8,0x198,0x0019C880,0x000C6080,-,-,Normalize sound slot dispatcher compiler allocation,,,false
init_EB00,func_10010BE8,0x19C,0x032B8021,0x018D8021,-,-,Normalize sound slot dispatcher compiler allocation,,,false
init_EB00,func_10010BE8,0x1A8,0x240E0005,0x24180005,-,-,Normalize sound slot dispatcher compiler allocation,,,false
init_EB00,func_10010BE8,0x1C8,0x306CFFFF,0x306EFFFF,-,-,Normalize sound slot dispatcher compiler allocation,,,false
init_EB00,func_10010BE8,0x1CC,0x01801825,0x01C01825,-,-,Normalize sound slot dispatcher compiler allocation,,,false
init_EB00,func_10010BE8,0x1D4,0x8FAD0064,0x8FAF0054,-,-,Normalize sound slot dispatcher compiler allocation,,,false
init_EB00,func_10010BE8,0x1E0,0xA60D0004,0xA60F0004,-,-,Normalize sound slot dispatcher compiler allocation,,,false
init_EB00,func_10010BE8,0x1E4,0xA04E0054,0xA0580054,-,-,Normalize sound slot dispatcher compiler allocation,,,false
init_EB00,func_10010BE8,0x1E8,0x93A40077,0x93B00067,-,-,Normalize sound slot dispatcher compiler allocation,,,false
init_EB00,func_10010BE8,0x1F4,0x308F007F,0x3219007F,-,-,Normalize sound slot dispatcher compiler allocation,,,false
init_EB00,func_10010BE8,0x1F8,0x00801025,0x87A40062,-,-,Normalize sound slot dispatcher compiler allocation,,,false
init_EB00,func_10010BE8,0x1FC,0x01E3C021,0x03235821,-,-,Normalize sound slot dispatcher compiler allocation,,,false
init_EB00,func_10010BE8,0x200,0x2B010080,0x29610080,-,-,Normalize sound slot dispatcher compiler allocation,,,false
init_EB00,func_10010BE8,0x208,0x3450007F,0x02001025,-,-,Normalize sound slot dispatcher compiler allocation,,,false
init_EB00,func_10010BE8,0x20C,0x00838021,0x02038021,-,-,Normalize sound slot dispatcher compiler allocation,,,false
init_EB00,func_10010BE8,0x210,0x321900FF,0x320C00FF,-,-,Normalize sound slot dispatcher compiler allocation,,,false
init_EB00,func_10010BE8,0x214,0x10000003,0x10000004,-,-,Normalize sound slot dispatcher compiler allocation,,,false
init_EB00,func_10010BE8,0x218,0x03208025,0x01808025,-,-,Normalize sound slot dispatcher compiler allocation,,,false
init_EB00,func_10010BE8,0x21C,0x320B00FF,0x3450007F,-,-,Normalize sound slot dispatcher compiler allocation,,,false
init_EB00,func_10010BE8,0x220,0x01608025,0x320D00FF,-,-,Normalize sound slot dispatcher compiler allocation,,,false
init_EB00,func_10010BE8,0x224,0x87A40072,0x01A08025,-,-,Normalize sound slot dispatcher compiler allocation,,,false
init_EB00,func_10010BE8,0x228,0xA7A8005A,0xA7A8004E,-,-,Normalize sound slot dispatcher compiler allocation,,,false
init_EB00,func_10010BE8,0x22C,0xAFA90038,0xAFA90034,-,-,Normalize sound slot dispatcher compiler allocation,,,false
init_EB00,func_10010BE8,0x234,0xAFAA0034,0xAFAA0038,-,-,Normalize sound slot dispatcher compiler allocation,,,false
init_EB00,func_10010BE8,0x238,0x8FA90038,0x8FA90034,-,-,Normalize sound slot dispatcher compiler allocation,,,false
init_EB00,func_10010BE8,0x23C,0x8FAA0034,0x8FAA0038,-,-,Normalize sound slot dispatcher compiler allocation,,,false
init_EB00,func_10010BE8,0x240,0x93AD007B,0x93AF006B,-,-,Normalize sound slot dispatcher compiler allocation,,,false
init_EB00,func_10010BE8,0x248,0x00056403,0x00057403,-,-,Normalize sound slot dispatcher compiler allocation,,,false
init_EB00,func_10010BE8,0x254,0x01802825,0x01C02825,-,-,Normalize sound slot dispatcher compiler allocation,,,false
init_EB00,func_10010BE8,0x258,0x97A6006A,0x97A6005A,-,-,Normalize sound slot dispatcher compiler allocation,,,false
init_EB00,func_10010BE8,0x25C,0x93A7006F,0x93A7005F,-,-,Normalize sound slot dispatcher compiler allocation,,,false
init_EB00,func_10010BE8,0x270,0xAFAD0018,0xAFAF0018,-,-,Normalize sound slot dispatcher compiler allocation,,,false
init_EB00,func_10010BE8,0x274,0x97A8005A,0x97A8004E,-,-,Normalize sound slot dispatcher compiler allocation,,,false
init_EB00,func_10010BE8,0x28C,0x27BD0060,0x27BD0050,-,-,Normalize sound slot dispatcher compiler allocation,,,false
initialize,__osInitialize_common,0x000,0x27BDFFC8,0x27BDFFC0,-,-,Normalize common system initializer compiler allocation,,,false
initialize,__osInitialize_common,0x014,0xAFA00030,0xAFA00038,-,-,Normalize common system initializer compiler allocation,,,false
initialize,__osInitialize_common,0x048,0x27A50034,0x27A5003C,-,-,Normalize common system initializer compiler allocation,,,false
initialize,__osInitialize_common,0x060,0x27A50034,0x27A5003C,-,-,Normalize common system initializer compiler allocation,,,false
initialize,__osInitialize_common,0x06C,0x8FA50034,0x8FA5003C,-,-,Normalize common system initializer compiler allocation,,,false
initialize,__osInitialize_common,0x08C,0x8FA50034,0x8FA5003C,-,-,Normalize common system initializer compiler allocation,,,false
initialize,__osInitialize_common,0x0BC,0x3C0C0000,0x3C0D0000,R_MIPS_HI16:func_100071D0,R_MIPS_HI16:func_100071D0,Normalize common system initializer compiler allocation,,,false
initialize,__osInitialize_common,0x0C4,0x8D0A0004,0x8D0B0004,-,-,Normalize common system initializer compiler allocation,,,false
initialize,__osInitialize_common,0x0C8,0x258C0000,0x25AD0000,R_MIPS_LO16:func_100071D0,R_MIPS_LO16:func_100071D0,Normalize common system initializer compiler allocation,,,false
initialize,__osInitialize_common,0x0CC,0x3C0B8000,0x3C0C8000,-,-,Normalize common system initializer compiler allocation,,,false
initialize,__osInitialize_common,0x0D0,0xAF2A0004,0xAF2B0000,-,R_MIPS_LO16:D_80000004,Normalize common system initializer compiler allocation,,,false
initialize,__osInitialize_common,0x0D8,0x356B0080,0x358C0080,-,-,Normalize common system initializer compiler allocation,,,false
initialize,__osInitialize_common,0x0DC,0x3C180000,0x3C090000,R_MIPS_HI16:func_100071D0,R_MIPS_HI16:func_100071D0,Normalize common system initializer compiler allocation,,,false
initialize,__osInitialize_common,0x0E4,0x8D0A000C,0x8D0B000C,-,-,Normalize common system initializer compiler allocation,,,false
initialize,__osInitialize_common,0x0E8,0x27180000,0x25290000,R_MIPS_LO16:func_100071D0,R_MIPS_LO16:func_100071D0,Normalize common system initializer compiler allocation,,,false
initialize,__osInitialize_common,0x0EC,0x3C0F8000,0x3C0A8000,-,-,Normalize common system initializer compiler allocation,,,false
initialize,__osInitialize_common,0x0F0,0xAF2A000C,0xAF2B0000,-,R_MIPS_LO16:D_8000000C,Normalize common system initializer compiler allocation,,,false
initialize,__osInitialize_common,0x0F4,0x8D810000,0x8DA10000,-,-,Normalize common system initializer compiler allocation,,,false
initialize,__osInitialize_common,0x0F8,0x35EF0100,0x354A0100,-,-,Normalize common system initializer compiler allocation,,,false
initialize,__osInitialize_common,0x0FC,0x3C0A0000,0x3C0E0000,R_MIPS_HI16:func_100071D0,R_MIPS_HI16:func_100071D0,Normalize common system initializer compiler allocation,,,false
initialize,__osInitialize_common,0x100,0xAD610000,0xAD810000,-,-,Normalize common system initializer compiler allocation,,,false
initialize,__osInitialize_common,0x104,0x8D8E0004,0x8DB80004,-,-,Normalize common system initializer compiler allocation,,,false
initialize,__osInitialize_common,0x108,0x254A0000,0x25CE0000,R_MIPS_LO16:func_100071D0,R_MIPS_LO16:func_100071D0,Normalize common system initializer compiler allocation,,,false
initialize,__osInitialize_common,0x10C,0x3C088000,0x3C0F8000,-,-,Normalize common system initializer compiler allocation,,,false
initialize,__osInitialize_common,0x110,0xAD6E0004,0xAD980004,-,-,Normalize common system initializer compiler allocation,,,false
initialize,__osInitialize_common,0x114,0x8D810008,0x8DA10008,-,-,Normalize common system initializer compiler allocation,,,false
initialize,__osInitialize_common,0x118,0x35080180,0x35EF0180,-,-,Normalize common system initializer compiler allocation,,,false
initialize,__osInitialize_common,0x120,0xAD610008,0xAD810008,-,-,Normalize common system initializer compiler allocation,,,false
initialize,__osInitialize_common,0x124,0x8D8E000C,0x8DB8000C,-,-,Normalize common system initializer compiler allocation,,,false
initialize,__osInitialize_common,0x12C,0xAD6E000C,0xAD98000C,-,-,Normalize common system initializer compiler allocation,,,false
initialize,__osInitialize_common,0x130,0x8F010000,0x8D210000,-,-,Normalize common system initializer compiler allocation,,,false
initialize,__osInitialize_common,0x134,0xADE10000,0xAD410000,-,-,Normalize common system initializer compiler allocation,,,false
initialize,__osInitialize_common,0x138,0x8F190004,0x8D2B0004,-,-,Normalize common system initializer compiler allocation,,,false
initialize,__osInitialize_common,0x13C,0xADF90004,0xAD4B0004,-,-,Normalize common system initializer compiler allocation,,,false
initialize,__osInitialize_common,0x140,0x8F010008,0x8D210008,-,-,Normalize common system initializer compiler allocation,,,false
initialize,__osInitialize_common,0x144,0xADE10008,0xAD410008,-,-,Normalize common system initializer compiler allocation,,,false
initialize,__osInitialize_common,0x148,0x8F19000C,0x8D2B000C,-,-,Normalize common system initializer compiler allocation,,,false
initialize,__osInitialize_common,0x14C,0xADF9000C,0xAD4B000C,-,-,Normalize common system initializer compiler allocation,,,false
initialize,__osInitialize_common,0x150,0x8D410000,0x8DC10000,-,-,Normalize common system initializer compiler allocation,,,false
initialize,__osInitialize_common,0x154,0xAD010000,0xADE10000,-,-,Normalize common system initializer compiler allocation,,,false
initialize,__osInitialize_common,0x158,0x8D4B0004,0x8DD80004,-,-,Normalize common system initializer compiler allocation,,,false
initialize,__osInitialize_common,0x15C,0xAD0B0004,0xADF80004,-,-,Normalize common system initializer compiler allocation,,,false
initialize,__osInitialize_common,0x160,0x8D410008,0x8DC10008,-,-,Normalize common system initializer compiler allocation,,,false
initialize,__osInitialize_common,0x164,0xAD010008,0xADE10008,-,-,Normalize common system initializer compiler allocation,,,false
initialize,__osInitialize_common,0x168,0x8D4B000C,0x8DD8000C,-,-,Normalize common system initializer compiler allocation,,,false
initialize,__osInitialize_common,0x170,0xAD0B000C,0xADF8000C,-,-,Normalize common system initializer compiler allocation,,,false
initialize,__osInitialize_common,0x190,0x27A50030,0x27A50038,-,-,Normalize common system initializer compiler allocation,,,false
initialize,__osInitialize_common,0x194,0x8FAC0030,0x8FA80038,-,-,Normalize common system initializer compiler allocation,,,false
initialize,__osInitialize_common,0x19C,0x01817024,0x0101C824,-,-,Normalize common system initializer compiler allocation,,,false
initialize,__osInitialize_common,0x1A0,0x11C00007,0x13200006,-,-,Normalize common system initializer compiler allocation,,,false
initialize,__osInitialize_common,0x1A4,0xAFAE0030,0xAFB90038,-,-,Normalize common system initializer compiler allocation,,,false
initialize,__osInitialize_common,0x1A8,0x24180000,0x3C010000,-,R_MIPS_HI16:D_8002BD10,Normalize common system initializer compiler allocation,,,false
initialize,__osInitialize_common,0x1AC,0x3C010000,0x03205825,R_MIPS_HI16:osClockRate,-,Normalize common system initializer compiler allocation,,,false
initialize,__osInitialize_common,0x1B0,0xAC380000,0x240A0000,R_MIPS_LO16:osClockRate,-,Normalize common system initializer compiler allocation,,,false
initialize,__osInitialize_common,0x1B4,0x3C010000,0xAC2A0000,R_MIPS_HI16:osClockRate,R_MIPS_LO16:D_8002BD10,Normalize common system initializer compiler allocation,,,false
initialize,__osInitialize_common,0x1B8,0x01C0C825,0xAC2B0000,-,R_MIPS_LO16:D_8002BD14,Normalize common system initializer compiler allocation,,,false
initialize,__osInitialize_common,0x1BC,0xAC390004,0x3C040000,R_MIPS_LO16:osClockRate,R_MIPS_HI16:D_8002BD10,Normalize common system initializer compiler allocation,,,false
initialize,__osInitialize_common,0x1C0,0x3C040000,0x3C050000,R_MIPS_HI16:osClockRate,R_MIPS_HI16:D_8002BD14,Normalize common system initializer compiler allocation,,,false
initialize,__osInitialize_common,0x1C4,0x3C050000,0x8CA50000,R_MIPS_HI16:osClockRate,R_MIPS_LO16:D_8002BD14,Normalize common system initializer compiler allocation,,,false
initialize,__osInitialize_common,0x1C8,0x8CA50004,0x8C840000,R_MIPS_LO16:osClockRate,R_MIPS_LO16:D_8002BD10,Normalize common system initializer compiler allocation,,,false
initialize,__osInitialize_common,0x1CC,0x8C840000,0x24060000,R_MIPS_LO16:osClockRate,-,Normalize common system initializer compiler allocation,,,false
initialize,__osInitialize_common,0x1D0,0x24060000,0x0C000000,-,R_MIPS_26:__ll_mul,Normalize common system initializer compiler allocation,,,false
initialize,__osInitialize_common,0x1D4,0x0C000000,0x24070003,R_MIPS_26:__ll_mul,-,Normalize common system initializer compiler allocation,,,false
initialize,__osInitialize_common,0x1D8,0x24070003,0xAFA20020,-,-,Normalize common system initializer compiler allocation,,,false
initialize,__osInitialize_common,0x1DC,0xAFA20020,0xAFA30024,-,-,Normalize common system initializer compiler allocation,,,false
initialize,__osInitialize_common,0x1E0,0xAFA30024,0x8FA50024,-,-,Normalize common system initializer compiler allocation,,,false
initialize,__osInitialize_common,0x1E4,0x8FA50024,0x8FA40020,-,-,Normalize common system initializer compiler allocation,,,false
initialize,__osInitialize_common,0x1E8,0x8FA40020,0x24060000,-,-,Normalize common system initializer compiler allocation,,,false
initialize,__osInitialize_common,0x1EC,0x24060000,0x0C000000,-,R_MIPS_26:__ull_div,Normalize common system initializer compiler allocation,,,false
initialize,__osInitialize_common,0x1F0,0x0C000000,0x24070004,R_MIPS_26:__ull_div,-,Normalize common system initializer compiler allocation,,,false
initialize,__osInitialize_common,0x1F4,0x24070004,0x3C090000,-,R_MIPS_HI16:D_8000030C,Normalize common system initializer compiler allocation,,,false
initialize,__osInitialize_common,0x1F8,0x3C090000,0x8D290000,R_MIPS_HI16:D_8000030C,R_MIPS_LO16:D_8000030C,Normalize common system initializer compiler allocation,,,false
initialize,__osInitialize_common,0x1FC,0x8D290000,0x3C010000,R_MIPS_LO16:D_8000030C,R_MIPS_HI16:D_8002BD10,Normalize common system initializer compiler allocation,,,false
initialize,__osInitialize_common,0x200,0x3C010000,0xAC220000,R_MIPS_HI16:osClockRate,R_MIPS_LO16:D_8002BD10,Normalize common system initializer compiler allocation,,,false
initialize,__osInitialize_common,0x204,0xAC220000,0x15200005,R_MIPS_LO16:osClockRate,-,Normalize common system initializer compiler allocation,,,false
initialize,__osInitialize_common,0x208,0x3C010000,0xAC230000,R_MIPS_HI16:osClockRate,R_MIPS_LO16:D_8002BD14,Normalize common system initializer compiler allocation,,,false
initialize,__osInitialize_common,0x20C,0x15200005,0x3C040000,-,R_MIPS_HI16:D_8000031C,Normalize common system initializer compiler allocation,,,false
initialize,__osInitialize_common,0x210,0xAC230004,0x24840000,R_MIPS_LO16:osClockRate,R_MIPS_LO16:D_8000031C,Normalize common system initializer compiler allocation,,,false
initialize,__osInitialize_common,0x214,0x3C040000,0x0C000000,R_MIPS_HI16:D_8000031C,R_MIPS_26:bzero,Normalize common system initializer compiler allocation,,,false
initialize,__osInitialize_common,0x218,0x24840000,0x24050040,R_MIPS_LO16:D_8000031C,-,Normalize common system initializer compiler allocation,,,false
initialize,__osInitialize_common,0x21C,0x0C000000,0x3C0D0000,R_MIPS_26:bzero,R_MIPS_HI16:D_A4600010,Normalize common system initializer compiler allocation,,,false
initialize,__osInitialize_common,0x220,0x24050040,0x8DAC0000,-,R_MIPS_LO16:D_A4600010,Normalize common system initializer compiler allocation,,,false
initialize,__osInitialize_common,0x224,0x3C0FA460,0x318F0003,-,-,Normalize common system initializer compiler allocation,,,false
initialize,__osInitialize_common,0x228,0x8DED0010,0x11E00008,-,-,Normalize common system initializer compiler allocation,,,false
initialize,__osInitialize_common,0x22C,0x31A80003,0xAFAC0030,-,-,Normalize common system initializer compiler allocation,,,false
initialize,__osInitialize_common,0x230,0x11000006,0x3C0E0000,-,R_MIPS_HI16:D_A4600010,Normalize common system initializer compiler allocation,,,false
initialize,__osInitialize_common,0x234,0x00000000,0x8DD80000,-,R_MIPS_LO16:D_A4600010,Normalize common system initializer compiler allocation,,,false
initialize,__osInitialize_common,0x238,0x3C0AA460,0xAFB80030,-,-,Normalize common system initializer compiler allocation,,,false
initialize,__osInitialize_common,0x23C,0x8D4B0010,0x8FA80030,-,-,Normalize common system initializer compiler allocation,,,false
initialize,__osInitialize_common,0x240,0x316C0003,0x31190003,-,-,Normalize common system initializer compiler allocation,,,false
initialize,__osInitialize_common,0x244,0x1580FFFC,0x1720FFFA,-,-,Normalize common system initializer compiler allocation,,,false
initialize,__osInitialize_common,0x24C,0x3C0EA500,0x3C0A0000,-,R_MIPS_HI16:D_A5000508,Normalize common system initializer compiler allocation,,,false
initialize,__osInitialize_common,0x250,0x8DD80508,0x8D4B0000,-,R_MIPS_LO16:D_A5000508,Normalize common system initializer compiler allocation,,,false
initialize,__osInitialize_common,0x254,0x3319FFFF,0x3169FFFF,-,-,Normalize common system initializer compiler allocation,,,false
initialize,__osInitialize_common,0x258,0x1720000A,0x1520000A,-,-,Normalize common system initializer compiler allocation,,,false
initialize,__osInitialize_common,0x25C,0x00000000,0xAFAB0034,-,-,Normalize common system initializer compiler allocation,,,false
initialize,__osInitialize_common,0x260,0x24090001,0x240D0001,-,-,Normalize common system initializer compiler allocation,,,false
initialize,__osInitialize_common,0x26C,0xAC290000,0xAC2D0000,R_MIPS_LO16:D_8002BD20,R_MIPS_LO16:D_8002BD20,Normalize common system initializer compiler allocation,,,false
initialize,__osInitialize_common,0x294,0x27BD0038,0x27BD0040,-,-,Normalize common system initializer compiler allocation,,,false
xlitob,_Litob,0x008,0x00808825,0x30A200FF,-,-,Normalize integer formatter compiler allocation,,,false
xlitob,_Litob,0x00C,0xAFBF002C,0x24030058,-,-,Normalize integer formatter compiler allocation,,,false
xlitob,_Litob,0x010,0xAFB30028,0x00808825,-,-,Normalize integer formatter compiler allocation,,,false
xlitob,_Litob,0x014,0xAFB20024,0xAFBF002C,-,-,Normalize integer formatter compiler allocation,,,false
xlitob,_Litob,0x018,0xAFB0001C,0xAFB30028,-,-,Normalize integer formatter compiler allocation,,,false
xlitob,_Litob,0x01C,0x24030058,0xAFB20024,-,-,Normalize integer formatter compiler allocation,,,false
xlitob,_Litob,0x020,0x30A200FF,0xAFB0001C,-,-,Normalize integer formatter compiler allocation,,,false
xlitob,_Litob,0x028,0x2401006F,0xAFA50094,-,-,Normalize integer formatter compiler allocation,,,false
xlitob,_Litob,0x040,0x14410003,0x2401006F,-,-,Normalize integer formatter compiler allocation,,,false
xlitob,_Litob,0x044,0x24100018,0x14410003,-,-,Normalize integer formatter compiler allocation,,,false
xlitob,_Litob,0x048,0x10000009,0x24100018,-,-,Normalize integer formatter compiler allocation,,,false
xlitob,_Litob,0x04C,0x24090008,0x10000009,-,-,Normalize integer formatter compiler allocation,,,false
xlitob,_Litob,0x050,0x24010078,0x24090008,-,-,Normalize integer formatter compiler allocation,,,false
xlitob,_Litob,0x054,0x10410005,0x24010078,-,-,Normalize integer formatter compiler allocation,,,false
xlitob,_Litob,0x058,0x24080010,0x10410005,-,-,Normalize integer formatter compiler allocation,,,false
xlitob,_Litob,0x05C,0x10620003,0x24080010,-,-,Normalize integer formatter compiler allocation,,,false
xlitob,_Litob,0x060,0x00000000,0x10620003,-,-,Normalize integer formatter compiler allocation,,,false
xlitob,_Litob,0x064,0x10000001,0x00000000,-,-,Normalize integer formatter compiler allocation,,,false
xlitob,_Litob,0x068,0x2408000A,0x10000001,-,-,Normalize integer formatter compiler allocation,,,false
xlitob,_Litob,0x06C,0x01004825,0x2408000A,-,-,Normalize integer formatter compiler allocation,,,false
xlitob,_Litob,0x070,0x8E2E0000,0x01004825,-,-,Normalize integer formatter compiler allocation,,,false
xlitob,_Litob,0x074,0x8E2F0004,0x8E380000,-,-,Normalize integer formatter compiler allocation,,,false
xlitob,_Litob,0x078,0x24010064,0x8E390004,-,-,Normalize integer formatter compiler allocation,,,false
xlitob,_Litob,0x07C,0xAFAE0060,0x24010064,-,-,Normalize integer formatter compiler allocation,,,false
xlitob,_Litob,0x080,0xAFAE0040,0xAFB80060,-,-,Normalize integer formatter compiler allocation,,,false
xlitob,_Litob,0x084,0xAFAF0044,0xAFB80040,-,-,Normalize integer formatter compiler allocation,,,false
xlitob,_Litob,0x088,0x10410004,0xAFB90044,-,-,Normalize integer formatter compiler allocation,,,false
xlitob,_Litob,0x08C,0xAFAF0064,0x10410004,-,-,Normalize integer formatter compiler allocation,,,false
xlitob,_Litob,0x090,0x24010069,0xAFB90064,-,-,Normalize integer formatter compiler allocation,,,false
xlitob,_Litob,0x094,0x54410010,0x24010069,-,-,Normalize integer formatter compiler allocation,,,false
xlitob,_Litob,0x098,0x8FB80060,0x54410010,-,-,Normalize integer formatter compiler allocation,,,false
xlitob,_Litob,0x09C,0x8FAA0040,0x8FAA0060,-,-,Normalize integer formatter compiler allocation,,,false
xlitob,_Litob,0x0A0,0x5D40000D,0x8FAC0040,-,-,Normalize integer formatter compiler allocation,,,false
xlitob,_Litob,0x0A4,0x8FB80060,0x5D80000D,-,-,Normalize integer formatter compiler allocation,,,false
xlitob,_Litob,0x0A8,0x05400003,0x8FAA0060,-,-,Normalize integer formatter compiler allocation,,,false
xlitob,_Litob,0x0AC,0x8FAC0060,0x05800003,-,-,Normalize integer formatter compiler allocation,,,false
xlitob,_Litob,0x0B0,0x10000009,0x8FAE0060,-,-,Normalize integer formatter compiler allocation,,,false
xlitob,_Litob,0x0B4,0x8FB80060,0x10000009,-,-,Normalize integer formatter compiler allocation,,,false
xlitob,_Litob,0x0B8,0x8FAD0064,0x8FAA0060,-,-,Normalize integer formatter compiler allocation,,,false
xlitob,_Litob,0x0BC,0x01807027,0x8FAF0064,-,-,Normalize integer formatter compiler allocation,,,false
xlitob,_Litob,0x0C0,0x2DA10001,0x01C0C027,-,-,Normalize integer formatter compiler allocation,,,false
xlitob,_Litob,0x0C4,0x01C17021,0x2DE10001,-,-,Normalize integer formatter compiler allocation,,,false
xlitob,_Litob,0x0C8,0x000D7823,0x0301C021,-,-,Normalize integer formatter compiler allocation,,,false
xlitob,_Litob,0x0CC,0xAFAF0064,0x000FC823,-,-,Normalize integer formatter compiler allocation,,,false
xlitob,_Litob,0x0D0,0xAFAE0060,0xAFB90064,-,-,Normalize integer formatter compiler allocation,,,false
xlitob,_Litob,0x0D4,0x8FB80060,0xAFB80060,-,-,Normalize integer formatter compiler allocation,,,false
xlitob,_Litob,0x0D8,0x8FB90064,0x8FAA0060,-,-,Normalize integer formatter compiler allocation,,,false
xlitob,_Litob,0x0DC,0x24080017,0x8FAB0064,-,-,Normalize integer formatter compiler allocation,,,false
xlitob,_Litob,0x0E0,0x17000006,0x24080017,-,-,Normalize integer formatter compiler allocation,,,false
xlitob,_Litob,0x0E4,0x8FA40060,0x15400006,-,-,Normalize integer formatter compiler allocation,,,false
xlitob,_Litob,0x0E8,0x57200005,0x8FA40060,-,-,Normalize integer formatter compiler allocation,,,false
xlitob,_Litob,0x0EC,0x24100017,0x55600005,-,-,Normalize integer formatter compiler allocation,,,false
xlitob,_Litob,0x0F0,0x8E2A0024,0x24100017,-,-,Normalize integer formatter compiler allocation,,,false
xlitob,_Litob,0x0F4,0x51400010,0x8E2C0024,-,-,Normalize integer formatter compiler allocation,,,false
xlitob,_Litob,0x0F8,0x27B20078,0x51800010,-,-,Normalize integer formatter compiler allocation,,,false
xlitob,_Litob,0x0FC,0x24100017,0x27B20078,-,-,Normalize integer formatter compiler allocation,,,false
xlitob,_Litob,0x100,0x8FA50064,0x24100017,-,-,Normalize integer formatter compiler allocation,,,false
xlitob,_Litob,0x104,0x01203825,0x8FA50064,-,-,Normalize integer formatter compiler allocation,,,false
xlitob,_Litob,0x108,0x000937C3,0x01203825,-,-,Normalize integer formatter compiler allocation,,,false
xlitob,_Litob,0x10C,0xAFA8004C,0x000937C3,-,-,Normalize integer formatter compiler allocation,,,false
xlitob,_Litob,0x110,0x0C000000,0xAFA8004C,R_MIPS_26:__ull_rem,-,Normalize integer formatter compiler allocation,,,false
xlitob,_Litob,0x114,0xAFA90070,0x0C000000,-,R_MIPS_26:__ull_rem,Normalize integer formatter compiler allocation,,,false
xlitob,_Litob,0x118,0x8FA8004C,0xAFA90070,-,-,Normalize integer formatter compiler allocation,,,false
xlitob,_Litob,0x11C,0x00736021,0x8FA8004C,-,-,Normalize integer formatter compiler allocation,,,false
xlitob,_Litob,0x120,0x918D0000,0x00737021,-,-,Normalize integer formatter compiler allocation,,,false
xlitob,_Litob,0x124,0x27B20078,0x91CF0000,-,-,Normalize integer formatter compiler allocation,,,false
xlitob,_Litob,0x128,0x8FA90070,0x27B20078,-,-,Normalize integer formatter compiler allocation,,,false
xlitob,_Litob,0x12C,0x02487021,0x8FA90070,-,-,Normalize integer formatter compiler allocation,,,false
xlitob,_Litob,0x130,0xA1CD0000,0x0248C021,-,-,Normalize integer formatter compiler allocation,,,false
xlitob,_Litob,0x134,0x27B20078,0xA30F0000,-,-,Normalize integer formatter compiler allocation,,,false
xlitob,_Litob,0x138,0x8FA40060,0x27B20078,-,-,Normalize integer formatter compiler allocation,,,false
xlitob,_Litob,0x13C,0x8FA50064,0x8FA40060,-,-,Normalize integer formatter compiler allocation,,,false
xlitob,_Litob,0x140,0x01203825,0x8FA50064,-,-,Normalize integer formatter compiler allocation,,,false
xlitob,_Litob,0x144,0x000937C3,0x01203825,-,-,Normalize integer formatter compiler allocation,,,false
xlitob,_Litob,0x148,0x0C000000,0x000937C3,R_MIPS_26:__ull_div,-,Normalize integer formatter compiler allocation,,,false
xlitob,_Litob,0x14C,0xAFA90070,0x0C000000,-,R_MIPS_26:__ull_div,Normalize integer formatter compiler allocation,,,false
xlitob,_Litob,0x150,0x8FA90070,0xAFA90070,-,-,Normalize integer formatter compiler allocation,,,false
xlitob,_Litob,0x154,0xAE230004,0x8FA90070,-,-,Normalize integer formatter compiler allocation,,,false
xlitob,_Litob,0x158,0x0440002B,0xAE230004,-,-,Normalize integer formatter compiler allocation,,,false
xlitob,_Litob,0x15C,0xAE220000,0x0440002B,-,-,Normalize integer formatter compiler allocation,,,false
xlitob,_Litob,0x160,0x1C400003,0xAE220000,-,-,Normalize integer formatter compiler allocation,,,false
xlitob,_Litob,0x164,0x00000000,0x1C400003,-,-,Normalize integer formatter compiler allocation,,,false
xlitob,_Litob,0x168,0x50600028,0x00000000,-,-,Normalize integer formatter compiler allocation,,,false
xlitob,_Litob,0x16C,0x240A0018,0x50600028,-,-,Normalize integer formatter compiler allocation,,,false
xlitob,_Litob,0x170,0x1A000025,0x240C0018,-,-,Normalize integer formatter compiler allocation,,,false
xlitob,_Litob,0x174,0x000957C3,0x1A000025,-,-,Normalize integer formatter compiler allocation,,,false
xlitob,_Litob,0x178,0x8E380000,0x000967C3,-,-,Normalize integer formatter compiler allocation,,,false
xlitob,_Litob,0x17C,0x8E390004,0x8E2A0000,-,-,Normalize integer formatter compiler allocation,,,false
xlitob,_Litob,0x180,0xAFA9003C,0x8E2B0004,-,-,Normalize integer formatter compiler allocation,,,false
xlitob,_Litob,0x184,0xAFAA0038,0xAFA9003C,-,-,Normalize integer formatter compiler allocation,,,false
xlitob,_Litob,0x188,0xAFB80040,0xAFAC0038,-,-,Normalize integer formatter compiler allocation,,,false
xlitob,_Litob,0x18C,0xAFB90044,0xAFAA0040,-,-,Normalize integer formatter compiler allocation,,,false
xlitob,_Litob,0x190,0x8FAC0038,0xAFAB0044,-,-,Normalize integer formatter compiler allocation,,,false
xlitob,_Litob,0x194,0x8FAD003C,0x8FAE0038,-,-,Normalize integer formatter compiler allocation,,,false
xlitob,_Litob,0x198,0x27A40050,0x8FAF003C,-,-,Normalize integer formatter compiler allocation,,,false
xlitob,_Litob,0x19C,0x8FA60040,0x27A40050,-,-,Normalize integer formatter compiler allocation,,,false
xlitob,_Litob,0x1A0,0x8FA70044,0x8FA60040,-,-,Normalize integer formatter compiler allocation,,,false
xlitob,_Litob,0x1A4,0xAFAC0010,0x8FA70044,-,-,Normalize integer formatter compiler allocation,,,false
xlitob,_Litob,0x1A8,0x0C000000,0xAFAE0010,R_MIPS_26:lldiv,-,Normalize integer formatter compiler allocation,,,false
xlitob,_Litob,0x1AC,0xAFAD0014,0x0C000000,-,R_MIPS_26:lldiv,Normalize integer formatter compiler allocation,,,false
xlitob,_Litob,0x1B0,0x8FAE0050,0xAFAF0014,-,-,Normalize integer formatter compiler allocation,,,false
xlitob,_Litob,0x1B4,0x8FAF0054,0x8FB80050,-,-,Normalize integer formatter compiler allocation,,,false
xlitob,_Litob,0x1B8,0x2604FFFF,0x8FB90054,-,-,Normalize integer formatter compiler allocation,,,false
xlitob,_Litob,0x1BC,0xAE2E0000,0x2604FFFF,-,-,Normalize integer formatter compiler allocation,,,false
xlitob,_Litob,0x1C0,0xAE2F0004,0xAE380000,-,-,Normalize integer formatter compiler allocation,,,false
xlitob,_Litob,0x1C4,0x8FB9005C,0xAE390004,-,-,Normalize integer formatter compiler allocation,,,false
xlitob,_Litob,0x1C8,0x02446821,0x8FAB005C,-,-,Normalize integer formatter compiler allocation,,,false
xlitob,_Litob,0x1CC,0x00808025,0x02447821,-,-,Normalize integer formatter compiler allocation,,,false
xlitob,_Litob,0x1D0,0x03335821,0x00808025,-,-,Normalize integer formatter compiler allocation,,,false
xlitob,_Litob,0x1D4,0x916C0000,0x01736821,-,-,Normalize integer formatter compiler allocation,,,false
xlitob,_Litob,0x1D8,0xA1AC0000,0x91AE0000,-,-,Normalize integer formatter compiler allocation,,,false
xlitob,_Litob,0x1DC,0x8E2E0000,0xA1EE0000,-,-,Normalize integer formatter compiler allocation,,,false
xlitob,_Litob,0x1E0,0x8E2F0004,0x8E380000,-,-,Normalize integer formatter compiler allocation,,,false
xlitob,_Litob,0x1E4,0xAFAE0040,0x8E390004,-,-,Normalize integer formatter compiler allocation,,,false
xlitob,_Litob,0x1E8,0x05C00007,0xAFB80040,-,-,Normalize integer formatter compiler allocation,,,false
xlitob,_Litob,0x1EC,0xAFAF0044,0x07000007,-,-,Normalize integer formatter compiler allocation,,,false
xlitob,_Litob,0x1F0,0x1DC00003,0xAFB90044,-,-,Normalize integer formatter compiler allocation,,,false
xlitob,_Litob,0x1F4,0x00000000,0x1F000003,-,-,Normalize integer formatter compiler allocation,,,false
xlitob,_Litob,0x1F8,0x51E00004,0x00000000,-,-,Normalize integer formatter compiler allocation,,,false
xlitob,_Litob,0x1FC,0x240A0018,0x53200004,-,-,Normalize integer formatter compiler allocation,,,false
xlitob,_Litob,0x200,0x5E00FFE4,0x240C0018,-,-,Normalize integer formatter compiler allocation,,,false
xlitob,_Litob,0x204,0x8FAC0038,0x5E00FFE4,-,-,Normalize integer formatter compiler allocation,,,false
xlitob,_Litob,0x208,0x240A0018,0x8FAE0038,-,-,Normalize integer formatter compiler allocation,,,false
xlitob,_Litob,0x20C,0x01503023,0x240C0018,-,-,Normalize integer formatter compiler allocation,,,false
xlitob,_Litob,0x210,0xAE260014,0x01903023,-,-,Normalize integer formatter compiler allocation,,,false
xlitob,_Litob,0x214,0x8E240008,0xAE260014,-,-,Normalize integer formatter compiler allocation,,,false
xlitob,_Litob,0x218,0x0C000000,0x8E240008,R_MIPS_26:memcpy,-,Normalize integer formatter compiler allocation,,,false
xlitob,_Litob,0x21C,0x02502821,0x0C000000,-,R_MIPS_26:memcpy,Normalize integer formatter compiler allocation,,,false
xlitob,_Litob,0x220,0x8E250014,0x02502821,-,-,Normalize integer formatter compiler allocation,,,false
xlitob,_Litob,0x224,0x8E240024,0x8E250014,-,-,Normalize integer formatter compiler allocation,,,false
xlitob,_Litob,0x228,0x00A4082A,0x8E240024,-,-,Normalize integer formatter compiler allocation,,,false
xlitob,_Litob,0x22C,0x10200002,0x00A4082A,-,-,Normalize integer formatter compiler allocation,,,false
xlitob,_Litob,0x230,0x00855823,0x10200002,-,-,Normalize integer formatter compiler allocation,,,false
xlitob,_Litob,0x234,0xAE2B0010,0x00856823,-,-,Normalize integer formatter compiler allocation,,,false
xlitob,_Litob,0x238,0x04830010,0xAE2D0010,-,-,Normalize integer formatter compiler allocation,,,false
xlitob,_Litob,0x23C,0x8FBF002C,0x04830010,-,-,Normalize integer formatter compiler allocation,,,false
xlitob,_Litob,0x240,0x8E2C0030,0x8FBF002C,-,-,Normalize integer formatter compiler allocation,,,false
xlitob,_Litob,0x244,0x24010010,0x8E2E0030,-,-,Normalize integer formatter compiler allocation,,,false
xlitob,_Litob,0x248,0x318D0014,0x24010010,-,-,Normalize integer formatter compiler allocation,,,false
xlitob,_Litob,0x24C,0x55A1000B,0x31CF0014,-,-,Normalize integer formatter compiler allocation,,,false
xlitob,_Litob,0x250,0x8FBF002C,0x55E1000B,-,-,Normalize integer formatter compiler allocation,,,false
xlitob,_Litob,0x254,0x8E2E0028,0x8FBF002C,-,-,Normalize integer formatter compiler allocation,,,false
xlitob,_Litob,0x258,0x8E2F000C,0x8E380028,-,-,Normalize integer formatter compiler allocation,,,false
xlitob,_Litob,0x25C,0x8E220010,0x8E39000C,-,-,Normalize integer formatter compiler allocation,,,false
xlitob,_Litob,0x260,0x01CFC023,0x8E220010,-,-,Normalize integer formatter compiler allocation,,,false
xlitob,_Litob,0x264,0x0302C823,0x03195023,-,-,Normalize integer formatter compiler allocation,,,false
xlitob,_Litob,0x268,0x03258023,0x01425823,-,-,Normalize integer formatter compiler allocation,,,false
xlitob,_Litob,0x26C,0x1A000002,0x01658023,-,-,Normalize integer formatter compiler allocation,,,false
xlitob,_Litob,0x270,0x00505021,0x1A000002,-,-,Normalize integer formatter compiler allocation,,,false
xlitob,_Litob,0x274,0xAE2A0010,0x00506021,-,-,Normalize integer formatter compiler allocation,,,false
xlitob,_Litob,0x278,0x8FBF002C,0xAE2C0010,-,-,Normalize integer formatter compiler allocation,,,false
xlitob,_Litob,0x27C,0x8FB0001C,0x8FBF002C,-,-,Normalize integer formatter compiler allocation,,,false
xlitob,_Litob,0x280,0x8FB10020,0x8FB0001C,-,-,Normalize integer formatter compiler allocation,,,false
xlitob,_Litob,0x284,0x8FB20024,0x8FB10020,-,-,Normalize integer formatter compiler allocation,,,false
xlitob,_Litob,0x288,0x8FB30028,0x8FB20024,-,-,Normalize integer formatter compiler allocation,,,false
xlitob,_Litob,0x28C,0x03E00008,0x8FB30028,-,-,Normalize integer formatter compiler allocation,,,false
xlitob,_Litob,0x290,0x27BD0090,0x03E00008,-,-,Normalize integer formatter compiler allocation,0x27BD0090,-,false
init_B1B0,func_1000C530,0x020,0x00043A02,0x3C01FF00,-,-,Normalize packed audio state compiler scheduling,,,false
init_B1B0,func_1000C530,0x024,0x00044C02,0x00043A02,-,-,Normalize packed audio state compiler scheduling,,,false
init_B1B0,func_1000C530,0x028,0x3C01FF00,0x00044C02,-,-,Normalize packed audio state compiler scheduling,,,false
init_B1B0,func_1000C530,0x034,0x30EA00FF,0x00814024,-,-,Normalize packed audio state compiler allocation,,,false
init_B1B0,func_1000C530,0x038,0x312F00FF,0x313800FF,-,-,Normalize packed audio state compiler allocation,,,false
init_B1B0,func_1000C530,0x03C,0x00814024,0x30EA00FF,-,-,Normalize packed audio state compiler allocation,,,false
init_B1B0,func_1000C530,0x048,0xAFAA0044,0xAFA8001C,-,-,Normalize packed audio state compiler allocation,,,false
init_B1B0,func_1000C530,0x04C,0x01E04825,0xAFAA003C,-,-,Normalize packed audio state compiler allocation,,,false
init_B1B0,func_1000C530,0x050,0xAFAF003C,0x03004825,-,-,Normalize packed audio state compiler allocation,,,false
init_B1B0,func_1000C530,0x058,0xAFA8001C,0xAFB80038,-,-,Normalize packed audio state compiler allocation,,,false
init_B1B0,func_1000C530,0x070,0x5086000A,0x5486000A,-,-,Preserve retail commutative likely-branch operand order,,,false
init_B1B0,func_1000C530,0x08C,0xAFB90044,0xAFB9003C,-,-,Normalize packed audio state compiler allocation,,,false
init_B1B0,func_1000C530,0x090,0xAFAB003C,0xAFAB0038,-,-,Normalize packed audio state compiler allocation,,,false
init_B1B0,func_1000C530,0x0DC,0xAFA80038,0xAFA80040,-,-,Normalize packed audio state compiler allocation,,,false
init_B1B0,func_1000C530,0x0E0,0x8FA80038,0x8FA80040,-,-,Normalize packed audio state compiler allocation,,,false
init_B1B0,func_1000C530,0x0EC,0x93A60047,0x93A6003F,-,-,Normalize packed audio state compiler allocation,,,false
init_B1B0,func_1000C530,0x108,0xAFA80038,0xAFA80040,-,-,Normalize packed audio state compiler allocation,,,false
init_B1B0,func_1000C530,0x10C,0x8FA6003C,0x8FA60038,-,-,Normalize packed audio state compiler allocation,,,false
init_B1B0,func_1000C530,0x124,0x8FAE003C,0x8FAE0038,-,-,Normalize packed audio state compiler allocation,,,false
init_B1B0,func_1000C530,0x13C,0x8FA80038,0x8FA80040,-,-,Normalize packed audio state compiler allocation,,,false
init_B1B0,func_1000C530,0x154,0x8FB90044,0x8FB9003C,-,-,Normalize packed audio state compiler allocation,,,false
init_B1B0,func_1000C530,0x158,0x13070026,0x10F80026,-,-,Preserve retail commutative branch operand order,,,false
init_B1B0,func_1000C530,0x160,0x1159000A,0x132A000A,-,-,Preserve retail commutative branch operand order,,,false
init_B1B0,func_1000C530,0x174,0x93A60047,0x93A6003F,-,-,Normalize packed audio state compiler allocation,,,false
init_B1B0,func_1000C530,0x178,0xAFA80038,0xAFA80040,-,-,Normalize packed audio state compiler allocation,,,false
init_B1B0,func_1000C530,0x184,0x8FA80038,0x8FA80040,-,-,Normalize packed audio state compiler allocation,,,false
init_B1B0,func_1000C530,0x18C,0x8FAC003C,0x8FAC0038,-,-,Normalize packed audio state compiler allocation,,,false
init_B1B0,func_1000C530,0x190,0x112C0018,0x11890018,-,-,Preserve retail commutative branch operand order,,,false
init_B1B0,func_1000C530,0x194,0x012C6826,0x01896826,-,-,Preserve retail commutative xor operand order,,,false
init_B1B0,func_1000C530,0x1C4,0xAFA80038,0xAFA80040,-,-,Normalize packed audio state compiler allocation,,,false
init_B1B0,func_1000C530,0x1C8,0x8FA80038,0x8FA80040,-,-,Normalize packed audio state compiler allocation,,,false
init_B1B0,func_1000C530,0x1D0,0x8FAB003C,0x8FAB0038,-,-,Normalize packed audio state compiler allocation,,,false
init_B1B0,func_1000C530,0x1E4,0xAFA80038,0xAFA80040,-,-,Normalize packed audio state compiler allocation,,,false
init_B1B0,func_1000C530,0x1F0,0x8FA80038,0x8FA80040,-,-,Normalize packed audio state compiler allocation,,,false
init_B1B0,func_1000C530,0x27C,0x8FAC0044,0x8FAC003C,-,-,Normalize packed audio state compiler allocation,,,false
init_B1B0,func_1000C530,0x284,0x8FAB003C,0x8FAB0038,-,-,Normalize packed audio state compiler allocation,,,false
init_50A0,func_100052A0,0x080,0x3C010000,0x3C010000,R_MIPS_HI16:.bss,R_MIPS_HI16:D_8003BC20,Bind the shutdown base-time store to its canonical symbol,,,false
init_50A0,func_100052A0,0x084,0xAC220008,0xAC220000,R_MIPS_LO16:.bss,R_MIPS_LO16:D_8003BC20,Store the low base-time word through its canonical symbol,,,false
init_50A0,func_100052A0,0x08C,0xAC23000C,0xAC230000,R_MIPS_LO16:.bss,R_MIPS_LO16:D_8003BC24,Store the high base-time word through its canonical symbol,,,false
init_50A0,func_100052A0,0x14C,0x3C0B0000,0x3C0B0000,R_MIPS_HI16:.bss,R_MIPS_HI16:D_8003BC24,Bind the first threshold high-word load to its canonical symbol,,,false
init_50A0,func_100052A0,0x150,0x8D6B000C,0x8D6B0000,R_MIPS_LO16:.bss,R_MIPS_LO16:D_8003BC24,Load the first threshold high word from its canonical symbol,,,false
init_50A0,func_100052A0,0x154,0x3C0A0000,0x3C0A0000,R_MIPS_HI16:.bss,R_MIPS_HI16:D_8003BC20,Bind the first threshold low-word load to its canonical symbol,,,false
init_50A0,func_100052A0,0x15C,0x8D4A0008,0x8D4A0000,R_MIPS_LO16:.bss,R_MIPS_LO16:D_8003BC20,Load the first threshold low word from its canonical symbol,,,false
init_50A0,func_100052A0,0x198,0x3C0F0000,0x3C0F0000,R_MIPS_HI16:.bss,R_MIPS_HI16:D_8003BC24,Bind the first wait-loop high-word load to its canonical symbol,,,false
init_50A0,func_100052A0,0x19C,0x8DEF000C,0x8DEF0000,R_MIPS_LO16:.bss,R_MIPS_LO16:D_8003BC24,Load the first wait-loop high word from its canonical symbol,,,false
init_50A0,func_100052A0,0x1A0,0x3C0E0000,0x3C0E0000,R_MIPS_HI16:.bss,R_MIPS_HI16:D_8003BC20,Bind the first wait-loop low-word load to its canonical symbol,,,false
init_50A0,func_100052A0,0x1A8,0x8DCE0008,0x8DCE0000,R_MIPS_LO16:.bss,R_MIPS_LO16:D_8003BC20,Load the first wait-loop low word from its canonical symbol,,,false
init_50A0,func_100052A0,0x1E8,0x3C090000,0x3C090000,R_MIPS_HI16:.bss,R_MIPS_HI16:D_8003BC24,Bind the second threshold high-word load to its canonical symbol,,,false
init_50A0,func_100052A0,0x1EC,0x8D29000C,0x8D290000,R_MIPS_LO16:.bss,R_MIPS_LO16:D_8003BC24,Load the second threshold high word from its canonical symbol,,,false
init_50A0,func_100052A0,0x1F0,0x3C080000,0x3C080000,R_MIPS_HI16:.bss,R_MIPS_HI16:D_8003BC20,Bind the second threshold low-word load to its canonical symbol,,,false
init_50A0,func_100052A0,0x1F8,0x8D080008,0x8D080000,R_MIPS_LO16:.bss,R_MIPS_LO16:D_8003BC20,Load the second threshold low word from its canonical symbol,,,false
init_50A0,func_100052A0,0x234,0x3C0D0000,0x3C0D0000,R_MIPS_HI16:.bss,R_MIPS_HI16:D_8003BC24,Bind the second wait-loop high-word load to its canonical symbol,,,false
init_50A0,func_100052A0,0x238,0x8DAD000C,0x8DAD0000,R_MIPS_LO16:.bss,R_MIPS_LO16:D_8003BC24,Load the second wait-loop high word from its canonical symbol,,,false
init_50A0,func_100052A0,0x23C,0x3C0C0000,0x3C0C0000,R_MIPS_HI16:.bss,R_MIPS_HI16:D_8003BC20,Bind the second wait-loop low-word load to its canonical symbol,,,false
init_50A0,func_100052A0,0x244,0x8D8C0008,0x8D8C0000,R_MIPS_LO16:.bss,R_MIPS_LO16:D_8003BC20,Load the second wait-loop low word from its canonical symbol,,,false
init_EB00,func_10011BB8,0x014,0x15C00079,0x15C00075,,,Normalize recovered audio update compiler allocation and schedule,,,false
init_EB00,func_10011BB8,0x020,0x3C060000,0x3C050000,R_MIPS_HI16:D_80082FA0,R_MIPS_HI16:D_80082FA0,Normalize recovered audio update compiler allocation and schedule,,,false
init_EB00,func_10011BB8,0x024,0x15E00075,0x15E00071,,,Normalize recovered audio update compiler allocation and schedule,,,false
init_EB00,func_10011BB8,0x02C,0x8CC60000,0x8CA50000,R_MIPS_LO16:D_80082FA0,R_MIPS_LO16:D_80082FA0,Normalize recovered audio update compiler allocation and schedule,,,false
init_EB00,func_10011BB8,0x034,0x27180000,0x27020000,R_MIPS_LO16:D_80041F68,R_MIPS_LO16:D_80041F68,Normalize recovered audio update compiler allocation and schedule,,,false
init_EB00,func_10011BB8,0x038,0x04C00043,0x04A00040,,,Normalize recovered audio update compiler allocation and schedule,,,false
init_EB00,func_10011BB8,0x03C,0x03001025,0x3C040000,-,R_MIPS_HI16:D_800DBFF0,Normalize recovered audio update compiler allocation and schedule,,,false
init_EB00,func_10011BB8,0x040,0x0006C8C0,0x0005C8C0,,,Normalize recovered audio update compiler allocation and schedule,,,false
init_EB00,func_10011BB8,0x044,0x0326C823,0x0325C823,,,Normalize recovered audio update compiler allocation and schedule,,,false
init_EB00,func_10011BB8,0x04C,0x3C030000,0x03223021,R_MIPS_HI16:D_800DBFF0,-,Normalize recovered audio update compiler allocation and schedule,,,false
init_EB00,func_10011BB8,0x050,0x03192021,0x8C840000,-,R_MIPS_LO16:D_800DBFF0,Normalize recovered audio update compiler allocation and schedule,,,false
init_EB00,func_10011BB8,0x054,0x8C630000,0x3C070008,R_MIPS_LO16:D_800DBFF0,-,Normalize recovered audio update compiler allocation and schedule,,,false
init_EB00,func_10011BB8,0x058,0x00802825,0x00802825,-,-,Omit redundant compiler move in recovered audio update schedule,,,true
init_EB00,func_10011BB8,0x05C,0x03003025,0x03003025,-,-,Omit redundant compiler move in recovered audio update schedule,,,true
init_EB00,func_10011BB8,0x060,0x3C070008,0x14A00005,,,Normalize recovered audio update compiler allocation and schedule,,,false
init_EB00,func_10011BB8,0x064,0x54860006,0x00801825,,,Normalize recovered audio update compiler allocation and schedule,,,false
init_EB00,func_10011BB8,0x068,0xC46402F8,0x8C68002C,,,Normalize recovered audio update compiler allocation and schedule,,,false
init_EB00,func_10011BB8,0x06C,0x8C69002C,0x01074824,,,Normalize recovered audio update compiler allocation and schedule,,,false
init_EB00,func_10011BB8,0x070,0x01275024,0x51200011,,,Normalize recovered audio update compiler allocation and schedule,,,false
init_EB00,func_10011BB8,0x074,0x51400011,0xC46402A4,,,Normalize recovered audio update compiler allocation and schedule,,,false
init_EB00,func_10011BB8,0x078,0xC46402A4,0xC46402F8,,,Normalize recovered audio update compiler allocation and schedule,,,false
init_EB00,func_10011BB8,0x07C,0xC46402F8,0x4600218D,,,Normalize recovered audio update compiler allocation and schedule,,,false
init_EB00,func_10011BB8,0x080,0x4600218D,0x440B3000,,,Normalize recovered audio update compiler allocation and schedule,,,false
init_EB00,func_10011BB8,0x084,0x440C3000,0x00000000,,,Normalize recovered audio update compiler allocation and schedule,,,false
init_EB00,func_10011BB8,0x088,0x00000000,0xAC4B0000,,,Normalize recovered audio update compiler allocation and schedule,,,false
init_EB00,func_10011BB8,0x08C,0xAC4C0000,0xC46802FC,,,Normalize recovered audio update compiler allocation and schedule,,,false
init_EB00,func_10011BB8,0x090,0xC46802FC,0x4600428D,,,Normalize recovered audio update compiler allocation and schedule,,,false
init_EB00,func_10011BB8,0x094,0x4600428D,0x440D5000,,,Normalize recovered audio update compiler allocation and schedule,,,false
init_EB00,func_10011BB8,0x098,0x440E5000,0x00000000,,,Normalize recovered audio update compiler allocation and schedule,,,false
init_EB00,func_10011BB8,0x09C,0x00000000,0xAC4D0004,,,Normalize recovered audio update compiler allocation and schedule,,,false
init_EB00,func_10011BB8,0x0A0,0xAC4E0004,0xC4700300,,,Normalize recovered audio update compiler allocation and schedule,,,false
init_EB00,func_10011BB8,0x0A4,0xC4700300,0x4600848D,,,Normalize recovered audio update compiler allocation and schedule,,,false
init_EB00,func_10011BB8,0x0A8,0x4600848D,0x440F9000,,,Normalize recovered audio update compiler allocation and schedule,,,false
init_EB00,func_10011BB8,0x0AC,0x44199000,0x10000010,,,Normalize recovered audio update compiler allocation and schedule,,,false
init_EB00,func_10011BB8,0x0B0,0x10000010,0xAC4F0008,,,Normalize recovered audio update compiler allocation and schedule,,,false
init_EB00,func_10011BB8,0x0B4,0xAC590008,0xC46402A4,,,Normalize recovered audio update compiler allocation and schedule,,,false
init_EB00,func_10011BB8,0x0B8,0xC46402A4,0x4600218D,,,Normalize recovered audio update compiler allocation and schedule,,,false
init_EB00,func_10011BB8,0x0BC,0x4600218D,0x44183000,,,Normalize recovered audio update compiler allocation and schedule,,,false
init_EB00,func_10011BB8,0x0C0,0x44093000,0x00000000,,,Normalize recovered audio update compiler allocation and schedule,,,false
init_EB00,func_10011BB8,0x0C4,0x00000000,0xAC580000,,,Normalize recovered audio update compiler allocation and schedule,,,false
init_EB00,func_10011BB8,0x0C8,0xAC490000,0xC46802A8,,,Normalize recovered audio update compiler allocation and schedule,,,false
init_EB00,func_10011BB8,0x0CC,0xC46802A8,0x4600428D,,,Normalize recovered audio update compiler allocation and schedule,,,false
init_EB00,func_10011BB8,0x0D0,0x4600428D,0x44095000,,,Normalize recovered audio update compiler allocation and schedule,,,false
init_EB00,func_10011BB8,0x0D4,0x440B5000,0x00000000,,,Normalize recovered audio update compiler allocation and schedule,,,false
init_EB00,func_10011BB8,0x0D8,0x00000000,0xAC490004,,,Normalize recovered audio update compiler allocation and schedule,,,false
init_EB00,func_10011BB8,0x0DC,0xAC4B0004,0xC47002AC,,,Normalize recovered audio update compiler allocation and schedule,,,false
init_EB00,func_10011BB8,0x0E0,0xC47002AC,0x4600848D,,,Normalize recovered audio update compiler allocation and schedule,,,false
init_EB00,func_10011BB8,0x0E4,0x4600848D,0x440B9000,,,Normalize recovered audio update compiler allocation and schedule,,,false
init_EB00,func_10011BB8,0x0E8,0x440D9000,0x00000000,,,Normalize recovered audio update compiler allocation and schedule,,,false
init_EB00,func_10011BB8,0x0EC,0x00000000,0xAC4B0008,,,Normalize recovered audio update compiler allocation and schedule,,,false
init_EB00,func_10011BB8,0x0F0,0xAC4D0008,0xC46402F8,,,Normalize recovered audio update compiler allocation and schedule,,,false
init_EB00,func_10011BB8,0x0F4,0xC46402F8,0x2442001C,,,Normalize recovered audio update compiler allocation and schedule,,,false
init_EB00,func_10011BB8,0x0F8,0x2442001C,0x00C2082B,,,Normalize recovered audio update compiler allocation and schedule,,,false
init_EB00,func_10011BB8,0x0FC,0x00A2082B,0x4600218D,,,Normalize recovered audio update compiler allocation and schedule,,,false
init_EB00,func_10011BB8,0x100,0x4600218D,0x440D3000,,,Normalize recovered audio update compiler allocation and schedule,,,false
init_EB00,func_10011BB8,0x104,0x246309A0,0x00000000,,,Normalize recovered audio update compiler allocation and schedule,,,false
init_EB00,func_10011BB8,0x108,0x440F3000,0xAC4DFFF0,,,Normalize recovered audio update compiler allocation and schedule,,,false
init_EB00,func_10011BB8,0x10C,0x00000000,0xC46802FC,,,Normalize recovered audio update compiler allocation and schedule,,,false
init_EB00,func_10011BB8,0x110,0xAC4FFFF0,0x4600428D,,,Normalize recovered audio update compiler allocation and schedule,,,false
init_EB00,func_10011BB8,0x114,0xC468F95C,0x440F5000,,,Normalize recovered audio update compiler allocation and schedule,,,false
init_EB00,func_10011BB8,0x118,0x4600428D,0x00000000,,,Normalize recovered audio update compiler allocation and schedule,,,false
init_EB00,func_10011BB8,0x11C,0x44185000,0xAC4FFFF4,,,Normalize recovered audio update compiler allocation and schedule,,,false
init_EB00,func_10011BB8,0x120,0x00000000,0xC4700300,,,Normalize recovered audio update compiler allocation and schedule,,,false
init_EB00,func_10011BB8,0x124,0xAC58FFF4,0x4600848D,,,Normalize recovered audio update compiler allocation and schedule,,,false
init_EB00,func_10011BB8,0x128,0xC470F960,0x44189000,,,Normalize recovered audio update compiler allocation and schedule,,,false
init_EB00,func_10011BB8,0x12C,0x4600848D,0x00000000,,,Normalize recovered audio update compiler allocation and schedule,,,false
init_EB00,func_10011BB8,0x130,0x440A9000,0xAC58FFF8,,,Normalize recovered audio update compiler allocation and schedule,,,false
init_EB00,func_10011BB8,0x134,0x00000000,0xC4640380,,,Normalize recovered audio update compiler allocation and schedule,,,false
init_EB00,func_10011BB8,0x138,0xAC4AFFF8,0xE444FFFC,,,Normalize recovered audio update compiler allocation and schedule,,,false
init_EB00,func_10011BB8,0x13C,0xC464F9E0,0x1020FFC8,,,Normalize recovered audio update compiler allocation and schedule,,,false
init_EB00,func_10011BB8,0x140,0x1020FFC8,0x248409A0,,,Normalize recovered audio update compiler allocation and schedule,,,false
init_EB00,func_10011BB8,0x144,0xE444FFFC,0x0C000000,-,R_MIPS_26:func_10011310,Normalize recovered audio update compiler allocation and schedule,,,false
init_EB00,func_10011BB8,0x148,0x0C000000,0x00000000,R_MIPS_26:func_10011310,-,Normalize recovered audio update compiler allocation and schedule,,,false
init_EB00,func_10011BB8,0x14C,0x00000000,0x3C050000,-,R_MIPS_HI16:D_80042760,Normalize recovered audio update compiler allocation and schedule,,,false
init_EB00,func_10011BB8,0x150,0x3C050000,0x24A50000,R_MIPS_HI16:D_80042760,R_MIPS_LO16:D_80042760,Normalize recovered audio update compiler allocation and schedule,,,false
init_EB00,func_10011BB8,0x154,0x24A50000,0x3C040000,R_MIPS_LO16:D_80042760,R_MIPS_HI16:D_80041FE0,Normalize recovered audio update compiler allocation and schedule,,,false
init_EB00,func_10011BB8,0x158,0x3C040000,0x24840000,R_MIPS_HI16:D_80041FE0,R_MIPS_LO16:D_80041FE0,Normalize recovered audio update compiler allocation and schedule,,,false
init_EB00,func_10011BB8,0x15C,0x24840000,0x8CA70000,R_MIPS_LO16:D_80041FE0,-,Normalize recovered audio update compiler allocation and schedule,,,false
init_EB00,func_10011BB8,0x160,0x8CA70000,0x0C000000,-,R_MIPS_26:func_10011624,Normalize recovered audio update compiler allocation and schedule,,,false
init_EB00,func_10011BB8,0x164,0x0C000000,0x00003025,R_MIPS_26:func_10011624,-,Normalize recovered audio update compiler allocation and schedule,,,false
init_EB00,func_10011BB8,0x168,0x00003025,0x3C070000,-,R_MIPS_HI16:D_80042760,Normalize recovered audio update compiler allocation and schedule,,,false
init_EB00,func_10011BB8,0x16C,0x3C080000,0x24E70000,R_MIPS_HI16:D_80042760,R_MIPS_LO16:D_80042760,Normalize recovered audio update compiler allocation and schedule,,,false
init_EB00,func_10011BB8,0x170,0x25080000,0x8CE60000,R_MIPS_LO16:D_80042760,-,Normalize recovered audio update compiler allocation and schedule,,,false
init_EB00,func_10011BB8,0x174,0x8D060000,0x3C080000,-,R_MIPS_HI16:D_80041FE0,Normalize recovered audio update compiler allocation and schedule,,,false
init_EB00,func_10011BB8,0x178,0x3C070000,0x25030000,R_MIPS_HI16:D_80041FE0,R_MIPS_LO16:D_80041FE0,Normalize recovered audio update compiler allocation and schedule,,,false
init_EB00,func_10011BB8,0x17C,0x24E70000,0x18C0001C,R_MIPS_LO16:D_80041FE0,-,Normalize recovered audio update compiler allocation and schedule,,,false
init_EB00,func_10011BB8,0x180,0x18C0001D,0x00002025,,,Normalize recovered audio update compiler allocation and schedule,,,false
init_EB00,func_10011BB8,0x184,0x00002025,0x00064880,,,Normalize recovered audio update compiler allocation and schedule,,,false
init_EB00,func_10011BB8,0x188,0x00065880,0x01264823,,,Normalize recovered audio update compiler allocation and schedule,,,false
init_EB00,func_10011BB8,0x18C,0x01665823,0x00094900,,,Normalize recovered audio update compiler allocation and schedule,,,false
init_EB00,func_10011BB8,0x190,0x000B5900,0x01232821,,,Normalize recovered audio update compiler allocation and schedule,,,false
init_EB00,func_10011BB8,0x194,0x00E01025,0x00601025,,,Normalize recovered audio update compiler allocation and schedule,,,false
init_EB00,func_10011BB8,0x198,0x01672821,0x00606025,,,Normalize recovered audio update compiler allocation and schedule,,,false
init_EB00,func_10011BB8,0x19C,0x00E01825,0x00406825,,,Normalize recovered audio update compiler allocation and schedule,,,false
init_EB00,func_10011BB8,0x1A0,0x00407025,0x00407025,-,-,Omit redundant compiler move in recovered audio update schedule,,,true
init_EB00,func_10011BB8,0x1A4,0x00607825,0x00607825,-,-,Omit redundant compiler move in recovered audio update schedule,,,true
init_EB00,func_10011BB8,0x1A8,0x244D0030,0x246B0030,,,Normalize recovered audio update compiler allocation and schedule,,,false
init_EB00,func_10011BB8,0x1AC,0x8DC10000,0x8D810000,,,Normalize recovered audio update compiler allocation and schedule,,,false
init_EB00,func_10011BB8,0x1B0,0x25CE000C,0x258C000C,,,Normalize recovered audio update compiler allocation and schedule,,,false
init_EB00,func_10011BB8,0x1B4,0x25EF000C,0x25AD000C,,,Normalize recovered audio update compiler allocation and schedule,,,false
init_EB00,func_10011BB8,0x1B8,0xADE1FFF4,0xADA1FFF4,,,Normalize recovered audio update compiler allocation and schedule,,,false
init_EB00,func_10011BB8,0x1BC,0x8DC1FFF8,0x8D81FFF8,,,Normalize recovered audio update compiler allocation and schedule,,,false
init_EB00,func_10011BB8,0x1C0,0xADE1FFF8,0xADA1FFF8,,,Normalize recovered audio update compiler allocation and schedule,,,false
init_EB00,func_10011BB8,0x1C4,0x8DC1FFFC,0x8D81FFFC,,,Normalize recovered audio update compiler allocation and schedule,,,false
init_EB00,func_10011BB8,0x1C8,0x15CDFFF8,0x158BFFF8,,,Normalize recovered audio update compiler allocation and schedule,,,false
init_EB00,func_10011BB8,0x1CC,0xADE1FFFC,0xADA1FFFC,,,Normalize recovered audio update compiler allocation and schedule,,,false
init_EB00,func_10011BB8,0x1D0,0x8C790010,0x8C4E0010,,,Normalize recovered audio update compiler allocation and schedule,,,false
init_EB00,func_10011BB8,0x1D4,0x24420030,0x24630030,,,Normalize recovered audio update compiler allocation and schedule,,,false
init_EB00,func_10011BB8,0x1D8,0x0045082B,0x0065082B,,,Normalize recovered audio update compiler allocation and schedule,,,false
init_EB00,func_10011BB8,0x1DC,0x33380080,0x31CF0080,,,Normalize recovered audio update compiler allocation and schedule,,,false
init_EB00,func_10011BB8,0x1E0,0x17000003,0x15E00003,,,Normalize recovered audio update compiler allocation and schedule,,,false
init_EB00,func_10011BB8,0x1EC,0x24630030,0x24420030,,,Normalize recovered audio update compiler allocation and schedule,,,false
init_EB00,func_10011BB8,0x1F4,0x00407025,0x00606025,,,Normalize recovered audio update compiler allocation and schedule,,,false
init_EB00,func_10011BB8,0x1F8,0xAD040000,0xACE40000,,,Normalize recovered audio update compiler allocation and schedule,,,false
init_EB00,func_10011BB8,0x204,0x3C090000,0x3C190000,R_MIPS_HI16:D_80041FDC,R_MIPS_HI16:D_80041FDC,Normalize recovered audio update compiler allocation and schedule,,,false
init_EB00,func_10011BB8,0x208,0x8D290000,0x8F390000,R_MIPS_LO16:D_80041FDC,R_MIPS_LO16:D_80041FDC,Normalize recovered audio update compiler allocation and schedule,,,false
init_EB00,func_10011BB8,0x218,0x14490003,0x17220003,,,Normalize recovered audio update compiler allocation and schedule,,,false
init_EB00,func_10011BB8,0x21C,0x3C0A0000,0x3C180000,R_MIPS_HI16:D_80041F60,R_MIPS_HI16:D_80041F60,Normalize recovered audio update compiler allocation and schedule,,,false
init_EB00,func_10011BB8,0x220,0x914A0000,0x93180000,R_MIPS_LO16:D_80041F60,R_MIPS_LO16:D_80041F60,Normalize recovered audio update compiler allocation and schedule,,,false
init_EB00,func_10011BB8,0x224,0x1143002A,0x1078002A,,,Normalize recovered audio update compiler allocation and schedule,,,false
init_EB00,func_10011BB8,0x28C,0x00625823,0x00624823,,,Normalize recovered audio update compiler allocation and schedule,,,false
init_EB00,func_10011BB8,0x290,0x448B3000,0x44893000,,,Normalize recovered audio update compiler allocation and schedule,,,false
init_EB00,func_10011BB8,0x2B0,0x00446821,0x00445021,,,Normalize recovered audio update compiler allocation and schedule,,,false
init_EB00,func_10011BB8,0x2B8,0xACCD0000,0xACCA0000,,,Normalize recovered audio update compiler allocation and schedule,,,false
init_EB00,func_10011BB8,0x2C0,0x3C0E0000,0x3C0B0000,R_MIPS_HI16:D_80041F61,R_MIPS_HI16:D_80041F61,Normalize recovered audio update compiler allocation and schedule,,,false
init_EB00,func_10011BB8,0x2C4,0x91CE0000,0x916B0000,R_MIPS_LO16:D_80041F61,R_MIPS_LO16:D_80041F61,Normalize recovered audio update compiler allocation and schedule,,,false
init_EB00,func_10011BB8,0x2CC,0xA02E0000,0xA02B0000,R_MIPS_LO16:D_80041F60,R_MIPS_LO16:D_80041F60,Normalize recovered audio update compiler allocation and schedule,,,false
init_EB00,func_1000FF90,0x000,0x00803825,0x00A03825,,,Normalize active-record lookup compiler allocation,,,false
init_EB00,func_1000FF90,0x00C,0x3C040000,0x3C050000,R_MIPS_HI16:D_80041FE0,R_MIPS_HI16:D_80041FE0,Normalize active-record lookup compiler allocation,,,false
init_EB00,func_1000FF90,0x010,0x24840000,0x24A50000,R_MIPS_LO16:D_80041FE0,R_MIPS_LO16:D_80041FE0,Normalize active-record lookup compiler allocation,,,false
init_EB00,func_1000FF90,0x024,0x8C8E0014,0x8CAE0014,,,Normalize active-record lookup compiler allocation,,,false
init_EB00,func_1000FF90,0x028,0x54EE0012,0x548E0012,,,Normalize active-record lookup compiler allocation,,,false
init_EB00,func_1000FF90,0x030,0x8C8F0018,0x8CAF0018,,,Normalize active-record lookup compiler allocation,,,false
init_EB00,func_1000FF90,0x034,0x50AF0004,0x50EF0004,,,Normalize active-record lookup compiler allocation,,,false
init_EB00,func_1000FF90,0x038,0x8C98001C,0x8CB8001C,,,Normalize active-record lookup compiler allocation,,,false
init_EB00,func_1000FF90,0x03C,0x54A8000D,0x54E8000D,,,Normalize active-record lookup compiler allocation,,,false
init_EB00,func_1000FF90,0x044,0x8C98001C,0x8CB8001C,,,Normalize active-record lookup compiler allocation,,,false
init_EB00,func_1000FF90,0x04C,0x8C990010,0x8CB90010,,,Normalize active-record lookup compiler allocation,,,false
init_EB00,func_1000FF90,0x058,0x8C990010,0x8CB90010,,,Normalize active-record lookup compiler allocation,,,false
init_EB00,func_1000FF90,0x07C,0x24840030,0x24A50030,,,Normalize active-record lookup compiler allocation,,,false
init_EB00,func_1000FEF0,0x020,0x00801025,0x3C020000,-,R_MIPS_HI16:D_80042760,Normalize handle-record lookup compiler allocation and schedule,,,false
init_EB00,func_1000FEF0,0x02C,0x3C050000,0x8C420000,R_MIPS_HI16:D_80042760,R_MIPS_LO16:D_80042760,Normalize handle-record lookup compiler allocation and schedule,,,false
init_EB00,func_1000FEF0,0x030,0x8CA50000,0x00001825,R_MIPS_LO16:D_80042760,-,Normalize handle-record lookup compiler allocation and schedule,,,false
init_EB00,func_1000FEF0,0x034,0x3C060000,0x00802825,R_MIPS_HI16:D_80041FE0,-,Normalize handle-record lookup compiler allocation and schedule,,,false
init_EB00,func_1000FEF0,0x038,0x00001825,0x18400015,,,Normalize handle-record lookup compiler allocation and schedule,,,false
init_EB00,func_1000FEF0,0x03C,0x18A00014,0x3C060000,-,R_MIPS_HI16:D_80041FE0,Normalize handle-record lookup compiler allocation and schedule,,,false
init_EB00,func_1000FEF0,0x048,0x544F000E,0x54AF000E,,,Normalize handle-record lookup compiler allocation and schedule,,,false
init_EB00,func_1000FEF0,0x084,0x0065082A,0x0062082A,,,Normalize handle-record lookup compiler allocation and schedule,,,false
init_EB00,func_1000F85C,0x028,0x54200021,0x54200022,,,Normalize audio event update compiler schedule,,,false
init_EB00,func_1000F85C,0x040,0x1040001A,0x1040001B,,,Normalize audio event update compiler schedule,,,false
init_EB00,func_1000F85C,0x04C,0x14A1000A,0x14A1000B,,,Normalize audio event update compiler schedule,,,false
init_EB00,func_1000F85C,0x070,0x10000005,0xAFB90028,,,Normalize audio event update compiler schedule,,,false
init_EB00,func_1000F85C,0x074,0xAFB90028,0x10000006,,,Normalize audio event update compiler schedule,,,false
init_EB00,func_1000F85C,0x078,0x24010011,0x3068000F,,,Normalize audio event update compiler schedule,,,false
init_EB00,func_1000F85C,0x07C,0x54A10003,0x24010011,,,Normalize audio event update compiler schedule,,,false
init_EB00,func_1000F85C,0x080,0x3068000F,0x54A10003,,,Normalize audio event update compiler schedule,,,false
init_EB00,func_1000F85C,0x084,0x24050010,0x3068000F,,,Normalize audio event update compiler schedule,,,false
init_EB00,func_1000F85C,0x088,0x3068000F,0x24050010,,,Normalize audio event update compiler schedule,,,false
init_EB00,func_1000F85C,0x08C,0x00084880,0x3068000F,,,Normalize audio event update compiler schedule,,,false
init_EB00,func_1000F85C,0x090,0x01284823,0x00084880,,,Normalize audio event update compiler schedule,,,false
init_EB00,func_1000F85C,0x094,0x00094880,0x01284823,,,Normalize audio event update compiler schedule,,,false
init_EB00,func_1000F85C,0x098,0x3C040000,0x00094880,R_MIPS_HI16:D_800425E0,-,Normalize audio event update compiler schedule,,,false
init_EB00,func_1000F85C,0x09C,0x00892021,0x3C040000,-,R_MIPS_HI16:D_800425E0,Normalize audio event update compiler schedule,,,false
init_EB00,func_1000F85C,0x0A0,0x8C840008,0x00892021,R_MIPS_LO16:D_800425E0,-,Normalize audio event update compiler schedule,,,false
init_EB00,func_1000F85C,0x0A4,0x0C000000,0x8C840008,R_MIPS_26:func_10017714,R_MIPS_LO16:D_800425E0,Normalize audio event update compiler schedule,,,false
init_EB00,func_1000F85C,0x0A8,0x8FA60028,0x0C000000,-,R_MIPS_26:func_10017714,Normalize audio event update compiler schedule,,,false
init_EB00,func_1000F85C,0x0AC,0x8FBF0014,0x8FA60028,,,Normalize audio event update compiler schedule,,,false
init_EB00,func_1000F85C,0x0B0,0x27BD0020,0x8FBF0014,,,Normalize audio event update compiler schedule,,,false
init_EB00,func_1000F85C,0x0B4,0x03E00008,0x27BD0020,,,Normalize audio event update compiler schedule,,,false
init_EB00,func_1000F85C,0x0B8,0x00000000,0x03E00008,,,Normalize audio event update compiler schedule,,,false
init_8F90,func_1000A03C,0x028,0xAFA00074,0xAFA00064,,,Normalize resource completion list compiler schedule,,,false
init_8F90,func_1000A03C,0x02C,0x1040005F,0x10400061,,,Normalize resource completion list compiler schedule,,,false
init_8F90,func_1000A03C,0x04C,0x27A50074,0x27A50064,,,Normalize resource completion list compiler schedule,,,false
init_8F90,func_1000A03C,0x054,0xAFA7003C,0xAFA70074,,,Normalize resource completion list compiler schedule,,,false
init_8F90,func_1000A03C,0x05C,0xAFA8005C,0xAFA80068,,,Normalize resource completion list compiler schedule,,,false
init_8F90,func_1000A03C,0x06C,0x8FA7003C,0x8FA70074,,,Normalize resource completion list compiler schedule,,,false
init_8F90,func_1000A03C,0x070,0x10410049,0x1041004B,,,Normalize resource completion list compiler schedule,,,false
init_8F90,func_1000A03C,0x074,0x8FA8005C,0x8FA80068,,,Normalize resource completion list compiler schedule,,,false
init_8F90,func_1000A03C,0x080,0x00003025,0x00002825,,,Normalize resource completion list compiler schedule,,,false
init_8F90,func_1000A03C,0x084,0x52000045,0x52000047,,,Normalize resource completion list compiler schedule,,,false
init_8F90,func_1000A03C,0x08C,0x8FAF0074,0x8FAE0064,,,Normalize resource completion list compiler schedule,,,false
init_8F90,func_1000A03C,0x090,0x8E0E0010,0x8E180010,,,Normalize resource completion list compiler schedule,,,false
init_8F90,func_1000A03C,0x094,0x8DF80008,0x8DCF0008,,,Normalize resource completion list compiler schedule,,,false
init_8F90,func_1000A03C,0x098,0x55D8003B,0x55F8003D,,,Normalize resource completion list compiler schedule,,,false
init_8F90,func_1000A03C,0x0A4,0x02603025,0x24050001,,,Normalize resource completion list compiler schedule,,,false
init_8F90,func_1000A03C,0x0E8,0x8E220004,0x8E230004,,,Normalize resource completion list compiler schedule,,,false
init_8F90,func_1000A03C,0x0EC,0x5040000B,0x5060000D,,,Normalize resource completion list compiler schedule,,,false
init_8F90,func_1000A03C,0x0F4,0xAE020004,0x8C6D0000,,,Normalize resource completion list compiler schedule,0xAE030004,-,false
init_8F90,func_1000A03C,0x0F8,0x8C4D0000,0x00601025,,,Normalize resource completion list compiler schedule,,,false
init_8F90,func_1000A03C,0x0FC,0xAE0D0000,0xAE0D0000,,,Normalize resource completion list compiler schedule,0x8C640000,-,false
init_8F90,func_1000A03C,0x100,0x8C430000,0x50800003,,,Normalize resource completion list compiler schedule,,,false
init_8F90,func_1000A03C,0x104,0x10600002,0xAC500000,,,Normalize resource completion list compiler schedule,,,false
init_8F90,func_1000A03C,0x108,0x00000000,0xAC900004,,,Normalize resource completion list compiler schedule,,,false
init_8F90,func_1000A03C,0x10C,0xAC700004,0xAC500000,,,Normalize resource completion list compiler schedule,,,false
init_8F90,func_1000A03C,0x110,0x10000004,0x10000005,,,Normalize resource completion list compiler schedule,,,false
init_8F90,func_1000A03C,0x114,0xAC500000,0x920E0016,,,Normalize resource completion list compiler schedule,,,false
init_8F90,func_1000A03C,0x124,0x920F0016,0x920E0016,,,Normalize resource completion list compiler schedule,,,false
init_8F90,func_1000A03C,0x128,0x566F0012,0x566E0012,,,Normalize resource completion list compiler schedule,,,false
init_8F90,func_1000A03C,0x12C,0x820B0014,0x820C0014,,,Normalize resource completion list compiler schedule,,,false
init_8F90,func_1000A03C,0x130,0x8E050010,0x8E040010,,,Normalize resource completion list compiler schedule,,,false
init_8F90,func_1000A03C,0x134,0x00002025,0x00001825,,,Normalize resource completion list compiler schedule,,,false
init_8F90,func_1000A03C,0x138,0x84AE000E,0x848F000E,,,Normalize resource completion list compiler schedule,,,false
init_8F90,func_1000A03C,0x13C,0x00A01025,0x00801025,,,Normalize resource completion list compiler schedule,,,false
init_8F90,func_1000A03C,0x140,0x51C0000C,0x51E0000C,,,Normalize resource completion list compiler schedule,,,false
init_8F90,func_1000A03C,0x144,0x820B0014,0x820C0014,,,Normalize resource completion list compiler schedule,,,false
init_8F90,func_1000A03C,0x148,0x8C430010,0x8C580010,,,Normalize resource completion list compiler schedule,,,false
init_8F90,func_1000A03C,0x14C,0x8E180010,0x8E190010,,,Normalize resource completion list compiler schedule,,,false
init_8F90,func_1000A03C,0x150,0x24840001,0x24630001,,,Normalize resource completion list compiler schedule,,,false
init_8F90,func_1000A03C,0x158,0x0303C821,0x03195021,,,Normalize resource completion list compiler schedule,,,false
init_8F90,func_1000A03C,0x15C,0xAC59000C,0xAC4A000C,,,Normalize resource completion list compiler schedule,,,false
init_8F90,func_1000A03C,0x160,0x84AA000E,0x848B000E,,,Normalize resource completion list compiler schedule,,,false
init_8F90,func_1000A03C,0x164,0x008A082B,0x006B082B,,,Normalize resource completion list compiler schedule,,,false
init_8F90,func_1000A03C,0x16C,0x8C430010,0x8C580010,,,Normalize resource completion list compiler schedule,,,false
init_8F90,func_1000A03C,0x170,0x820B0014,0x820C0014,,,Normalize resource completion list compiler schedule,,,false
init_8F90,func_1000A03C,0x178,0x256C0001,0x258D0001,,,Normalize resource completion list compiler schedule,,,false
init_8F90,func_1000A03C,0x180,0xA20C0014,0xA20D0014,,,Normalize resource completion list compiler schedule,,,false
init_8F90,func_1000A03C,0x190,0x50C0FFBF,0x50A0FFBD,,,Normalize resource completion list compiler schedule,,,false
init_8F90,func_1000A03C,0x194,0x8FAF0074,0x8FAE0064,,,Normalize resource completion list compiler schedule,,,false
init_8F90,func_1000A03C,0x1A4,0x1420FFA7,0x1420FFA5,,,Normalize resource completion list compiler schedule,,,false
init_8F90,func_1000A03C,0x1B8,0x00486823,0x00487023,,,Normalize resource completion list compiler schedule,,,false
init_8F90,func_1000A03C,0x1C0,0x1200003E,0x12000041,,,Normalize resource completion list compiler schedule,,,false
init_8F90,func_1000A03C,0x1C4,0xAD2D0000,0xAD2E0000,,,Normalize resource completion list compiler schedule,,,false
init_8F90,func_1000A03C,0x1E0,0x00001025,0x00001825,,,Normalize resource completion list compiler schedule,,,false
init_8F90,func_1000A03C,0x1E8,0x00C01825,0x00C01025,,,Normalize resource completion list compiler schedule,,,false
init_8F90,func_1000A03C,0x1F4,0x8C6E0010,0x8C580010,,,Normalize resource completion list compiler schedule,,,false
init_8F90,func_1000A03C,0x1F8,0x24420001,0x24630001,,,Normalize resource completion list compiler schedule,,,false
init_8F90,func_1000A03C,0x1FC,0x8DC40008,0x8F040008,,,Normalize resource completion list compiler schedule,,,false
init_8F90,func_1000A03C,0x200,0x9098000A,0x9099000A,,,Normalize resource completion list compiler schedule,,,false
init_8F90,func_1000A03C,0x204,0x53000005,0x53200005,,,Normalize resource completion list compiler schedule,,,false
init_8F90,func_1000A03C,0x208,0x0045082B,0x0065082B,,,Normalize resource completion list compiler schedule,,,false
init_8F90,func_1000A03C,0x218,0x0045082B,0x0065082B,,,Normalize resource completion list compiler schedule,,,false
init_8F90,func_1000A03C,0x220,0x24630004,0x24420004,,,Normalize resource completion list compiler schedule,,,false
init_8F90,func_1000A03C,0x224,0x14E00023,0x54E00026,,,Normalize resource completion list compiler schedule,,,false
init_8F90,func_1000A03C,0x228,0x00000000,0x02408025,,,Normalize resource completion list compiler schedule,,,false
init_8F90,func_1000A03C,0x240,0x8E390010,0x8E2A0010,,,Normalize resource completion list compiler schedule,,,false
init_8F90,func_1000A03C,0x244,0x56190003,0x560A0003,,,Normalize resource completion list compiler schedule,,,false
init_8F90,func_1000A03C,0x25C,0x8E0A0004,0x8E0B0004,,,Normalize resource completion list compiler schedule,,,false
init_8F90,func_1000A03C,0x260,0xAC4A0004,0xAC4B0004,,,Normalize resource completion list compiler schedule,,,false
init_8F90,func_1000A03C,0x26C,0x8E220008,0x8E230008,,,Normalize resource completion list compiler schedule,,,false
init_8F90,func_1000A03C,0x270,0x8E0B0000,0x8E0C0000,,,Normalize resource completion list compiler schedule,,,false
init_8F90,func_1000A03C,0x274,0xAC4B0000,0xAC4C0000,,,Normalize resource completion list compiler schedule,,,false
init_8F90,func_1000A03C,0x278,0x8E220008,0x8E230008,,,Normalize resource completion list compiler schedule,,,false
init_8F90,func_1000A03C,0x27C,0x5040000B,0x5060000D,,,Normalize resource completion list compiler schedule,,,false
init_8F90,func_1000A03C,0x284,0xAE020004,0x8C6D0000,,,Normalize resource completion list compiler schedule,0xAE030004,-,false
init_8F90,func_1000A03C,0x288,0x8C4C0000,0x00601025,,,Normalize resource completion list compiler schedule,,,false
init_8F90,func_1000A03C,0x28C,0xAE0C0000,0xAE0D0000,,,Normalize resource completion list compiler schedule,,,false
init_8F90,func_1000A03C,0x290,0x8C430000,0x8C640000,,,Normalize resource completion list compiler schedule,0x50800003,-,false
init_8F90,func_1000A03C,0x294,0x10600002,0xAC500000,,,Normalize resource completion list compiler schedule,,,false
init_8F90,func_1000A03C,0x298,0x00000000,0xAC900004,,,Normalize resource completion list compiler schedule,,,false
init_8F90,func_1000A03C,0x29C,0xAC700004,0xAC500000,,,Normalize resource completion list compiler schedule,,,false
init_8F90,func_1000A03C,0x2A0,0x10000004,0x10000005,,,Normalize resource completion list compiler schedule,,,false
init_8F90,func_1000A03C,0x2A4,0xAC500000,0x02408025,,,Normalize resource completion list compiler schedule,,,false
init_8F90,func_1000A03C,0x2B4,0x1640FFC4,0x02408025,,,Normalize resource completion list compiler schedule,,,false
init_8F90,func_1000A03C,0x2B8,0x02408025,0x5640FFC2,,,Normalize resource completion list compiler schedule,0x920F0016,-,false
init_8F90,func_1000A03C,0x2C4,0x8E0D0000,0x8E0E0000,,,Normalize resource completion list compiler schedule,,,false
init_8F90,func_1000A03C,0x2C8,0x51A00005,0x51C00005,,,Normalize resource completion list compiler schedule,,,false
init_A420,func_1000A420,0x050,0x00404825,0x00405025,,,Normalize spatial attenuation compiler schedule,,,false
init_A420,func_1000A420,0x060,0x00404825,0x00405025,,,Normalize spatial attenuation compiler schedule,,,false
init_A420,func_1000A420,0x078,0x016C5023,0x016C4823,,,Normalize spatial attenuation compiler schedule,,,false
init_A420,func_1000A420,0x07C,0x01CA001A,0x01C9001A,,,Normalize spatial attenuation compiler schedule,,,false
init_A420,func_1000A420,0x080,0x15400002,0x15200002,,,Normalize spatial attenuation compiler schedule,,,false
init_A420,func_1000A420,0x090,0x15410004,0x15210004,,,Normalize spatial attenuation compiler schedule,,,false
init_A420,func_1000A420,0x0B0,0x14200093,0x14200094,,,Normalize spatial attenuation compiler schedule,,,false
init_A420,func_1000A420,0x0BC,0x53200079,0x5320007A,,,Normalize spatial attenuation compiler schedule,,,false
init_A420,func_1000A420,0x0C0,0x01697823,0x016A6023,,,Normalize spatial attenuation compiler schedule,,,false
init_A420,func_1000A420,0x0D4,0xAFA8002C,0xAFA80020,,,Normalize spatial attenuation compiler schedule,,,false
init_A420,func_1000A420,0x0E0,0xAFAA0018,0xAFAA0030,,,Normalize spatial attenuation compiler schedule,,,false
init_A420,func_1000A420,0x0E8,0x8FA8002C,0x8FA80020,,,Normalize spatial attenuation compiler schedule,,,false
init_A420,func_1000A420,0x0F0,0x14200067,0x14200068,,,Normalize spatial attenuation compiler schedule,,,false
init_A420,func_1000A420,0x0F4,0x8FAA0018,0x8FAA0030,,,Normalize spatial attenuation compiler schedule,,,false
init_A420,func_1000A420,0x140,0xAFA8002C,0xAFA80020,,,Normalize spatial attenuation compiler schedule,,,false
init_A420,func_1000A420,0x154,0xAFA8002C,0xAFA80020,,,Normalize spatial attenuation compiler schedule,,,false
init_A420,func_1000A420,0x160,0xAFAA0018,0xAFAA0030,,,Normalize spatial attenuation compiler schedule,,,false
init_A420,func_1000A420,0x174,0x46328082,0x46328102,,,Normalize spatial attenuation compiler schedule,,,false
init_A420,func_1000A420,0x178,0x8FA8002C,0x8FA80020,,,Normalize spatial attenuation compiler schedule,,,false
init_A420,func_1000A420,0x180,0x8FAA0018,0x8FAA0030,,,Normalize spatial attenuation compiler schedule,,,false
init_A420,func_1000A420,0x188,0xC7A60044,0xC7A80044,,,Normalize spatial attenuation compiler schedule,,,false
init_A420,func_1000A420,0x18C,0x4620110D,0x4620218D,,,Normalize spatial attenuation compiler schedule,,,false
init_A420,func_1000A420,0x190,0x44042000,0x44043000,,,Normalize spatial attenuation compiler schedule,,,false
init_A420,func_1000A420,0x1A0,0x19A0000E,0x19A0000F,,,Normalize spatial attenuation compiler schedule,,,false
init_A420,func_1000A420,0x1C4,0x10000005,0x10000006,,,Normalize spatial attenuation compiler schedule,,,false
init_A420,func_1000A420,0x1D8,0x000D1403,0x000D7C03,,,Normalize spatial attenuation compiler schedule,0x01E01025,-,false
init_A420,func_1000A420,0x1DC,0xC4280000,0xC42A0000,,,Normalize spatial attenuation compiler schedule,,,false
init_A420,func_1000A420,0x1E0,0x44828000,0x44829000,,,Normalize spatial attenuation compiler schedule,,,false
init_A420,func_1000A420,0x1E4,0x46083282,0x460A4402,,,Normalize spatial attenuation compiler schedule,,,false
init_A420,func_1000A420,0x1E8,0x468084A0,0x46809120,,,Normalize spatial attenuation compiler schedule,,,false
init_A420,func_1000A420,0x1EC,0x460A9100,0x46102180,,,Normalize spatial attenuation compiler schedule,,,false
init_A420,func_1000A420,0x1F0,0x4600218D,0x4600320D,,,Normalize spatial attenuation compiler schedule,,,false
init_A420,func_1000A420,0x1F4,0x44033000,0x44194000,,,Normalize spatial attenuation compiler schedule,,,false
init_A420,func_1000A420,0x1FC,0x00036600,0x00197600,,,Normalize spatial attenuation compiler schedule,,,false
init_A420,func_1000A420,0x200,0x000CCE03,0x000E6E03,,,Normalize spatial attenuation compiler schedule,,,false
init_A420,func_1000A420,0x204,0x2B210060,0x29A10060,,,Normalize spatial attenuation compiler schedule,,,false
init_A420,func_1000A420,0x20C,0x03201825,0x01A01025,,,Normalize spatial attenuation compiler schedule,,,false
init_A420,func_1000A420,0x210,0x2B21FFA0,0x29A1FFA0,,,Normalize spatial attenuation compiler schedule,,,false
init_A420,func_1000A420,0x218,0x28610020,0x28410020,,,Normalize spatial attenuation compiler schedule,,,false
init_A420,func_1000A420,0x224,0x28610020,0x28410020,,,Normalize spatial attenuation compiler schedule,,,false
init_A420,func_1000A420,0x22C,0x2861FFE0,0x2841FFE0,,,Normalize spatial attenuation compiler schedule,,,false
init_A420,func_1000A420,0x230,0x240E005F,0x240F005F,,,Normalize spatial attenuation compiler schedule,,,false
init_A420,func_1000A420,0x234,0x01C31023,0x01E21023,,,Normalize spatial attenuation compiler schedule,,,false
init_A420,func_1000A420,0x238,0x00026C00,0x0002C400,,,Normalize spatial attenuation compiler schedule,,,false
init_A420,func_1000A420,0x240,0x000D1403,0x00181403,,,Normalize spatial attenuation compiler schedule,,,false
init_A420,func_1000A420,0x244,0x2861FFE0,0x2841FFE0,,,Normalize spatial attenuation compiler schedule,,,false
init_A420,func_1000A420,0x248,0x10200006,0x10200005,,,Normalize spatial attenuation compiler schedule,,,false
init_A420,func_1000A420,0x24C,0x00631021,0x2419FFA1,,,Normalize spatial attenuation compiler schedule,,,false
init_A420,func_1000A420,0x250,0x2418FFA1,0x03221023,,,Normalize spatial attenuation compiler schedule,,,false
init_A420,func_1000A420,0x254,0x03031023,0x00027400,,,Normalize spatial attenuation compiler schedule,,,false
init_A420,func_1000A420,0x258,0x00026400,0x10000006,,,Normalize spatial attenuation compiler schedule,,,false
init_A420,func_1000A420,0x25C,0x10000005,0x000E1403,,,Normalize spatial attenuation compiler schedule,,,false
init_A420,func_1000A420,0x260,0x000C1403,0x00421021,,,Normalize spatial attenuation compiler schedule,,,false
init_A420,func_1000A420,0x264,0x00027400,0x00027C00,,,Normalize spatial attenuation compiler schedule,,,false
init_A420,func_1000A420,0x268,0x000E6C03,0x000FC403,,,Normalize spatial attenuation compiler schedule,,,false
init_A420,func_1000A420,0x270,0x01A01025,0x03001025,,,Normalize spatial attenuation compiler schedule,,,false
init_A420,func_1000A420,0x274,0x8FB80024,0x8FB90024,,,Normalize spatial attenuation compiler schedule,,,false
init_A420,func_1000A420,0x278,0x8FB9005C,0x8FAD005C,,,Normalize spatial attenuation compiler schedule,,,false
init_A420,func_1000A420,0x27C,0x244F0040,0x244C0040,,,Normalize spatial attenuation compiler schedule,,,false
init_A420,func_1000A420,0x280,0x01F86025,0x01997025,,,Normalize spatial attenuation compiler schedule,,,false
init_A420,func_1000A420,0x284,0xAF2C0000,0xADAE0000,,,Normalize spatial attenuation compiler schedule,,,false
init_A420,func_1000A420,0x290,0x8FAD005C,0x8FB8005C,,,Normalize spatial attenuation compiler schedule,,,false
init_A420,func_1000A420,0x294,0x240E0040,0x240F0040,,,Normalize spatial attenuation compiler schedule,,,false
init_A420,func_1000A420,0x298,0xADAE0000,0xAF0F0000,,,Normalize spatial attenuation compiler schedule,,,false
init_A420,func_1000A420,0x2A0,0x01697823,0x016A6023,,,Normalize spatial attenuation compiler schedule,,,false
init_A420,func_1000A420,0x2A4,0x000FC3C0,0x000CCBC0,,,Normalize spatial attenuation compiler schedule,,,false
init_A420,func_1000A420,0x2A8,0x030A001A,0x0329001A,,,Normalize spatial attenuation compiler schedule,,,false
init_A420,func_1000A420,0x2AC,0x15400002,0x15200002,,,Normalize spatial attenuation compiler schedule,,,false
init_A420,func_1000A420,0x2BC,0x15410004,0x15210004,,,Normalize spatial attenuation compiler schedule,,,false
init_A420,func_1000A420,0x2C4,0x17010002,0x17210002,,,Normalize spatial attenuation compiler schedule,,,false
init_A420,func_1000A420,0x2D0,0x00006012,0x00007012,,,Normalize spatial attenuation compiler schedule,,,false
init_A420,func_1000A420,0x2D4,0x24197FFF,0x240D7FFF,,,Normalize spatial attenuation compiler schedule,,,false
init_A420,func_1000A420,0x2D8,0x032C7023,0x01AE7823,,,Normalize spatial attenuation compiler schedule,,,false
init_A420,func_1000A420,0x2DC,0x05C10002,0x05E10002,,,Normalize spatial attenuation compiler schedule,,,false
init_A420,func_1000A420,0x2F0,0x8FAD0060,0x8FB80060,,,Normalize spatial attenuation compiler schedule,,,false
init_A420,func_1000A420,0x2FC,0xADA80000,0xAF080000,,,Normalize spatial attenuation compiler schedule,,,false
init_A420,func_1000A420,0x300,0x8FAF0060,0x8FAC0060,,,Normalize spatial attenuation compiler schedule,,,false
init_A420,func_1000A420,0x304,0xADE00000,0xAD800000,,,Normalize spatial attenuation compiler schedule,,,false
init_A420,func_1000A420,0x310,0x01201025,0x01401025,,,Normalize spatial attenuation compiler schedule,,,false
init_A420,func_1000A420,0x314,0xAC490000,0xAC4A0000,,,Normalize spatial attenuation compiler schedule,,,false
init_A420,func_1000A420,0x318,0x01201025,0x01401025,,,Normalize spatial attenuation compiler schedule,,,false
init_8F90,func_10009CBC,0x01C,0x8DC90000,0x8DC80000,,,Normalize resource request manager compiler allocation,,,false
init_8F90,func_10009CBC,0x028,0x312F0001,0x310F0001,,,Normalize resource request manager compiler allocation,,,false
init_8F90,func_10009CBC,0x02C,0x11E000AC,0x11E000AF,,,Normalize resource request manager compiler allocation,,,false
init_8F90,func_10009CBC,0x030,0x8FAC0058,0x8FAB0058,,,Normalize resource request manager compiler allocation,,,false
init_8F90,func_10009CBC,0x038,0x312800FF,0x310900FF,,,Normalize resource request manager compiler allocation,,,false
init_8F90,func_10009CBC,0x03C,0x312800FF,0x310900FF,,,Normalize resource request manager compiler allocation,,,false
init_8F90,func_10009CBC,0x044,0x25080001,0x25290001,,,Normalize resource request manager compiler allocation,,,false
init_8F90,func_10009CBC,0x04C,0x0101C824,0x0121C824,,,Normalize resource request manager compiler allocation,,,false
init_8F90,func_10009CBC,0x050,0x00194180,0x00194980,,,Normalize resource request manager compiler allocation,,,false
init_8F90,func_10009CBC,0x058,0x54600038,0x54600039,,,Normalize resource request manager compiler allocation,,,false
init_8F90,func_10009CBC,0x05C,0x8C6C0000,0x8C6B0000,,,Normalize resource request manager compiler allocation,,,false
init_8F90,func_10009CBC,0x0A4,0x10C00030,0x10C00031,,,Normalize resource request manager compiler allocation,,,false
init_8F90,func_10009CBC,0x0AC,0x8CCE0008,0x8CC2000C,,,Normalize resource request manager compiler allocation,,,false
init_8F90,func_10009CBC,0x0B0,0x8CCF000C,0x8CCE0008,,,Normalize resource request manager compiler allocation,,,false
init_8F90,func_10009CBC,0x0B8,0xADEE0000,0xAC4E0000,,,Normalize resource request manager compiler allocation,,,false
init_8F90,func_10009CBC,0x0C0,0xAFA90034,0xAFA9004C,,,Normalize resource request manager compiler allocation,,,false
init_8F90,func_10009CBC,0x0C4,0xAFA80038,0xAFA80040,,,Normalize resource request manager compiler allocation,,,false
init_8F90,func_10009CBC,0x0DC,0x8FA80038,0x8FA80040,,,Normalize resource request manager compiler allocation,,,false
init_8F90,func_10009CBC,0x0E0,0x8FA90034,0x8FA9004C,,,Normalize resource request manager compiler allocation,,,false
init_8F90,func_10009CBC,0x0F4,0x8CF80004,0x8CEF0004,,,Normalize resource request manager compiler allocation,,,false
init_8F90,func_10009CBC,0x0F8,0x54D80005,0x54CF0005,,,Normalize resource request manager compiler allocation,,,false
init_8F90,func_10009CBC,0x100,0x8CD90000,0x8CD80000,,,Normalize resource request manager compiler allocation,,,false
init_8F90,func_10009CBC,0x108,0xAC390000,0xAC380000,,,Normalize resource request manager compiler allocation,,,false
init_8F90,func_10009CBC,0x118,0x8CCA0004,0x8CD90004,,,Normalize resource request manager compiler allocation,,,false
init_8F90,func_10009CBC,0x11C,0xAC4A0004,0xAC590004,,,Normalize resource request manager compiler allocation,,,false
init_8F90,func_10009CBC,0x124,0x10400010,0x10400011,,,Normalize resource request manager compiler allocation,,,false
init_8F90,func_10009CBC,0x12C,0x8CCB0000,0x8CCA0000,,,Normalize resource request manager compiler allocation,0xAC4A0000,-,false
init_8F90,func_10009CBC,0x134,0xAC4B0000,0x00000000,,,Normalize resource request manager compiler allocation,,,false
init_8F90,func_10009CBC,0x138,0x8C6C0000,0x8C6B0000,,,Normalize resource request manager compiler allocation,,,false
init_8F90,func_10009CBC,0x13C,0xACEC0008,0xACEB0008,,,Normalize resource request manager compiler allocation,,,false
init_8F90,func_10009CBC,0x14C,0x8C6D0004,0x8C6C0004,,,Normalize resource request manager compiler allocation,,,false
init_8F90,func_10009CBC,0x150,0xAC4D0004,0xAC4C0004,,,Normalize resource request manager compiler allocation,,,false
init_8F90,func_10009CBC,0x160,0x8C6E0000,0x8C6D0000,,,Normalize resource request manager compiler allocation,,,false
init_8F90,func_10009CBC,0x164,0xAC4E0000,0xAC4D0000,,,Normalize resource request manager compiler allocation,,,false
init_8F90,func_10009CBC,0x168,0x1060005B,0x1060005D,,,Normalize resource request manager compiler allocation,,,false
init_8F90,func_10009CBC,0x178,0x8CE2000C,0x8CE4000C,,,Normalize resource request manager compiler allocation,,,false
init_8F90,func_10009CBC,0x17C,0x240500FF,0x24060002,,,Normalize resource request manager compiler allocation,,,false
init_8F90,func_10009CBC,0x180,0x24060002,0x5080000D,,,Normalize resource request manager compiler allocation,,,false
init_8F90,func_10009CBC,0x184,0x5040000B,0xACE3000C,,,Normalize resource request manager compiler allocation,,,false
init_8F90,func_10009CBC,0x188,0xACE3000C,0x8C8E0000,,,Normalize resource request manager compiler allocation,,,false
init_8F90,func_10009CBC,0x18C,0xAC620004,0xAC640004,,,Normalize resource request manager compiler allocation,,,false
init_8F90,func_10009CBC,0x190,0x8C4F0000,0x00801025,,,Normalize resource request manager compiler allocation,,,false
init_8F90,func_10009CBC,0x194,0xAC6F0000,0xAC6E0000,,,Normalize resource request manager compiler allocation,,,false
init_8F90,func_10009CBC,0x198,0x8C440000,0x8C850000,,,Normalize resource request manager compiler allocation,0x50A00003,-,false
init_8F90,func_10009CBC,0x19C,0x10800002,0xAC430000,,,Normalize resource request manager compiler allocation,,,false
init_8F90,func_10009CBC,0x1A0,0x00000000,0xACA30004,,,Normalize resource request manager compiler allocation,,,false
init_8F90,func_10009CBC,0x1A4,0xAC830004,0xAC430000,,,Normalize resource request manager compiler allocation,,,false
init_8F90,func_10009CBC,0x1A8,0x10000004,0x10000005,,,Normalize resource request manager compiler allocation,,,false
init_8F90,func_10009CBC,0x1AC,0xAC430000,0xAC680008,,,Normalize resource request manager compiler allocation,,,false
init_8F90,func_10009CBC,0x1BC,0xAC690008,0xAC680008,,,Normalize resource request manager compiler allocation,,,false
init_8F90,func_10009CBC,0x1C4,0x8FB8005C,0x8FAF005C,,,Normalize resource request manager compiler allocation,,,false
init_8F90,func_10009CBC,0x1C8,0xA0600015,0x3C190000,-,R_MIPS_HI16:D_8002AE50,Normalize resource request manager compiler allocation,,,false
init_8F90,func_10009CBC,0x1CC,0x3C0A0000,0x2524000F,R_MIPS_HI16:D_8002AE50,-,Normalize resource request manager compiler allocation,,,false
init_8F90,func_10009CBC,0x1D0,0xA0780016,0xA06F0016,,,Normalize resource request manager compiler allocation,,,false
init_8F90,func_10009CBC,0x1D4,0x8FB90058,0x8FB80058,,,Normalize resource request manager compiler allocation,,,false
init_8F90,func_10009CBC,0x1D8,0x2504000F,0xA0600015,,,Normalize resource request manager compiler allocation,,,false
init_8F90,func_10009CBC,0x1DC,0x00003825,0x240500FF,,,Normalize resource request manager compiler allocation,,,false
init_8F90,func_10009CBC,0x1E0,0xAC79000C,0xAC78000C,,,Normalize resource request manager compiler allocation,,,false
init_8F90,func_10009CBC,0x1E4,0x8D4A0000,0x8F390000,,,Normalize resource request manager compiler allocation,0x00003825,-,false
init_8F90,func_10009CBC,0x1E8,0x2D410028,0x2F210028,,,Normalize resource request manager compiler allocation,,,false
init_8F90,func_10009CBC,0x1F4,0x00815824,0x00815024,,,Normalize resource request manager compiler allocation,,,false
init_8F90,func_10009CBC,0x1F8,0x01602025,0x01402025,,,Normalize resource request manager compiler allocation,,,false
init_8F90,func_10009CBC,0x1FC,0xAFAB002C,0xAFAA0048,,,Normalize resource request manager compiler allocation,,,false
init_8F90,func_10009CBC,0x200,0xAFAB0028,0xAFAA0028,,,Normalize resource request manager compiler allocation,,,false
init_8F90,func_10009CBC,0x20C,0xAFA90034,0xAFA80040,,,Normalize resource request manager compiler allocation,,,false
init_8F90,func_10009CBC,0x22C,0x8FA90034,0x8FA80040,,,Normalize resource request manager compiler allocation,,,false
init_8F90,func_10009CBC,0x234,0x8C620010,0x8C640010,,,Normalize resource request manager compiler allocation,,,false
init_8F90,func_10009CBC,0x238,0x8FA5002C,0x8FA50048,,,Normalize resource request manager compiler allocation,,,false
init_8F90,func_10009CBC,0x23C,0x10400026,0x10800026,,,Normalize resource request manager compiler allocation,,,false
init_8F90,func_10009CBC,0x240,0x00402025,0x00000000,,,Normalize resource request manager compiler allocation,,,false
init_8F90,func_10009CBC,0x24C,0xAFA90034,0xAFA80040,,,Normalize resource request manager compiler allocation,,,false
init_8F90,func_10009CBC,0x254,0x8FA5002C,0x8FA50048,,,Normalize resource request manager compiler allocation,,,false
init_8F90,func_10009CBC,0x264,0x8C420000,0x8FA30054,R_MIPS_LO16:D_8002AE50,-,Normalize resource request manager compiler allocation,,,false
init_8F90,func_10009CBC,0x268,0x8FA30054,0x8FA80040,,,Normalize resource request manager compiler allocation,,,false
init_8F90,func_10009CBC,0x26C,0x8FA90034,0x8C420000,-,R_MIPS_LO16:D_8002AE50,Normalize resource request manager compiler allocation,,,false
init_8F90,func_10009CBC,0x270,0x3C010000,0x8C6E0010,R_MIPS_HI16:D_8002AE50,-,Normalize resource request manager compiler allocation,,,false
init_8F90,func_10009CBC,0x274,0x244C0001,0x2401FFF8,,,Normalize resource request manager compiler allocation,,,false
init_8F90,func_10009CBC,0x278,0xAC2C0000,0x00083942,R_MIPS_LO16:D_8002AE50,-,Normalize resource request manager compiler allocation,,,false
init_8F90,func_10009CBC,0x27C,0x00026880,0x00025880,,,Normalize resource request manager compiler allocation,,,false
init_8F90,func_10009CBC,0x280,0x8FB9002C,0x8FAF0048,,,Normalize resource request manager compiler allocation,,,false
init_8F90,func_10009CBC,0x284,0x8C780010,0x00E16824,,,Normalize resource request manager compiler allocation,,,false
init_8F90,func_10009CBC,0x288,0x2401FFF8,0x3C0C0000,-,R_MIPS_HI16:D_80041330,Normalize resource request manager compiler allocation,,,false
init_8F90,func_10009CBC,0x28C,0x3C0E0000,0x3C180000,R_MIPS_HI16:D_80041330,R_MIPS_HI16:D_800416F0,Normalize resource request manager compiler allocation,,,false
init_8F90,func_10009CBC,0x290,0x3C0A0000,0x01625823,R_MIPS_HI16:D_800416F0,-,Normalize resource request manager compiler allocation,,,false
init_8F90,func_10009CBC,0x294,0x01A26823,0x000B58C0,,,Normalize resource request manager compiler allocation,,,false
init_8F90,func_10009CBC,0x298,0x00093942,0x27180000,-,R_MIPS_LO16:D_800416F0,Normalize resource request manager compiler allocation,,,false
init_8F90,func_10009CBC,0x29C,0x00E17824,0x258C0000,-,R_MIPS_LO16:D_80041330,Normalize resource request manager compiler allocation,,,false
init_8F90,func_10009CBC,0x2A0,0x000D68C0,0x3C010000,-,R_MIPS_HI16:D_8002AE50,Normalize resource request manager compiler allocation,,,false
init_8F90,func_10009CBC,0x2A4,0x254A0000,0x24590001,R_MIPS_LO16:D_800416F0,-,Normalize resource request manager compiler allocation,,,false
init_8F90,func_10009CBC,0x2A8,0x25CE0000,0xAC390000,R_MIPS_LO16:D_80041330,R_MIPS_LO16:D_8002AE50,Normalize resource request manager compiler allocation,,,false
init_8F90,func_10009CBC,0x2AC,0x01AE2021,0x016C2021,,,Normalize resource request manager compiler allocation,,,false
init_8F90,func_10009CBC,0x2B0,0xAFAA0018,0xAFB80018,,,Normalize resource request manager compiler allocation,,,false
init_8F90,func_10009CBC,0x2B4,0x01E03825,0x01A03825,,,Normalize resource request manager compiler allocation,,,false
init_8F90,func_10009CBC,0x2C0,0xAFB90014,0xAFAE0010,,,Normalize resource request manager compiler allocation,,,false
init_8F90,func_10009CBC,0x2C8,0xAFB80010,0xAFAF0014,,,Normalize resource request manager compiler allocation,,,false
init_8F90,func_10009CBC,0x2D0,0x8FAB0058,0x8FAA0058,,,Normalize resource request manager compiler allocation,,,false
init_8F90,func_10009CBC,0x2D4,0xAD630000,0xAD430000,,,Normalize resource request manager compiler allocation,,,false
init_8F90,func_10009CBC,0x2E0,0xAD890000,0xAD680000,,,Normalize resource request manager compiler allocation,,,false
init_8F90,func_10009CBC,0x2E4,0x91220015,0x91020015,,,Normalize resource request manager compiler allocation,,,false
init_8F90,func_10009CBC,0x2E8,0x8FAD005C,0x8FAC005C,,,Normalize resource request manager compiler allocation,,,false
init_8F90,func_10009CBC,0x2F4,0x15A30008,0x15830008,,,Normalize resource request manager compiler allocation,,,false
init_8F90,func_10009CBC,0x300,0x240E0002,0x240D0002,,,Normalize resource request manager compiler allocation,,,false
init_8F90,func_10009CBC,0x308,0xA12E0015,0xA10D0015,,,Normalize resource request manager compiler allocation,,,false
init_8F90,func_10009CBC,0x30C,0x812F0014,0x810E0014,,,Normalize resource request manager compiler allocation,,,false
init_8F90,func_10009CBC,0x310,0x25F80001,0x25CF0001,,,Normalize resource request manager compiler allocation,,,false
init_8F90,func_10009CBC,0x314,0xA1380014,0xA10F0014,,,Normalize resource request manager compiler allocation,,,false
init_8F90,func_10009CBC,0x31C,0x8D220010,0x8D020010,,,Normalize resource request manager compiler allocation,,,false
init_8180,func_10008180,0x228,0x14A7FFF6,0x286104B0,-,-,Restore the retail signed sequence-table loop bound,,,false
init_8180,func_10008180,0x22C,0x24630002,0x1420FFF5,-,-,Restore the retail sequence-table loop latch,0x24420002,-,false
init_8180,func_10008180,0x0,0x27BDFEF8,0x27BDFF10,-,-,Normalize audio bootstrap compiler frame and allocation,,,false
init_8180,func_10008180,0x6C,0xAFAE00AC,0xAFAE0094,-,-,Normalize audio bootstrap compiler frame and allocation,,,false
init_8180,func_10008180,0x70,0xAFAF00B0,0xAFAF0098,-,-,Normalize audio bootstrap compiler frame and allocation,,,false
init_8180,func_10008180,0x74,0xAFB800B4,0xAFB8009C,-,-,Normalize audio bootstrap compiler frame and allocation,,,false
init_8180,func_10008180,0x78,0xAFB900B8,0xAFB900A0,-,-,Normalize audio bootstrap compiler frame and allocation,,,false
init_8180,func_10008180,0x7C,0xAFA000BC,0xAFA000A4,-,-,Normalize audio bootstrap compiler frame and allocation,,,false
init_8180,func_10008180,0x80,0xA3A800DC,0xA3A800C4,-,-,Normalize audio bootstrap compiler frame and allocation,,,false
init_8180,func_10008180,0x84,0xA3A900DD,0xA3A900C5,-,-,Normalize audio bootstrap compiler frame and allocation,,,false
init_8180,func_10008180,0x88,0xAFA000D8,0xAFA000C0,-,-,Normalize audio bootstrap compiler frame and allocation,,,false
init_8180,func_10008180,0x8C,0xAFB700D4,0xAFB700BC,-,-,Normalize audio bootstrap compiler frame and allocation,,,false
init_8180,func_10008180,0x90,0xAFAA0084,0xAFAA0068,-,-,Normalize audio bootstrap compiler frame and allocation,,,false
init_8180,func_10008180,0x94,0xAFAB0088,0xAFAB006C,-,-,Normalize audio bootstrap compiler frame and allocation,,,false
init_8180,func_10008180,0x98,0xAFAC008C,0xAFAC0070,-,-,Normalize audio bootstrap compiler frame and allocation,,,false
init_8180,func_10008180,0xB0,0xAFA200D0,0xAFA200B8,-,-,Normalize audio bootstrap compiler frame and allocation,,,false
init_8180,func_10008180,0xB4,0x27A400AC,0x27A40094,-,-,Normalize audio bootstrap compiler frame and allocation,,,false
init_8180,func_10008180,0xC0,0x27A60084,0x27A60068,-,-,Normalize audio bootstrap compiler frame and allocation,,,false
init_8180,func_10008180,0x134,0xAFA2005C,0xAFA20058,-,-,Normalize audio bootstrap compiler frame and allocation,,,false
init_8180,func_10008180,0x1F0,0x3C030000,0x3C020000,R_MIPS_HI16:D_8003C910,R_MIPS_HI16:D_8003C910,Normalize audio bootstrap compiler frame and allocation,,,false
init_8180,func_10008180,0x1F4,0x8E040000,0x3C040000,-,R_MIPS_HI16:D_8003CD40,Normalize audio bootstrap compiler frame and allocation,,,false
init_8180,func_10008180,0x1F8,0x24630000,0x8C840000,R_MIPS_LO16:D_8003C910,R_MIPS_LO16:D_8003CD40,Normalize audio bootstrap compiler frame and allocation,,,false
init_8180,func_10008180,0x1FC,0x00002825,0x24420000,-,R_MIPS_LO16:D_8003C910,Normalize audio bootstrap compiler frame and allocation,,,false
init_8180,func_10008180,0x200,0x240704B0,0x00001825,-,-,Normalize audio bootstrap compiler frame and allocation,,,false
init_8180,func_10008180,0x204,0x8C820008,0x8C980008,-,-,Normalize audio bootstrap compiler frame and allocation,,,false
init_8180,func_10008180,0x208,0x24A50008,0x24630008,-,-,Normalize audio bootstrap compiler frame and allocation,,,false
init_8180,func_10008180,0x210,0x3046FFFF,0x3305FFFF,-,-,Normalize audio bootstrap compiler frame and allocation,,,false
init_8180,func_10008180,0x214,0x30D80001,0x30B90001,-,-,Normalize audio bootstrap compiler frame and allocation,,,false
init_8180,func_10008180,0x218,0x13000003,0x13200003,-,-,Normalize audio bootstrap compiler frame and allocation,,,false
init_8180,func_10008180,0x21C,0xA4620000,0xA4580000,-,-,Normalize audio bootstrap compiler frame and allocation,,,false
init_8180,func_10008180,0x220,0x24D90001,0x24A80001,-,-,Normalize audio bootstrap compiler frame and allocation,,,false
init_8180,func_10008180,0x224,0xA4790000,0xA4480000,-,-,Normalize audio bootstrap compiler frame and allocation,,,false
init_8180,func_10008180,0x230,0x27B50090,0x27B50074,-,-,Normalize audio bootstrap compiler frame and allocation,,,false
init_8180,func_10008180,0x234,0x2408002C,0x2409002C,-,-,Normalize audio bootstrap compiler frame and allocation,,,false
init_8180,func_10008180,0x238,0x24090068,0x240A0068,-,-,Normalize audio bootstrap compiler frame and allocation,,,false
init_8180,func_10008180,0x23C,0x240A0010,0x240B0010,-,-,Normalize audio bootstrap compiler frame and allocation,,,false
init_8180,func_10008180,0x240,0xAFA80090,0xAFA90074,-,-,Normalize audio bootstrap compiler frame and allocation,,,false
init_8180,func_10008180,0x244,0xAFA90094,0xAFAA0078,-,-,Normalize audio bootstrap compiler frame and allocation,,,false
init_8180,func_10008180,0x248,0xA3A00099,0xA3A0007D,-,-,Normalize audio bootstrap compiler frame and allocation,,,false
init_8180,func_10008180,0x24C,0xA3AA0098,0xA3AB007C,-,-,Normalize audio bootstrap compiler frame and allocation,,,false
init_8180,func_10008180,0x250,0xAFB7009C,0xAFB70080,-,-,Normalize audio bootstrap compiler frame and allocation,,,false
init_8180,func_10008180,0x260,0x3C100000,0x3C110000,R_MIPS_HI16:D_8003C900,R_MIPS_HI16:D_8003CA3C,Normalize audio bootstrap compiler frame and allocation,,,false
init_8180,func_10008180,0x264,0x3C110000,0x3C120000,R_MIPS_HI16:D_8003CA3C,R_MIPS_HI16:D_8003CA48,Normalize audio bootstrap compiler frame and allocation,,,false
init_8180,func_10008180,0x268,0x3C120000,0x3C100000,R_MIPS_HI16:D_8003CA48,R_MIPS_HI16:D_8003C900,Normalize audio bootstrap compiler frame and allocation,,,false
init_8180,func_10008180,0x270,0x26100000,0x26940000,R_MIPS_LO16:D_8003C900,R_MIPS_LO16:D_8003C90C,Normalize audio bootstrap compiler frame and allocation,,,false
init_8180,func_10008180,0x274,0x26310000,0x26100000,R_MIPS_LO16:D_8003CA3C,R_MIPS_LO16:D_8003C900,Normalize audio bootstrap compiler frame and allocation,,,false
init_8180,func_10008180,0x27C,0x26940000,0x26310000,R_MIPS_LO16:D_8003C90C,R_MIPS_LO16:D_8003CA3C,Normalize audio bootstrap compiler frame and allocation,,,false
init_8180,func_10008180,0x284,0xA6330000,0x240C0090,-,-,Normalize audio bootstrap compiler frame and allocation,,,false
init_8180,func_10008180,0x288,0xAE400000,0xA6330000,-,-,Normalize audio bootstrap compiler frame and allocation,,,false
init_8180,func_10008180,0x28C,0x240B0090,0xAE400000,-,-,Normalize audio bootstrap compiler frame and allocation,,,false
init_8180,func_10008180,0x290,0xAFAB0010,0xAFAC0010,-,-,Normalize audio bootstrap compiler frame and allocation,,,false
init_8180,func_10008180,0x2D4,0x8FB8005C,0x8FB90058,-,-,Normalize audio bootstrap compiler frame and allocation,,,false
init_8180,func_10008180,0x2D8,0x240C0040,0x240D0040,-,-,Normalize audio bootstrap compiler frame and allocation,,,false
init_8180,func_10008180,0x2DC,0x240D0040,0x240E0040,-,-,Normalize audio bootstrap compiler frame and allocation,,,false
init_8180,func_10008180,0x2E0,0x240E0014,0x240F0014,-,-,Normalize audio bootstrap compiler frame and allocation,,,false
init_8180,func_10008180,0x2E4,0x240F0008,0x24180008,-,-,Normalize audio bootstrap compiler frame and allocation,,,false
init_8180,func_10008180,0x2E8,0xAFAC00F4,0xAFAD00DC,-,-,Normalize audio bootstrap compiler frame and allocation,,,false
init_8180,func_10008180,0x2EC,0xAFAD00F0,0xAFAE00D8,-,-,Normalize audio bootstrap compiler frame and allocation,,,false
init_8180,func_10008180,0x2F0,0xAFAE00F8,0xAFAF00E0,-,-,Normalize audio bootstrap compiler frame and allocation,,,false
init_8180,func_10008180,0x2F4,0xA7AF0104,0xA7B800EC,-,-,Normalize audio bootstrap compiler frame and allocation,,,false
init_8180,func_10008180,0x2F8,0xAFB700FC,0xAFB700E4,-,-,Normalize audio bootstrap compiler frame and allocation,,,false
init_8180,func_10008180,0x2FC,0x27A400F0,0x27A400D8,-,-,Normalize audio bootstrap compiler frame and allocation,,,false
init_8180,func_10008180,0x304,0xAFB80100,0xAFB900E8,-,-,Normalize audio bootstrap compiler frame and allocation,,,false
init_8180,func_10008180,0x350,0x27BD0108,0x27BD00F0,-,-,Normalize audio bootstrap compiler frame and allocation,,,false
init_49E0,func_100049E0,0x0,0x27BDFF90,0x27BDFF98,-,-,Normalize scheduler thread compiler allocation and layout,,,false
init_49E0,func_100049E0,0x8,0xAFB5003C,0xAFB40038,-,-,Normalize scheduler thread compiler allocation and layout,,,false
init_49E0,func_100049E0,0xC,0xAFB40038,0xAFB30034,-,-,Normalize scheduler thread compiler allocation and layout,,,false
init_49E0,func_100049E0,0x18,0x3C140000,0x3C130000,R_MIPS_HI16:D_8003A581,R_MIPS_HI16:D_8003A581,Normalize scheduler thread compiler allocation and layout,,,false
init_49E0,func_100049E0,0x1C,0x3C150000,0x3C140000,R_MIPS_HI16:D_8003A582,R_MIPS_HI16:D_8003A582,Normalize scheduler thread compiler allocation and layout,,,false
init_49E0,func_100049E0,0x24,0xAFB20030,0xAFB70044,-,-,Normalize scheduler thread compiler allocation and layout,,,false
init_49E0,func_100049E0,0x28,0x24120001,0xAFB5003C,-,-,Normalize scheduler thread compiler allocation and layout,,,false
init_49E0,func_100049E0,0x2C,0x26D60000,0x24150001,R_MIPS_LO16:D_8003A583,-,Normalize scheduler thread compiler allocation and layout,,,false
init_49E0,func_100049E0,0x30,0x26B50000,0x24170001,R_MIPS_LO16:D_8003A582,-,Normalize scheduler thread compiler allocation and layout,,,false
init_49E0,func_100049E0,0x34,0x26940000,0x26D60000,R_MIPS_LO16:D_8003A581,R_MIPS_LO16:D_8003A583,Normalize scheduler thread compiler allocation and layout,,,false
init_49E0,func_100049E0,0x38,0x26310000,0x26940000,R_MIPS_LO16:D_8003B240,R_MIPS_LO16:D_8003A582,Normalize scheduler thread compiler allocation and layout,,,false
init_49E0,func_100049E0,0x3C,0xAFBF004C,0x26730000,-,R_MIPS_LO16:D_8003A581,Normalize scheduler thread compiler allocation and layout,,,false
init_49E0,func_100049E0,0x40,0xAFBE0048,0x26310000,-,R_MIPS_LO16:D_8003B240,Normalize scheduler thread compiler allocation and layout,,,false
init_49E0,func_100049E0,0x44,0xAFB70044,0xAFBF004C,-,-,Normalize scheduler thread compiler allocation and layout,,,false
init_49E0,func_100049E0,0x48,0xAFB30034,0xAFBE0048,-,-,Normalize scheduler thread compiler allocation and layout,,,false
init_49E0,func_100049E0,0x4C,0xAFB00028,0xAFB20030,-,-,Normalize scheduler thread compiler allocation and layout,,,false
init_49E0,func_100049E0,0x50,0xAFA40070,0xAFB00028,-,-,Normalize scheduler thread compiler allocation and layout,,,false
init_49E0,func_100049E0,0x54,0xA2800000,0xAFA40068,-,-,Normalize scheduler thread compiler allocation and layout,,,false
init_49E0,func_100049E0,0x58,0xA2A00000,0xA2600000,-,-,Normalize scheduler thread compiler allocation and layout,,,false
init_49E0,func_100049E0,0x5C,0x3C010000,0xA2800000,R_MIPS_HI16:D_8003A584,-,Normalize scheduler thread compiler allocation and layout,,,false
init_49E0,func_100049E0,0x60,0xA0320000,0x3C010000,R_MIPS_LO16:D_8003A584,R_MIPS_HI16:D_8003A584,Normalize scheduler thread compiler allocation and layout,,,false
init_49E0,func_100049E0,0x64,0xA2C00000,0xA0350000,-,R_MIPS_LO16:D_8003A584,Normalize scheduler thread compiler allocation and layout,,,false
init_49E0,func_100049E0,0x68,0xA6320000,0xA2C00000,-,-,Normalize scheduler thread compiler allocation and layout,,,false
init_49E0,func_100049E0,0x6C,0x3C010000,0xA6370000,R_MIPS_HI16:D_8003A5C8,-,Normalize scheduler thread compiler allocation and layout,,,false
init_49E0,func_100049E0,0x70,0x240E0004,0x3C010000,-,R_MIPS_HI16:D_8003A5C8,Normalize scheduler thread compiler allocation and layout,,,false
init_49E0,func_100049E0,0x74,0x3C1E0000,0x240E0004,R_MIPS_HI16:D_8002AC50,-,Normalize scheduler thread compiler allocation and layout,,,false
init_49E0,func_100049E0,0x78,0x3C170000,0x3C1E0000,R_MIPS_HI16:D_8002AC6C,R_MIPS_HI16:D_8002AC50,Normalize scheduler thread compiler allocation and layout,,,false
init_49E0,func_100049E0,0x7C,0x3C130000,0x3C120000,R_MIPS_HI16:D_8002AC54,R_MIPS_HI16:D_8002AC54,Normalize scheduler thread compiler allocation and layout,,,false
init_49E0,func_100049E0,0x80,0xAFA0006C,0xAFA00064,-,-,Normalize scheduler thread compiler allocation and layout,,,false
init_49E0,func_100049E0,0x88,0x26730000,0x26520000,R_MIPS_LO16:D_8002AC54,R_MIPS_LO16:D_8002AC54,Normalize scheduler thread compiler allocation and layout,,,false
init_49E0,func_100049E0,0x8C,0x26F70000,0x27DE0000,R_MIPS_LO16:D_8002AC6C,R_MIPS_LO16:D_8002AC50,Normalize scheduler thread compiler allocation and layout,,,false
init_49E0,func_100049E0,0x90,0x27DE0000,0x3C040000,R_MIPS_LO16:D_8002AC50,R_MIPS_HI16:D_8003B218,Normalize scheduler thread compiler allocation and layout,,,false
init_49E0,func_100049E0,0x94,0x3C040000,0x24840000,R_MIPS_HI16:D_8003B218,R_MIPS_LO16:D_8003B218,Normalize scheduler thread compiler allocation and layout,,,false
init_49E0,func_100049E0,0x98,0x24840000,0x27A50064,R_MIPS_LO16:D_8003B218,-,Normalize scheduler thread compiler allocation and layout,,,false
init_49E0,func_100049E0,0x9C,0x27A5006C,0x0C000000,-,R_MIPS_26:osRecvMesg,Normalize scheduler thread compiler allocation and layout,,,false
init_49E0,func_100049E0,0xA0,0x0C000000,0x02E03025,R_MIPS_26:osRecvMesg,-,Normalize scheduler thread compiler allocation and layout,,,false
init_49E0,func_100049E0,0xA4,0x24060001,0x8FAF0064,-,-,Normalize scheduler thread compiler allocation and layout,,,false
init_49E0,func_100049E0,0xA8,0x8FAF006C,0x2DE10007,-,-,Normalize scheduler thread compiler allocation and layout,,,false
init_49E0,func_100049E0,0xAC,0x2DE10007,0x1020FFF8,-,-,Normalize scheduler thread compiler allocation and layout,,,false
init_49E0,func_100049E0,0xB0,0x1020FFF8,0x00000000,-,-,Normalize scheduler thread compiler allocation and layout,,,false
init_49E0,func_100049E0,0xB4,0x00000000,0x000F7880,-,-,Normalize scheduler thread compiler allocation and layout,,,false
init_49E0,func_100049E0,0xB8,0x000F7880,0x3C010000,-,R_MIPS_HI16:jtbl_8002C0A0_init,Normalize scheduler thread compiler allocation and layout,,,false
init_49E0,func_100049E0,0xBC,0x3C010000,0x002F0821,R_MIPS_HI16:.rodata,-,Normalize scheduler thread compiler allocation and layout,,,false
init_49E0,func_100049E0,0xC0,0x002F0821,0x8C2F0000,-,R_MIPS_LO16:jtbl_8002C0A0_init,Normalize scheduler thread compiler allocation and layout,,,false
init_49E0,func_100049E0,0xC4,0x8C2F0000,0x01E00008,R_MIPS_LO16:.rodata,-,Normalize scheduler thread compiler allocation and layout,,,false
init_49E0,func_100049E0,0xC8,0x01E00008,0x00000000,-,-,Normalize scheduler thread compiler allocation and layout,,,false
init_49E0,func_100049E0,0xCC,0x00000000,0x3C100000,-,R_MIPS_HI16:D_8003B234,Normalize scheduler thread compiler allocation and layout,,,false
init_49E0,func_100049E0,0xD0,0x3C100000,0x8E100000,R_MIPS_HI16:D_8003B234,R_MIPS_LO16:D_8003B234,Normalize scheduler thread compiler allocation and layout,,,false
init_49E0,func_100049E0,0xD4,0x8E100000,0x1200000C,R_MIPS_LO16:D_8003B234,-,Normalize scheduler thread compiler allocation and layout,,,false
init_49E0,func_100049E0,0xD8,0x1200000C,0x00000000,-,-,Normalize scheduler thread compiler allocation and layout,,,false
init_49E0,func_100049E0,0xDC,0x00000000,0x8E180008,-,-,Normalize scheduler thread compiler allocation and layout,,,false
init_49E0,func_100049E0,0xE0,0x8E180008,0x02202825,-,-,Normalize scheduler thread compiler allocation and layout,,,false
init_49E0,func_100049E0,0xE4,0x02202825,0x00003025,-,-,Normalize scheduler thread compiler allocation and layout,,,false
init_49E0,func_100049E0,0xE8,0x00003025,0x33190001,-,-,Normalize scheduler thread compiler allocation and layout,,,false
init_49E0,func_100049E0,0xEC,0x33190001,0x57200004,-,-,Normalize scheduler thread compiler allocation and layout,,,false
init_49E0,func_100049E0,0xF0,0x57200004,0x8E100000,-,-,Normalize scheduler thread compiler allocation and layout,,,false
init_49E0,func_100049E0,0xF4,0x8E100000,0x0C000000,-,R_MIPS_26:osSendMesg,Normalize scheduler thread compiler allocation and layout,,,false
init_49E0,func_100049E0,0xF8,0x0C000000,0x8E040004,R_MIPS_26:osSendMesg,-,Normalize scheduler thread compiler allocation and layout,,,false
init_49E0,func_100049E0,0xFC,0x8E040004,0x8E100000,-,-,Normalize scheduler thread compiler allocation and layout,,,false
init_49E0,func_100049E0,0x100,0x8E100000,0x5600FFF7,-,-,Normalize scheduler thread compiler allocation and layout,,,false
init_49E0,func_100049E0,0x104,0x5600FFF7,0x8E180008,-,-,Normalize scheduler thread compiler allocation and layout,,,false
init_49E0,func_100049E0,0x108,0x8E180008,0x3C020000,-,R_MIPS_HI16:D_8003B238,Normalize scheduler thread compiler allocation and layout,,,false
init_49E0,func_100049E0,0x10C,0x3C030000,0x90420000,R_MIPS_HI16:D_8003B238,R_MIPS_LO16:D_8003B238,Normalize scheduler thread compiler allocation and layout,,,false
init_49E0,func_100049E0,0x110,0x90630000,0x240100FF,R_MIPS_LO16:D_8003B238,-,Normalize scheduler thread compiler allocation and layout,,,false
init_49E0,func_100049E0,0x114,0x240100FF,0x3C0A0000,-,R_MIPS_HI16:D_8002AC6C,Normalize scheduler thread compiler allocation and layout,,,false
init_49E0,func_100049E0,0x118,0x10610005,0x10410005,-,-,Normalize scheduler thread compiler allocation and layout,,,false
init_49E0,func_100049E0,0x11C,0x286100FF,0x284100FF,-,-,Normalize scheduler thread compiler allocation and layout,,,false
init_49E0,func_100049E0,0x124,0x24680001,0x24480001,-,-,Normalize scheduler thread compiler allocation and layout,,,false
init_49E0,func_100049E0,0x130,0x3C030000,0x3C020000,R_MIPS_HI16:D_8003B23A,R_MIPS_HI16:D_8003B23A,Normalize scheduler thread compiler allocation and layout,,,false
init_49E0,func_100049E0,0x134,0x90630000,0x90420000,R_MIPS_LO16:D_8003B23A,R_MIPS_LO16:D_8003B23A,Normalize scheduler thread compiler allocation and layout,,,false
init_49E0,func_100049E0,0x13C,0x10600002,0x10400002,-,-,Normalize scheduler thread compiler allocation and layout,,,false
init_49E0,func_100049E0,0x140,0x2469FFFF,0x2449FFFF,-,-,Normalize scheduler thread compiler allocation and layout,,,false
init_49E0,func_100049E0,0x148,0x928A0000,0x92620000,-,-,Normalize scheduler thread compiler allocation and layout,,,false
init_49E0,func_100049E0,0x14C,0x55400028,0x54400029,-,-,Normalize scheduler thread compiler allocation and layout,,,false
init_49E0,func_100049E0,0x150,0x928C0000,0x926C0000,-,-,Normalize scheduler thread compiler allocation and layout,,,false
init_49E0,func_100049E0,0x154,0x82EB0000,0x814A0000,-,R_MIPS_LO16:D_8002AC6C,Normalize scheduler thread compiler allocation and layout,,,false
init_49E0,func_100049E0,0x160,0x15600022,0x15400023,-,-,Normalize scheduler thread compiler allocation and layout,,,false
init_49E0,func_100049E0,0x164,0x02602825,0x02402825,-,-,Normalize scheduler thread compiler allocation and layout,,,false
init_49E0,func_100049E0,0x170,0x1440001E,0x1440001F,-,-,Normalize scheduler thread compiler allocation and layout,,,false
init_49E0,func_100049E0,0x178,0x92AE0000,0x928B0000,-,-,Normalize scheduler thread compiler allocation and layout,,,false
init_49E0,func_100049E0,0x188,0x15C00004,0x15600005,-,-,Normalize scheduler thread compiler allocation and layout,,,false
init_49E0,func_100049E0,0x194,0x00000000,0x00000000,-,-,Normalize scheduler thread compiler allocation and layout,0x00027000,-,false
init_49E0,func_100049E0,0x198,0x04400004,0x05C00004,-,-,Normalize scheduler thread compiler allocation and layout,,,false
init_49E0,func_100049E0,0x1E4,0x240B0001,0x3C010000,-,R_MIPS_HI16:D_8002AC6C,Normalize scheduler thread compiler allocation and layout,,,false
init_49E0,func_100049E0,0x1E8,0xA2EB0000,0xA0370000,-,R_MIPS_LO16:D_8002AC6C,Normalize scheduler thread compiler allocation and layout,,,false
init_49E0,func_100049E0,0x1EC,0x928C0000,0x926C0000,-,-,Normalize scheduler thread compiler allocation and layout,,,false
init_49E0,func_100049E0,0x1F0,0x1580FFA8,0x1580FFA6,-,-,Normalize scheduler thread compiler allocation and layout,,,false
init_49E0,func_100049E0,0x200,0x1000FFA4,0x1000FFA2,-,-,Normalize scheduler thread compiler allocation and layout,,,false
init_49E0,func_100049E0,0x208,0x92AD0000,0x928D0000,-,-,Normalize scheduler thread compiler allocation and layout,,,false
init_49E0,func_100049E0,0x214,0x92980000,0x926E0000,-,-,Normalize scheduler thread compiler allocation and layout,,,false
init_49E0,func_100049E0,0x224,0x5452000C,0x5455000C,-,-,Normalize scheduler thread compiler allocation and layout,,,false
init_49E0,func_100049E0,0x228,0x8E640000,0x8E440000,-,-,Normalize scheduler thread compiler allocation and layout,,,false
init_49E0,func_100049E0,0x22C,0x8E640000,0x8E440000,-,-,Normalize scheduler thread compiler allocation and layout,,,false
init_49E0,func_100049E0,0x238,0x8E640000,0x8E440000,-,-,Normalize scheduler thread compiler allocation and layout,,,false
init_49E0,func_100049E0,0x244,0x240E0004,0x240B0004,-,-,Normalize scheduler thread compiler allocation and layout,,,false
init_49E0,func_100049E0,0x248,0xA2920000,0xA2750000,-,-,Normalize scheduler thread compiler allocation and layout,,,false
init_49E0,func_100049E0,0x24C,0x1000FF91,0x1000FF8F,-,-,Normalize scheduler thread compiler allocation and layout,,,false
init_49E0,func_100049E0,0x250,0xA2AE0000,0xA28B0000,-,-,Normalize scheduler thread compiler allocation and layout,,,false
init_49E0,func_100049E0,0x254,0x8E640000,0x8E440000,-,-,Normalize scheduler thread compiler allocation and layout,,,false
init_49E0,func_100049E0,0x258,0xA2B20000,0xA2950000,-,-,Normalize scheduler thread compiler allocation and layout,,,false
init_49E0,func_100049E0,0x264,0x8E640000,0x8E440000,-,-,Normalize scheduler thread compiler allocation and layout,,,false
init_49E0,func_100049E0,0x270,0xA2920000,0xA2750000,-,-,Normalize scheduler thread compiler allocation and layout,,,false
init_49E0,func_100049E0,0x274,0x1000FF87,0x1000FF85,-,-,Normalize scheduler thread compiler allocation and layout,,,false
init_49E0,func_100049E0,0x27C,0x92980000,0x926E0000,-,-,Normalize scheduler thread compiler allocation and layout,,,false
init_49E0,func_100049E0,0x280,0x3C080000,0x3C190000,R_MIPS_HI16:D_8003A584,R_MIPS_HI16:D_8003A584,Normalize scheduler thread compiler allocation and layout,,,false
init_49E0,func_100049E0,0x284,0x53000016,0x51C00016,-,-,Normalize scheduler thread compiler allocation and layout,,,false
init_49E0,func_100049E0,0x28C,0x8E620000,0x8E420000,-,-,Normalize scheduler thread compiler allocation and layout,,,false
init_49E0,func_100049E0,0x290,0x24060001,0x02E03025,-,-,Normalize scheduler thread compiler allocation and layout,,,false
init_49E0,func_100049E0,0x2A0,0x92B90000,0x92980000,-,-,Normalize scheduler thread compiler allocation and layout,,,false
init_49E0,func_100049E0,0x2A8,0xA2800000,0xA2600000,-,-,Normalize scheduler thread compiler allocation and layout,,,false
init_49E0,func_100049E0,0x2AC,0x1721FF79,0x1701FF77,-,-,Normalize scheduler thread compiler allocation and layout,,,false
init_49E0,func_100049E0,0x2D0,0xA0320000,0xA0370000,R_MIPS_LO16:D_8003A580,R_MIPS_LO16:D_8003A580,Normalize scheduler thread compiler allocation and layout,,,false
init_49E0,func_100049E0,0x2D4,0x1000FF6F,0x1000FF6D,-,-,Normalize scheduler thread compiler allocation and layout,,,false
init_49E0,func_100049E0,0x2D8,0xA2B20000,0xA2950000,-,-,Normalize scheduler thread compiler allocation and layout,,,false
init_49E0,func_100049E0,0x2E0,0x91080000,0x93390000,R_MIPS_LO16:D_8003A584,R_MIPS_LO16:D_8003A584,Normalize scheduler thread compiler allocation and layout,,,false
init_49E0,func_100049E0,0x2E4,0x24010001,0x16F9FF69,-,-,Normalize scheduler thread compiler allocation and layout,,,false
init_49E0,func_100049E0,0x2E8,0x1501FF6A,0x00000000,-,-,Normalize scheduler thread compiler allocation and layout,,,false
init_49E0,func_100049E0,0x2EC,0x00000000,0x0C000000,-,R_MIPS_26:func_10004FE0,Normalize scheduler thread compiler allocation and layout,,,false
init_49E0,func_100049E0,0x2F0,0x0C000000,0x00000000,R_MIPS_26:func_10004FE0,-,Normalize scheduler thread compiler allocation and layout,,,false
init_49E0,func_100049E0,0x2F4,0x00000000,0x1000FF65,-,-,Normalize scheduler thread compiler allocation and layout,,,false
init_49E0,func_100049E0,0x2F8,0x1000FF66,0x00000000,-,-,Normalize scheduler thread compiler allocation and layout,,,false
init_49E0,func_100049E0,0x2FC,0x00000000,0x3C010000,-,R_MIPS_HI16:D_8003A584,Normalize scheduler thread compiler allocation and layout,,,false
init_49E0,func_100049E0,0x300,0x3C010000,0xA0350000,R_MIPS_HI16:D_8003A584,R_MIPS_LO16:D_8003A584,Normalize scheduler thread compiler allocation and layout,,,false
init_49E0,func_100049E0,0x304,0xA0320000,0x92C80000,R_MIPS_LO16:D_8003A584,-,Normalize scheduler thread compiler allocation and layout,,,false
init_49E0,func_100049E0,0x308,0x92C90000,0x1500FF60,-,-,Normalize scheduler thread compiler allocation and layout,,,false
init_49E0,func_100049E0,0x30C,0x1520FF61,0x00000000,-,-,Normalize scheduler thread compiler allocation and layout,,,false
init_49E0,func_100049E0,0x310,0x00000000,0x0C000000,-,R_MIPS_26:func_10004FE0,Normalize scheduler thread compiler allocation and layout,,,false
init_49E0,func_100049E0,0x314,0x0C000000,0x00000000,R_MIPS_26:func_10004FE0,-,Normalize scheduler thread compiler allocation and layout,,,false
init_49E0,func_100049E0,0x318,0x00000000,0x1000FF5C,-,-,Normalize scheduler thread compiler allocation and layout,,,false
init_49E0,func_100049E0,0x31C,0x1000FF5D,0x00000000,-,-,Normalize scheduler thread compiler allocation and layout,,,false
init_49E0,func_100049E0,0x320,0x00000000,0x3C010000,-,R_MIPS_HI16:D_8002AC6C,Normalize scheduler thread compiler allocation and layout,,,false
init_49E0,func_100049E0,0x324,0x92CF0000,0xA0200000,-,R_MIPS_LO16:D_8002AC6C,Normalize scheduler thread compiler allocation and layout,,,false
init_49E0,func_100049E0,0x328,0xA2E00000,0x92C90000,-,-,Normalize scheduler thread compiler allocation and layout,,,false
init_49E0,func_100049E0,0x32C,0x51E00007,0x51200007,-,-,Normalize scheduler thread compiler allocation and layout,,,false
init_49E0,func_100049E0,0x330,0x8E640000,0x8E440000,-,-,Normalize scheduler thread compiler allocation and layout,,,false
init_49E0,func_100049E0,0x33C,0x240A0003,0x240F0003,-,-,Normalize scheduler thread compiler allocation and layout,,,false
init_49E0,func_100049E0,0x340,0x1000FF54,0x1000FF52,-,-,Normalize scheduler thread compiler allocation and layout,,,false
init_49E0,func_100049E0,0x344,0xA2AA0000,0xA28F0000,-,-,Normalize scheduler thread compiler allocation and layout,,,false
init_49E0,func_100049E0,0x348,0x8E640000,0x8E440000,-,-,Normalize scheduler thread compiler allocation and layout,,,false
init_49E0,func_100049E0,0x354,0x8E640000,0x8E440000,-,-,Normalize scheduler thread compiler allocation and layout,,,false
init_49E0,func_100049E0,0x360,0x1000FF4C,0x1000FF4A,-,-,Normalize scheduler thread compiler allocation and layout,,,false
init_49E0,func_100049E0,0x364,0xA2920000,0xA2750000,-,-,Normalize scheduler thread compiler allocation and layout,,,false
init_49E0,func_100049E0,0x368,0x3C0B0000,0x3C0A0000,R_MIPS_HI16:D_8002AC5C,R_MIPS_HI16:D_8002AC5C,Normalize scheduler thread compiler allocation and layout,,,false
init_49E0,func_100049E0,0x36C,0x916B0000,0x914A0000,R_MIPS_LO16:D_8002AC5C,R_MIPS_LO16:D_8002AC5C,Normalize scheduler thread compiler allocation and layout,,,false
init_49E0,func_100049E0,0x374,0x1560FF47,0x1540FF45,-,-,Normalize scheduler thread compiler allocation and layout,,,false
init_49E0,func_100049E0,0x384,0x1000FF43,0x1000FF41,-,-,Normalize scheduler thread compiler allocation and layout,0x00000000,-,false
init_49E0,func_100049E0,0x388,0x00000000,0x00000000,-,-,Normalize scheduler thread compiler allocation and layout,0x00000000,-,false
init_49E0,func_100049E0,0x38C,0x8FBF004C,0x00000000,-,-,Normalize scheduler thread compiler allocation and layout,0x00000000,-,false
init_49E0,func_100049E0,0x390,0x8FB00028,0x8FBF004C,-,-,Normalize scheduler thread compiler allocation and layout,0x8FB00028,-,false
init_49E0,func_100049E0,0x3B8,0x27BD0070,0x27BD0068,-,-,Normalize scheduler thread compiler allocation and layout,,,false
init_B1B0,func_1000BF60,0x01C,0xAFA00054,0xAFA00050,-,-,Normalize packed audio state updater compiler allocation and layout,,,false
init_B1B0,func_1000BF60,0x038,0xAFB80058,0xAFB80054,-,-,Normalize packed audio state updater compiler allocation and layout,,,false
init_B1B0,func_1000BF60,0x070,0xAFAA0054,0xAFAA0050,-,-,Normalize packed audio state updater compiler allocation and layout,,,false
init_B1B0,func_1000BF60,0x094,0x100000D0,0x100000D2,-,-,Normalize packed audio state updater compiler allocation and layout,,,false
init_B1B0,func_1000BF60,0x0A4,0x27AF0050,0x27AF0048,-,-,Normalize packed audio state updater compiler allocation and layout,,,false
init_B1B0,func_1000BF60,0x0A8,0x27B80040,0x27B8004C,-,-,Normalize packed audio state updater compiler allocation and layout,,,false
init_B1B0,func_1000BF60,0x0AC,0xAFA0004C,0xAFA00040,-,-,Normalize packed audio state updater compiler allocation and layout,,,false
init_B1B0,func_1000BF60,0x0B0,0xAFA00048,0xAFA0003C,-,-,Normalize packed audio state updater compiler allocation and layout,,,false
init_B1B0,func_1000BF60,0x0D4,0x8FA30040,0x8FA2004C,-,-,Normalize packed audio state updater compiler allocation and layout,,,false
init_B1B0,func_1000BF60,0x0D8,0x2C614000,0x2C414000,-,-,Normalize packed audio state updater compiler allocation and layout,,,false
init_B1B0,func_1000BF60,0x0E0,0x00031202,0x00027202,-,-,Normalize packed audio state updater compiler allocation and layout,,,false
init_B1B0,func_1000BF60,0x0E4,0x10000002,0x10000003,-,-,Normalize packed audio state updater compiler allocation and layout,,,false
init_B1B0,func_1000BF60,0x0EC,0x00031202,0x00027202,-,-,Normalize packed audio state updater compiler allocation and layout,,,false
init_B1B0,func_1000BF60,0x0F0,0x8FAE0058,0x01C01025,-,-,Normalize packed audio state updater compiler allocation and layout,,,false
init_B1B0,func_1000BF60,0x0F4,0xAFA20040,0x8FB90054,-,-,Normalize packed audio state updater compiler allocation and layout,,,false
init_B1B0,func_1000BF60,0x0F8,0x24080001,0xAFA2004C,-,-,Normalize packed audio state updater compiler allocation and layout,,,false
init_B1B0,func_1000BF60,0x0FC,0x000ECA02,0x24090001,-,-,Normalize packed audio state updater compiler allocation and layout,,,false
init_B1B0,func_1000BF60,0x100,0x10590007,0x00194202,-,-,Normalize packed audio state updater compiler allocation and layout,,,false
init_B1B0,func_1000BF60,0x104,0x24050006,0x10480006,-,-,Normalize packed audio state updater compiler allocation and layout,,,false
init_B1B0,func_1000BF60,0x108,0x00403025,0x24050006,-,-,Normalize packed audio state updater compiler allocation and layout,,,false
init_B1B0,func_1000BF60,0x10C,0x30C900FF,0xAFA90040,-,-,Normalize packed audio state updater compiler allocation and layout,,,false
init_B1B0,func_1000BF60,0x110,0xAFA8004C,0x93A40067,-,-,Normalize packed audio state updater compiler allocation and layout,,,false
init_B1B0,func_1000BF60,0x114,0x01203025,0x304600FF,-,-,Normalize packed audio state updater compiler allocation and layout,,,false
init_B1B0,func_1000BF60,0x11C,0x93A40067,0xAFA2004C,-,-,Normalize packed audio state updater compiler allocation and layout,,,false
init_B1B0,func_1000BF60,0x120,0x8FAA0058,0x8FAA0054,-,-,Normalize packed audio state updater compiler allocation and layout,,,false
init_B1B0,func_1000BF60,0x124,0x8FA20050,0x8FA30048,-,-,Normalize packed audio state updater compiler allocation and layout,,,false
init_B1B0,func_1000BF60,0x130,0x104B0019,0x106B0019,-,-,Normalize packed audio state updater compiler allocation and layout,,,false
init_B1B0,func_1000BF60,0x138,0x00403025,0x00603025,-,-,Normalize packed audio state updater compiler allocation and layout,,,false
init_B1B0,func_1000BF60,0x140,0xAFAC0048,0xAFAC003C,-,-,Normalize packed audio state updater compiler allocation and layout,,,false
init_B1B0,func_1000BF60,0x150,0x8FAF0050,0x8FAF0048,-,-,Normalize packed audio state updater compiler allocation and layout,,,false
init_B1B0,func_1000BF60,0x164,0x8FA60050,0x8FA60048,-,-,Normalize packed audio state updater compiler allocation and layout,,,false
init_B1B0,func_1000BF60,0x170,0x0006C9C2,0x000671C2,-,-,Normalize packed audio state updater compiler allocation and layout,,,false
init_B1B0,func_1000BF60,0x178,0x332600FF,0x31C600FF,-,-,Normalize packed audio state updater compiler allocation and layout,,,false
init_B1B0,func_1000BF60,0x17C,0x8FA60050,0x8FA60048,-,-,Normalize packed audio state updater compiler allocation and layout,,,false
init_B1B0,func_1000BF60,0x188,0x000651C2,0x000641C2,-,-,Normalize packed audio state updater compiler allocation and layout,,,false
init_B1B0,func_1000BF60,0x190,0x314600FF,0x310600FF,-,-,Normalize packed audio state updater compiler allocation and layout,,,false
init_B1B0,func_1000BF60,0x194,0x8FA20050,0x8FA30048,-,-,Normalize packed audio state updater compiler allocation and layout,,,false
init_B1B0,func_1000BF60,0x198,0x8FA30040,0x8FA2004C,-,-,Normalize packed audio state updater compiler allocation and layout,,,false
init_B1B0,func_1000BF60,0x19C,0x00026200,0x00035200,-,-,Normalize packed audio state updater compiler allocation and layout,,,false
init_B1B0,func_1000BF60,0x1A0,0x24180BB8,0x240D0BB8,-,-,Normalize packed audio state updater compiler allocation and layout,,,false
init_B1B0,func_1000BF60,0x1A4,0x00036C00,0x00025C00,-,-,Normalize packed audio state updater compiler allocation and layout,,,false
init_B1B0,func_1000BF60,0x1A8,0x018D7825,0x014B6025,-,-,Normalize packed audio state updater compiler allocation and layout,,,false
init_B1B0,func_1000BF60,0x1AC,0x240E012C,0x240F012C,-,-,Normalize packed audio state updater compiler allocation and layout,,,false
init_B1B0,func_1000BF60,0x1B0,0x27B90050,0x27B80048,-,-,Normalize packed audio state updater compiler allocation and layout,,,false
init_B1B0,func_1000BF60,0x1B4,0x27A80040,0x27AE004C,-,-,Normalize packed audio state updater compiler allocation and layout,,,false
init_B1B0,func_1000BF60,0x1B8,0xAFAF0058,0xAFAC0054,-,-,Normalize packed audio state updater compiler allocation and layout,,,false
init_B1B0,func_1000BF60,0x1BC,0xAFA8001C,0xAFAE001C,-,-,Normalize packed audio state updater compiler allocation and layout,,,false
init_B1B0,func_1000BF60,0x1C0,0xAFB90018,0xAFB80018,-,-,Normalize packed audio state updater compiler allocation and layout,,,false
init_B1B0,func_1000BF60,0x1C4,0xAFAE0014,0xAFAF0014,-,-,Normalize packed audio state updater compiler allocation and layout,,,false
init_B1B0,func_1000BF60,0x1C8,0xAFB80010,0xAFAD0010,-,-,Normalize packed audio state updater compiler allocation and layout,,,false
init_B1B0,func_1000BF60,0x1E4,0x8FA9004C,0x8FB90040,-,-,Normalize packed audio state updater compiler allocation and layout,,,false
init_B1B0,func_1000BF60,0x1E8,0x8FA30040,0x8FA2004C,-,-,Normalize packed audio state updater compiler allocation and layout,,,false
init_B1B0,func_1000BF60,0x1F0,0x11200008,0x13200009,-,-,Normalize packed audio state updater compiler allocation and layout,,,false
init_B1B0,func_1000BF60,0x1F4,0x2C614000,0x2C414000,-,-,Normalize packed audio state updater compiler allocation and layout,,,false
init_B1B0,func_1000BF60,0x200,0x24034000,0x24024000,-,-,Normalize packed audio state updater compiler allocation and layout,,,false
init_B1B0,func_1000BF60,0x204,0x00035202,0x00023202,-,-,Normalize packed audio state updater compiler allocation and layout,,,false
init_B1B0,func_1000BF60,0x208,0x314600FF,0x30C800FF,-,-,Normalize packed audio state updater compiler allocation and layout,0x01003025,-,false
init_B1B0,func_1000BF60,0x210,0xAFA30040,0xAFA2004C,-,-,Normalize packed audio state updater compiler allocation and layout,,,false
init_B1B0,func_1000BF60,0x214,0x8FAC0048,0x8FA9003C,-,-,Normalize packed audio state updater compiler allocation and layout,,,false
init_B1B0,func_1000BF60,0x220,0x51800008,0x51200008,-,-,Normalize packed audio state updater compiler allocation and layout,,,false
init_B1B0,func_1000BF60,0x224,0x240D0BB8,0x240A0BB8,-,-,Normalize packed audio state updater compiler allocation and layout,,,false
init_B1B0,func_1000BF60,0x240,0x240D0BB8,0x240A0BB8,-,-,Normalize packed audio state updater compiler allocation and layout,,,false
init_B1B0,func_1000BF60,0x244,0x240F012C,0x240B012C,-,-,Normalize packed audio state updater compiler allocation and layout,,,false
init_B1B0,func_1000BF60,0x248,0x27B80050,0x27AC0048,-,-,Normalize packed audio state updater compiler allocation and layout,,,false
init_B1B0,func_1000BF60,0x24C,0x27AE0040,0x27AD004C,-,-,Normalize packed audio state updater compiler allocation and layout,,,false
init_B1B0,func_1000BF60,0x250,0xAFAE001C,0xAFAD001C,-,-,Normalize packed audio state updater compiler allocation and layout,,,false
init_B1B0,func_1000BF60,0x254,0xAFB80018,0xAFAC0018,-,-,Normalize packed audio state updater compiler allocation and layout,,,false
init_B1B0,func_1000BF60,0x258,0xAFAF0014,0xAFAB0014,-,-,Normalize packed audio state updater compiler allocation and layout,,,false
init_B1B0,func_1000BF60,0x25C,0xAFAD0010,0xAFAA0010,-,-,Normalize packed audio state updater compiler allocation and layout,,,false
init_B1B0,func_1000BF60,0x278,0x8FB9004C,0x8FAF0040,-,-,Normalize packed audio state updater compiler allocation and layout,,,false
init_B1B0,func_1000BF60,0x27C,0x8FA30040,0x8FA2004C,-,-,Normalize packed audio state updater compiler allocation and layout,,,false
init_B1B0,func_1000BF60,0x284,0x13200008,0x11E00009,-,-,Normalize packed audio state updater compiler allocation and layout,,,false
init_B1B0,func_1000BF60,0x288,0x2C614000,0x2C414000,-,-,Normalize packed audio state updater compiler allocation and layout,,,false
init_B1B0,func_1000BF60,0x294,0x24034000,0x24024000,-,-,Normalize packed audio state updater compiler allocation and layout,,,false
init_B1B0,func_1000BF60,0x298,0x00034202,0x00023202,-,-,Normalize packed audio state updater compiler allocation and layout,,,false
init_B1B0,func_1000BF60,0x29C,0x310600FF,0x30D800FF,-,-,Normalize packed audio state updater compiler allocation and layout,0x03003025,-,false
init_B1B0,func_1000BF60,0x2A4,0xAFA30040,0xAFA2004C,-,-,Normalize packed audio state updater compiler allocation and layout,,,false
init_B1B0,func_1000BF60,0x2A8,0x8FAA0048,0x8FAE003C,-,-,Normalize packed audio state updater compiler allocation and layout,,,false
init_B1B0,func_1000BF60,0x2AC,0x8FAB0050,0x8FB90048,-,-,Normalize packed audio state updater compiler allocation and layout,,,false
init_B1B0,func_1000BF60,0x2B4,0x11400014,0x11C00014,-,-,Normalize packed audio state updater compiler allocation and layout,,,false
init_B1B0,func_1000BF60,0x2B8,0x3166007F,0x3326007F,-,-,Normalize packed audio state updater compiler allocation and layout,,,false
init_B1B0,func_1000BF60,0x2C4,0x8FAD0050,0x8FA90048,-,-,Normalize packed audio state updater compiler allocation and layout,,,false
init_B1B0,func_1000BF60,0x2D4,0x31A6007F,0x3126007F,-,-,Normalize packed audio state updater compiler allocation and layout,,,false
init_B1B0,func_1000BF60,0x2D8,0x8FA60050,0x8FA60048,-,-,Normalize packed audio state updater compiler allocation and layout,,,false
init_B1B0,func_1000BF60,0x2E4,0x000671C2,0x000659C2,-,-,Normalize packed audio state updater compiler allocation and layout,,,false
init_B1B0,func_1000BF60,0x2EC,0x31C600FF,0x316600FF,-,-,Normalize packed audio state updater compiler allocation and layout,,,false
init_B1B0,func_1000BF60,0x2F0,0x8FA60050,0x8FA60048,-,-,Normalize packed audio state updater compiler allocation and layout,,,false
init_B1B0,func_1000BF60,0x2FC,0x000649C2,0x000669C2,-,-,Normalize packed audio state updater compiler allocation and layout,,,false
init_B1B0,func_1000BF60,0x304,0x312600FF,0x31A600FF,-,-,Normalize packed audio state updater compiler allocation and layout,,,false
init_B1B0,func_1000BF60,0x310,0x8FAB005C,0x8FB8005C,-,-,Normalize packed audio state updater compiler allocation and layout,,,false
init_B1B0,func_1000BF60,0x318,0x5162002D,0x5302002D,-,-,Normalize packed audio state updater compiler allocation and layout,,,false
init_B1B0,func_1000BF60,0x31C,0x8FA90060,0x8FAD0060,-,-,Normalize packed audio state updater compiler allocation and layout,,,false
init_B1B0,func_1000BF60,0x330,0x240800F8,0x240C00F8,-,-,Normalize packed audio state updater compiler allocation and layout,,,false
init_B1B0,func_1000BF60,0x338,0x8FA90060,0x8FAD0060,-,-,Normalize packed audio state updater compiler allocation and layout,,,false
init_B1B0,func_1000BF60,0x33C,0x306C007C,0x306E007C,-,-,Normalize packed audio state updater compiler allocation and layout,,,false
init_B1B0,func_1000BF60,0x340,0x1180000F,0x11C0000F,-,-,Normalize packed audio state updater compiler allocation and layout,,,false
init_B1B0,func_1000BF60,0x344,0x3C0D0000,0x3C190000,R_MIPS_HI16:D_800BE9E4,R_MIPS_HI16:D_800BE9E4,Normalize packed audio state updater compiler allocation and layout,,,false
init_B1B0,func_1000BF60,0x348,0x8DAD0000,0x8F390000,R_MIPS_LO16:D_800BE9E4,R_MIPS_LO16:D_800BE9E4,Normalize packed audio state updater compiler allocation and layout,,,false
init_B1B0,func_1000BF60,0x354,0x000D7843,0x00194043,-,-,Normalize packed audio state updater compiler allocation and layout,,,false
init_B1B0,func_1000BF60,0x358,0x000FC080,0x00084880,-,-,Normalize packed audio state updater compiler allocation and layout,,,false
init_B1B0,func_1000BF60,0x35C,0x01981023,0x01C91023,-,-,Normalize packed audio state updater compiler allocation and layout,,,false
init_B1B0,func_1000BF60,0x364,0x34590080,0x344B0080,-,-,Normalize packed audio state updater compiler allocation and layout,,,false
init_B1B0,func_1000BF60,0x370,0x240E0081,0x240A0081,-,-,Normalize packed audio state updater compiler allocation and layout,,,false
init_B1B0,func_1000BF60,0x378,0xAFAE0060,0xAFAA0060,-,-,Normalize packed audio state updater compiler allocation and layout,,,false
init_B1B0,func_1000BF60,0x37C,0xAFB90060,0xAFAB0060,-,-,Normalize packed audio state updater compiler allocation and layout,,,false
init_B1B0,func_1000BF60,0x398,0x8FA90060,0x8FAD0060,-,-,Normalize packed audio state updater compiler allocation and layout,,,false
init_B1B0,func_1000BF60,0x39C,0xAFA80060,0xAFAC0060,-,-,Normalize packed audio state updater compiler allocation and layout,,,false
init_B1B0,func_1000BF60,0x3C8,0x8FA70054,0x8FA70050,-,-,Normalize packed audio state updater compiler allocation and layout,,,false
init_B1B0,func_1000BF60,0x3CC,0x8FA90060,0x8FAD0060,-,-,Normalize packed audio state updater compiler allocation and layout,,,false
init_B1B0,func_1000BF60,0x3D0,0x8FAA0058,0x8FAF0054,-,-,Normalize packed audio state updater compiler allocation and layout,,,false
init_B1B0,func_1000BF60,0x3D4,0x012A1025,0x01AF1025,-,-,Normalize packed audio state updater compiler allocation and layout,,,false
init_3C40,func_10003C6C,0x000,0x27BDFF60,0x27BDFF90,-,-,Normalize bidirectional heap allocator compiler layout,,,false
init_3C40,func_10003C6C,0x008,0x8FB000B0,0x00808025,-,-,Normalize bidirectional heap allocator compiler layout,,,false
init_3C40,func_10003C6C,0x010,0xAFA500A4,0xAFA50074,-,-,Normalize bidirectional heap allocator compiler layout,,,false
init_3C40,func_10003C6C,0x014,0xAFA700AC,0xAFA7007C,-,-,Normalize bidirectional heap allocator compiler layout,,,false
init_3C40,func_10003C6C,0x018,0x27A30094,0x27A30038,-,-,Normalize bidirectional heap allocator compiler layout,,,false
init_3C40,func_10003C6C,0x01C,0x27A80088,0x27A9002C,-,-,Normalize bidirectional heap allocator compiler layout,,,false
init_3C40,func_10003C6C,0x040,0x0080F825,0x24040001,-,-,Normalize bidirectional heap allocator compiler layout,,,false
init_3C40,func_10003C6C,0x054,0xAD010000,0xAD210000,-,-,Normalize bidirectional heap allocator compiler layout,,,false
init_3C40,func_10003C6C,0x05C,0xAD190004,0xAD390004,-,-,Normalize bidirectional heap allocator compiler layout,,,false
init_3C40,func_10003C6C,0x064,0xA5010008,0xA5210008,-,-,Normalize bidirectional heap allocator compiler layout,,,false
init_3C40,func_10003C6C,0x068,0x8FAE00A4,0x8FAE0074,-,-,Normalize bidirectional heap allocator compiler layout,,,false
init_3C40,func_10003C6C,0x070,0xAC240000,0xAC300000,R_MIPS_LO16:D_800380C0,R_MIPS_LO16:D_800380C0,Normalize bidirectional heap allocator compiler layout,,,false
init_3C40,func_10003C6C,0x07C,0x8FAF00AC,0x8FAF007C,-,-,Normalize bidirectional heap allocator compiler layout,,,false
init_3C40,func_10003C6C,0x088,0x3C010000,0x8FB80080,R_MIPS_HI16:D_800380CC,-,Normalize bidirectional heap allocator compiler layout,,,false
init_3C40,func_10003C6C,0x08C,0xAC2F0000,0x3C010000,R_MIPS_LO16:D_800380CC,R_MIPS_HI16:D_800380CC,Normalize bidirectional heap allocator compiler layout,,,false
init_3C40,func_10003C6C,0x090,0x3C010000,0xAC2F0000,R_MIPS_HI16:D_800380D0,R_MIPS_LO16:D_800380CC,Normalize bidirectional heap allocator compiler layout,,,false
init_3C40,func_10003C6C,0x094,0xAC300000,0x3C010000,R_MIPS_LO16:D_800380D0,R_MIPS_HI16:D_800380D0,Normalize bidirectional heap allocator compiler layout,,,false
init_3C40,func_10003C6C,0x098,0x24010002,0xAC380000,-,R_MIPS_LO16:D_800380D0,Normalize bidirectional heap allocator compiler layout,,,false
init_3C40,func_10003C6C,0x09C,0x14C10005,0x24010002,-,-,Normalize bidirectional heap allocator compiler layout,,,false
init_3C40,func_10003C6C,0x0A0,0x00627021,0x14C10005,-,-,Normalize bidirectional heap allocator compiler layout,,,false
init_3C40,func_10003C6C,0x0A4,0x249F000F,0x00627821,-,-,Normalize bidirectional heap allocator compiler layout,,,false
init_3C40,func_10003C6C,0x0A8,0x2401FFF0,0x2610000F,-,-,Normalize bidirectional heap allocator compiler layout,,,false
init_3C40,func_10003C6C,0x0AC,0x03E1C024,0x2401FFF0,-,-,Normalize bidirectional heap allocator compiler layout,,,false
init_3C40,func_10003C6C,0x0B0,0x0300F825,0x0201C824,-,-,Normalize bidirectional heap allocator compiler layout,,,false
init_3C40,func_10003C6C,0x0B4,0x2BE10008,0x03208025,-,-,Normalize bidirectional heap allocator compiler layout,,,false
init_3C40,func_10003C6C,0x0B8,0x10200002,0x2A010008,-,-,Normalize bidirectional heap allocator compiler layout,,,false
init_3C40,func_10003C6C,0x0BC,0x01027821,0x10200002,-,-,Normalize bidirectional heap allocator compiler layout,,,false
init_3C40,func_10003C6C,0x0C0,0x241F0008,0x0122C021,-,-,Normalize bidirectional heap allocator compiler layout,,,false
init_3C40,func_10003C6C,0x0C4,0x27FF0003,0x24100008,-,-,Normalize bidirectional heap allocator compiler layout,,,false
init_3C40,func_10003C6C,0x0C8,0x2401FFFC,0x8FB90080,-,-,Normalize bidirectional heap allocator compiler layout,,,false
init_3C40,func_10003C6C,0x0CC,0x03E1C824,0x26100003,-,-,Normalize bidirectional heap allocator compiler layout,,,false
init_3C40,func_10003C6C,0x0D0,0x24010001,0x2401FFFC,-,-,Normalize bidirectional heap allocator compiler layout,,,false
init_3C40,func_10003C6C,0x0D4,0x0320F825,0x02017024,-,-,Normalize bidirectional heap allocator compiler layout,,,false
init_3C40,func_10003C6C,0x0D8,0x85CA0000,0x24010001,-,-,Normalize bidirectional heap allocator compiler layout,,,false
init_3C40,func_10003C6C,0x0DC,0x16010008,0x01C08025,-,-,Normalize bidirectional heap allocator compiler layout,,,false
init_3C40,func_10003C6C,0x0E0,0x85E90000,0x85EB0000,-,-,Normalize bidirectional heap allocator compiler layout,,,false
init_3C40,func_10003C6C,0x0E4,0x3C180000,0x17210008,R_MIPS_HI16:D_8002AC30,-,Normalize bidirectional heap allocator compiler layout,,,false
init_3C40,func_10003C6C,0x0E8,0x8F180000,0x87080000,R_MIPS_LO16:D_8002AC30,-,Normalize bidirectional heap allocator compiler layout,,,false
init_3C40,func_10003C6C,0x0EC,0x2B017800,0x3C0E0000,-,R_MIPS_HI16:D_8002AC30,Normalize bidirectional heap allocator compiler layout,,,false
init_3C40,func_10003C6C,0x0F0,0x50200004,0x8DCE0000,-,R_MIPS_LO16:D_8002AC30,Normalize bidirectional heap allocator compiler layout,,,false
init_3C40,func_10003C6C,0x0F4,0xAFBF0068,0x29C17800,-,-,Normalize bidirectional heap allocator compiler layout,,,false
init_3C40,func_10003C6C,0x0F8,0x100000BE,0x50200004,-,-,Normalize bidirectional heap allocator compiler layout,,,false
init_3C40,func_10003C6C,0x0FC,0x00001025,0xAFA80044,-,-,Normalize bidirectional heap allocator compiler layout,,,false
init_3C40,func_10003C6C,0x100,0xAFBF0068,0x100000BC,-,-,Normalize bidirectional heap allocator compiler layout,,,false
init_3C40,func_10003C6C,0x104,0x24040001,0x00001025,-,-,Normalize bidirectional heap allocator compiler layout,,,false
init_3C40,func_10003C6C,0x108,0xA7A90076,0xAFA80044,-,-,Normalize bidirectional heap allocator compiler layout,,,false
init_3C40,func_10003C6C,0x110,0xA7AA0074,0xAFAB0048,-,-,Normalize bidirectional heap allocator compiler layout,,,false
init_3C40,func_10003C6C,0x114,0x8FA800AC,0x8FAA007C,-,-,Normalize bidirectional heap allocator compiler layout,,,false
init_3C40,func_10003C6C,0x118,0x87A90076,0x8FA80044,-,-,Normalize bidirectional heap allocator compiler layout,,,false
init_3C40,func_10003C6C,0x11C,0x87AA0074,0x8FAB0048,-,-,Normalize bidirectional heap allocator compiler layout,,,false
init_3C40,func_10003C6C,0x120,0x8FBF0068,0x15400006,-,-,Normalize bidirectional heap allocator compiler layout,,,false
init_3C40,func_10003C6C,0x124,0x15000004,0xAFA20028,-,-,Normalize bidirectional heap allocator compiler layout,,,false
init_3C40,func_10003C6C,0x128,0xAFA20078,0x3C050000,-,R_MIPS_HI16:D_800380B8,Normalize bidirectional heap allocator compiler layout,,,false
init_3C40,func_10003C6C,0x12C,0x3C070000,0x3C1F0000,R_MIPS_HI16:D_800380B8,R_MIPS_HI16:D_800380BC,Normalize bidirectional heap allocator compiler layout,,,false
init_3C40,func_10003C6C,0x130,0x10000003,0x27FF0000,-,R_MIPS_LO16:D_800380BC,Normalize bidirectional heap allocator compiler layout,,,false
init_3C40,func_10003C6C,0x134,0x8CE70000,0x10000004,R_MIPS_LO16:D_800380B8,-,Normalize bidirectional heap allocator compiler layout,,,false
init_3C40,func_10003C6C,0x138,0x3C070000,0x8CA50000,R_MIPS_HI16:D_800380BC,R_MIPS_LO16:D_800380B8,Normalize bidirectional heap allocator compiler layout,,,false
init_3C40,func_10003C6C,0x13C,0x8CE70000,0x3C1F0000,R_MIPS_LO16:D_800380BC,R_MIPS_HI16:D_800380BC,Normalize bidirectional heap allocator compiler layout,,,false
init_3C40,func_10003C6C,0x140,0x14E0000B,0x27FF0000,-,R_MIPS_LO16:D_800380BC,Normalize bidirectional heap allocator compiler layout,,,false
init_3C40,func_10003C6C,0x144,0x00EA7021,0x8FE50000,-,-,Normalize bidirectional heap allocator compiler layout,,,false
init_3C40,func_10003C6C,0x148,0x0C000000,0x14A0000C,R_MIPS_26:osSetIntMask,-,Normalize bidirectional heap allocator compiler layout,,,false
init_3C40,func_10003C6C,0x14C,0x8FA40078,0x00ABC821,-,-,Normalize bidirectional heap allocator compiler layout,,,false
init_3C40,func_10003C6C,0x150,0x16000005,0x0C000000,-,R_MIPS_26:osSetIntMask,Normalize bidirectional heap allocator compiler layout,,,false
init_3C40,func_10003C6C,0x154,0x3C190C00,0x8FA40028,-,-,Normalize bidirectional heap allocator compiler layout,,,false
init_3C40,func_10003C6C,0x158,0x37390042,0x8FAF0080,-,-,Normalize bidirectional heap allocator compiler layout,,,false
init_3C40,func_10003C6C,0x15C,0x3C010000,0x3C180C00,R_MIPS_HI16:D_8003C8E0,-,Normalize bidirectional heap allocator compiler layout,,,false
init_3C40,func_10003C6C,0x160,0x0C000000,0x37180042,R_MIPS_26:func_150AD770,-,Normalize bidirectional heap allocator compiler layout,,,false
init_3C40,func_10003C6C,0x164,0xAC390000,0x15E00003,R_MIPS_LO16:D_8003C8E0,-,Normalize bidirectional heap allocator compiler layout,,,false
init_3C40,func_10003C6C,0x168,0x100000A2,0x3C010000,-,R_MIPS_HI16:D_8003C8E0,Normalize bidirectional heap allocator compiler layout,,,false
init_3C40,func_10003C6C,0x16C,0x00001025,0x0C000000,-,R_MIPS_26:func_150AD770,Normalize bidirectional heap allocator compiler layout,,,false
init_3C40,func_10003C6C,0x170,0x8CE20008,0xAC380000,-,R_MIPS_LO16:D_8003C8E0,Normalize bidirectional heap allocator compiler layout,,,false
init_3C40,func_10003C6C,0x174,0x25CF000C,0x1000009F,-,-,Normalize bidirectional heap allocator compiler layout,,,false
init_3C40,func_10003C6C,0x178,0x01E93024,0x00001025,-,-,Normalize bidirectional heap allocator compiler layout,,,false
init_3C40,func_10003C6C,0x17C,0x00E22021,0x8CA30008,-,-,Normalize bidirectional heap allocator compiler layout,,,false
init_3C40,func_10003C6C,0x180,0x2485000C,0x272E000C,-,-,Normalize bidirectional heap allocator compiler layout,,,false
init_3C40,func_10003C6C,0x184,0x00DF1821,0x01C81024,-,-,Normalize bidirectional heap allocator compiler layout,,,false
init_3C40,func_10003C6C,0x188,0x00A3082B,0x00A32021,-,-,Normalize bidirectional heap allocator compiler layout,,,false
init_3C40,func_10003C6C,0x18C,0x10200007,0x2484000C,-,-,Normalize bidirectional heap allocator compiler layout,,,false
init_3C40,func_10003C6C,0x190,0x00000000,0x00507821,-,-,Normalize bidirectional heap allocator compiler layout,,,false
init_3C40,func_10003C6C,0x194,0x15000003,0x008F082B,-,-,Normalize bidirectional heap allocator compiler layout,,,false
init_3C40,func_10003C6C,0x198,0x00000000,0x10200007,-,-,Normalize bidirectional heap allocator compiler layout,,,false
init_3C40,func_10003C6C,0x19C,0x1000FFE8,0x00000000,-,-,Normalize bidirectional heap allocator compiler layout,,,false
init_3C40,func_10003C6C,0x1A0,0x8CE7000C,0x15400003,-,-,Normalize bidirectional heap allocator compiler layout,,,false
init_3C40,func_10003C6C,0x1A4,0x1000FFE6,0x00000000,-,-,Normalize bidirectional heap allocator compiler layout,,,false
init_3C40,func_10003C6C,0x1A8,0x8CE70010,0x1000FFE7,-,-,Normalize bidirectional heap allocator compiler layout,,,false
init_3C40,func_10003C6C,0x1AC,0x15000007,0x8CA5000C,-,-,Normalize bidirectional heap allocator compiler layout,,,false
init_3C40,func_10003C6C,0x1B0,0x00BF7023,0x1000FFE5,-,-,Normalize bidirectional heap allocator compiler layout,,,false
init_3C40,func_10003C6C,0x1B4,0x0083C023,0x8CA50010,-,-,Normalize bidirectional heap allocator compiler layout,,,false
init_3C40,func_10003C6C,0x1B8,0x2719000C,0x15400007,-,-,Normalize bidirectional heap allocator compiler layout,,,false
init_3C40,func_10003C6C,0x1BC,0x24D0FFF4,0x00A3C821,-,-,Normalize bidirectional heap allocator compiler layout,,,false
init_3C40,func_10003C6C,0x1C0,0x00605825,0x2447FFF4,-,-,Normalize bidirectional heap allocator compiler layout,,,false
init_3C40,func_10003C6C,0x1C4,0x10000007,0x00F03021,-,-,Normalize bidirectional heap allocator compiler layout,,,false
init_3C40,func_10003C6C,0x1C8,0xAFB90034,0x00A3C021,-,-,Normalize bidirectional heap allocator compiler layout,,,false
init_3C40,func_10003C6C,0x1CC,0x25CF000C,0x24C9000C,-,-,Normalize bidirectional heap allocator compiler layout,,,false
init_3C40,func_10003C6C,0x1D0,0x01E91024,0x10000007,-,-,Normalize bidirectional heap allocator compiler layout,,,false
init_3C40,func_10003C6C,0x1D4,0x2450FFF4,0x03066823,-,-,Normalize bidirectional heap allocator compiler layout,,,false
init_3C40,func_10003C6C,0x1D8,0x8CEB0000,0x03307023,-,-,Normalize bidirectional heap allocator compiler layout,,,false
init_3C40,func_10003C6C,0x1DC,0x02071823,0x25CF000C,-,-,Normalize bidirectional heap allocator compiler layout,,,false
init_3C40,func_10003C6C,0x1E0,0xAFA30034,0x01E81024,-,-,Normalize bidirectional heap allocator compiler layout,,,false
init_3C40,func_10003C6C,0x1E4,0x8CED0004,0x2447FFF4,-,-,Normalize bidirectional heap allocator compiler layout,,,false
init_3C40,func_10003C6C,0x1E8,0x8CE4000C,0x8CA90000,-,-,Normalize bidirectional heap allocator compiler layout,,,false
init_3C40,func_10003C6C,0x1EC,0x15000039,0x00E56823,-,-,Normalize bidirectional heap allocator compiler layout,,,false
init_3C40,func_10003C6C,0x1F0,0x8CEC0010,0x8CAC0004,-,-,Normalize bidirectional heap allocator compiler layout,,,false
init_3C40,func_10003C6C,0x1F4,0x8FA30034,0x8CA3000C,-,-,Normalize bidirectional heap allocator compiler layout,,,false
init_3C40,func_10003C6C,0x1F8,0x8CE20000,0x15400036,-,-,Normalize bidirectional heap allocator compiler layout,,,false
init_3C40,func_10003C6C,0x1FC,0x020D7823,0x8CA60010,-,-,Normalize bidirectional heap allocator compiler layout,,,false
init_3C40,func_10003C6C,0x200,0x2C610014,0x2DA10014,-,-,Normalize bidirectional heap allocator compiler layout,,,false
init_3C40,func_10003C6C,0x208,0x2478FFF4,0x8CA20000,-,-,Normalize bidirectional heap allocator compiler layout,,,false
init_3C40,func_10003C6C,0x20C,0xAD620000,0x25B8FFF4,-,-,Normalize bidirectional heap allocator compiler layout,,,false
init_3C40,func_10003C6C,0x210,0x10400002,0xAD220000,-,-,Normalize bidirectional heap allocator compiler layout,,,false
init_3C40,func_10003C6C,0x214,0xAD780008,0x10400002,-,-,Normalize bidirectional heap allocator compiler layout,,,false
init_3C40,func_10003C6C,0x218,0xAC4B0004,0xAD380008,-,-,Normalize bidirectional heap allocator compiler layout,,,false
init_3C40,func_10003C6C,0x21C,0x00001825,0xAC490004,-,-,Normalize bidirectional heap allocator compiler layout,,,false
init_3C40,func_10003C6C,0x220,0xAD64000C,0x00006825,-,-,Normalize bidirectional heap allocator compiler layout,,,false
init_3C40,func_10003C6C,0x224,0x10800003,0xAD23000C,-,-,Normalize bidirectional heap allocator compiler layout,,,false
init_3C40,func_10003C6C,0x228,0xAD6C0010,0x10600003,-,-,Normalize bidirectional heap allocator compiler layout,,,false
init_3C40,func_10003C6C,0x22C,0x10000003,0xAD260010,-,-,Normalize bidirectional heap allocator compiler layout,,,false
init_3C40,func_10003C6C,0x230,0xAC8B0010,0x10000002,-,-,Normalize bidirectional heap allocator compiler layout,,,false
init_3C40,func_10003C6C,0x234,0x3C010000,0xAC690010,R_MIPS_HI16:D_800380BC,-,Normalize bidirectional heap allocator compiler layout,,,false
init_3C40,func_10003C6C,0x238,0xAC2B0000,0xAFE90000,R_MIPS_LO16:D_800380BC,-,Normalize bidirectional heap allocator compiler layout,,,false
init_3C40,func_10003C6C,0x23C,0x11800003,0x10C00003,-,-,Normalize bidirectional heap allocator compiler layout,,,false
init_3C40,func_10003C6C,0x244,0x1000000E,0x1000000D,-,-,Normalize bidirectional heap allocator compiler layout,,,false
init_3C40,func_10003C6C,0x248,0xAD8B000C,0xACC9000C,-,-,Normalize bidirectional heap allocator compiler layout,,,false
init_3C40,func_10003C6C,0x24C,0x1000000C,0x1000000B,-,-,Normalize bidirectional heap allocator compiler layout,,,false
init_3C40,func_10003C6C,0x250,0xAC2B0000,0xAC290000,R_MIPS_LO16:D_800380B8,R_MIPS_LO16:D_800380B8,Normalize bidirectional heap allocator compiler layout,,,false
init_3C40,func_10003C6C,0x254,0x10800003,0x10600003,-,-,Normalize bidirectional heap allocator compiler layout,,,false
init_3C40,func_10003C6C,0x258,0x00405825,0x00404825,-,-,Normalize bidirectional heap allocator compiler layout,,,false
init_3C40,func_10003C6C,0x25C,0x10000003,0x10000002,-,-,Normalize bidirectional heap allocator compiler layout,,,false
init_3C40,func_10003C6C,0x260,0xAC8C0010,0xAC660010,-,-,Normalize bidirectional heap allocator compiler layout,,,false
init_3C40,func_10003C6C,0x264,0x3C010000,0xAFE60000,R_MIPS_HI16:D_800380BC,-,Normalize bidirectional heap allocator compiler layout,,,false
init_3C40,func_10003C6C,0x268,0xAC2C0000,0x10C00003,R_MIPS_LO16:D_800380BC,-,Normalize bidirectional heap allocator compiler layout,,,false
init_3C40,func_10003C6C,0x26C,0x11800003,0x3C010000,-,R_MIPS_HI16:D_800380B8,Normalize bidirectional heap allocator compiler layout,,,false
init_3C40,func_10003C6C,0x270,0x3C010000,0x10000002,R_MIPS_HI16:D_800380B8,-,Normalize bidirectional heap allocator compiler layout,,,false
init_3C40,func_10003C6C,0x274,0x10000002,0xACC3000C,-,-,Normalize bidirectional heap allocator compiler layout,,,false
init_3C40,func_10003C6C,0x278,0xAD84000C,0xAC230000,-,R_MIPS_LO16:D_800380B8,Normalize bidirectional heap allocator compiler layout,,,false
init_3C40,func_10003C6C,0x27C,0xAC240000,0x15800004,R_MIPS_LO16:D_800380B8,-,Normalize bidirectional heap allocator compiler layout,,,false
init_3C40,func_10003C6C,0x280,0x15A00004,0x3C01FF00,-,-,Normalize bidirectional heap allocator compiler layout,,,false
init_3C40,func_10003C6C,0x284,0x3C01FF00,0x3C010000,-,R_MIPS_HI16:D_800380B4,Normalize bidirectional heap allocator compiler layout,,,false
init_3C40,func_10003C6C,0x288,0x3C010000,0x10000008,R_MIPS_HI16:D_800380B4,-,Normalize bidirectional heap allocator compiler layout,,,false
init_3C40,func_10003C6C,0x28C,0x10000007,0xAC270000,-,R_MIPS_LO16:D_800380B4,Normalize bidirectional heap allocator compiler layout,,,false
init_3C40,func_10003C6C,0x290,0xAC300000,0x8D990008,R_MIPS_LO16:D_800380B4,-,Normalize bidirectional heap allocator compiler layout,,,false
init_3C40,func_10003C6C,0x294,0x8DB90008,0x00EC7823,-,-,Normalize bidirectional heap allocator compiler layout,,,false
init_3C40,func_10003C6C,0x29C,0xADB00000,0x03217024,-,-,Normalize bidirectional heap allocator compiler layout,,,false
init_3C40,func_10003C6C,0x2A0,0x03217024,0x01D8C825,-,-,Normalize bidirectional heap allocator compiler layout,,,false
init_3C40,func_10003C6C,0x2A4,0x01D8C825,0xAD870000,-,-,Normalize bidirectional heap allocator compiler layout,,,false
init_3C40,func_10003C6C,0x2A8,0xADB90008,0xAD990008,-,-,Normalize bidirectional heap allocator compiler layout,,,false
init_3C40,func_10003C6C,0x2AC,0xAE0B0000,0xACE90000,-,-,Normalize bidirectional heap allocator compiler layout,,,false
init_3C40,func_10003C6C,0x2B0,0xAE0D0004,0xACEC0004,-,-,Normalize bidirectional heap allocator compiler layout,,,false
init_3C40,func_10003C6C,0x2B4,0x8FAF00A4,0x8FAF0074,-,-,Normalize bidirectional heap allocator compiler layout,,,false
init_3C40,func_10003C6C,0x2B8,0x007FC021,0x01B0C021,-,-,Normalize bidirectional heap allocator compiler layout,,,false
init_3C40,func_10003C6C,0x2C4,0x1160003F,0x1120003F,-,-,Normalize bidirectional heap allocator compiler layout,,,false
init_3C40,func_10003C6C,0x2C8,0xAE190008,0xACF90008,-,-,Normalize bidirectional heap allocator compiler layout,,,false
init_3C40,func_10003C6C,0x2D0,0xAD700004,0xAD270004,-,-,Normalize bidirectional heap allocator compiler layout,,,false
init_3C40,func_10003C6C,0x2D4,0x8FAF0034,0x2DA10014,-,-,Normalize bidirectional heap allocator compiler layout,,,false
init_3C40,func_10003C6C,0x2D8,0x24C3FFF4,0x14200011,-,-,Normalize bidirectional heap allocator compiler layout,,,false
init_3C40,func_10003C6C,0x2DC,0x00A3C023,0x00ABC021,-,-,Normalize bidirectional heap allocator compiler layout,,,false
init_3C40,func_10003C6C,0x2E0,0x2DE10014,0x8CAF0000,-,-,Normalize bidirectional heap allocator compiler layout,,,false
init_3C40,func_10003C6C,0x2E4,0x54200012,0xACE50004,-,-,Normalize bidirectional heap allocator compiler layout,,,false
init_3C40,func_10003C6C,0x2E8,0xAC6B0000,0x0087C823,-,-,Normalize bidirectional heap allocator compiler layout,,,false
init_3C40,func_10003C6C,0x2EC,0xAE070004,0xACEF0000,-,-,Normalize bidirectional heap allocator compiler layout,,,false
init_3C40,func_10003C6C,0x2F0,0x8CE20000,0x8FAE0074,-,-,Normalize bidirectional heap allocator compiler layout,,,false
init_3C40,func_10003C6C,0x2F4,0x01E01825,0x8CE20000,-,-,Normalize bidirectional heap allocator compiler layout,,,false
init_3C40,func_10003C6C,0x2F8,0x00B07823,0x272FFFF4,-,-,Normalize bidirectional heap allocator compiler layout,,,false
init_3C40,func_10003C6C,0x2FC,0xAE020000,0x000EC600,-,-,Normalize bidirectional heap allocator compiler layout,,,false
init_3C40,func_10003C6C,0x300,0x8FB800A4,0x030F7025,-,-,Normalize bidirectional heap allocator compiler layout,,,false
init_3C40,func_10003C6C,0x304,0x25EEFFF4,0x10400002,-,-,Normalize bidirectional heap allocator compiler layout,,,false
init_3C40,func_10003C6C,0x308,0x246FFFF4,0xACEE0008,-,-,Normalize bidirectional heap allocator compiler layout,,,false
init_3C40,func_10003C6C,0x30C,0x0018CE00,0xAC470004,-,-,Normalize bidirectional heap allocator compiler layout,,,false
init_3C40,func_10003C6C,0x310,0x032EC025,0x25B9FFF4,-,-,Normalize bidirectional heap allocator compiler layout,,,false
init_3C40,func_10003C6C,0x314,0x10400002,0xACA70000,-,-,Normalize bidirectional heap allocator compiler layout,,,false
init_3C40,func_10003C6C,0x318,0xAE180008,0x1000002A,-,-,Normalize bidirectional heap allocator compiler layout,,,false
init_3C40,func_10003C6C,0x31C,0xAC500004,0xACB90008,-,-,Normalize bidirectional heap allocator compiler layout,,,false
init_3C40,func_10003C6C,0x320,0xACF00000,0x270F000C,-,-,Normalize bidirectional heap allocator compiler layout,,,false
init_3C40,func_10003C6C,0x324,0x10000027,0x01E81024,-,-,Normalize bidirectional heap allocator compiler layout,,,false
init_3C40,func_10003C6C,0x328,0xACEF0008,0xAC49FFF4,-,-,Normalize bidirectional heap allocator compiler layout,,,false
init_3C40,func_10003C6C,0x32C,0xAC6B0000,0xAC4CFFF8,-,-,Normalize bidirectional heap allocator compiler layout,,,false
init_3C40,func_10003C6C,0x330,0xAC6D0004,0x8FAE0074,-,-,Normalize bidirectional heap allocator compiler layout,,,false
init_3C40,func_10003C6C,0x334,0x8FB900A4,0x2442FFF4,-,-,Normalize bidirectional heap allocator compiler layout,,,false
init_3C40,func_10003C6C,0x338,0x270FFFF4,0x0082C023,-,-,Normalize bidirectional heap allocator compiler layout,,,false
init_3C40,func_10003C6C,0x33C,0x00608025,0x270FFFF4,-,-,Normalize bidirectional heap allocator compiler layout,,,false
init_3C40,func_10003C6C,0x340,0x00197600,0x000ECE00,-,-,Normalize bidirectional heap allocator compiler layout,,,false
init_3C40,func_10003C6C,0x344,0x01CFC825,0x032F7025,-,-,Normalize bidirectional heap allocator compiler layout,,,false
init_3C40,func_10003C6C,0x348,0x10800003,0x00403825,-,-,Normalize bidirectional heap allocator compiler layout,,,false
init_3C40,func_10003C6C,0x34C,0xAC790008,0x10600003,-,-,Normalize bidirectional heap allocator compiler layout,,,false
init_3C40,func_10003C6C,0x350,0x10000003,0xAC4E0008,-,-,Normalize bidirectional heap allocator compiler layout,,,false
init_3C40,func_10003C6C,0x354,0xAC8C0010,0x10000002,-,-,Normalize bidirectional heap allocator compiler layout,,,false
init_3C40,func_10003C6C,0x358,0x3C010000,0xAC660010,R_MIPS_HI16:D_800380BC,-,Normalize bidirectional heap allocator compiler layout,,,false
init_3C40,func_10003C6C,0x35C,0xAC2C0000,0xAFE60000,R_MIPS_LO16:D_800380BC,-,Normalize bidirectional heap allocator compiler layout,,,false
init_3C40,func_10003C6C,0x360,0x11800003,0x10C00003,-,-,Normalize bidirectional heap allocator compiler layout,,,false
init_3C40,func_10003C6C,0x36C,0xAD84000C,0xACC3000C,-,-,Normalize bidirectional heap allocator compiler layout,,,false
init_3C40,func_10003C6C,0x370,0xAC240000,0xAC230000,R_MIPS_LO16:D_800380B8,R_MIPS_LO16:D_800380B8,Normalize bidirectional heap allocator compiler layout,,,false
init_3C40,func_10003C6C,0x374,0x15A00004,0x15800004,-,-,Normalize bidirectional heap allocator compiler layout,,,false
init_3C40,func_10003C6C,0x384,0xAC230000,0xAC220000,R_MIPS_LO16:D_800380B4,R_MIPS_LO16:D_800380B4,Normalize bidirectional heap allocator compiler layout,,,false
init_3C40,func_10003C6C,0x388,0x8DB80008,0x8D980008,-,-,Normalize bidirectional heap allocator compiler layout,,,false
init_3C40,func_10003C6C,0x38C,0x006D7823,0x004C7823,-,-,Normalize bidirectional heap allocator compiler layout,,,false
init_3C40,func_10003C6C,0x390,0x25F9FFF4,0x25EEFFF4,-,-,Normalize bidirectional heap allocator compiler layout,,,false
init_3C40,func_10003C6C,0x394,0x03017024,0x0301C824,-,-,Normalize bidirectional heap allocator compiler layout,,,false
init_3C40,func_10003C6C,0x398,0x01D9C025,0x032EC025,-,-,Normalize bidirectional heap allocator compiler layout,,,false
init_3C40,func_10003C6C,0x39C,0xADA30000,0xAD820000,-,-,Normalize bidirectional heap allocator compiler layout,,,false
init_3C40,func_10003C6C,0x3A0,0xADB80008,0xAD980008,-,-,Normalize bidirectional heap allocator compiler layout,,,false
init_3C40,func_10003C6C,0x3A4,0x8C620000,0x8C430000,-,-,Normalize bidirectional heap allocator compiler layout,,,false
init_3C40,func_10003C6C,0x3A8,0x50400003,0x50600003,-,-,Normalize bidirectional heap allocator compiler layout,,,false
init_3C40,func_10003C6C,0x3AC,0x8C6D0004,0x8C430004,-,-,Normalize bidirectional heap allocator compiler layout,,,false
init_3C40,func_10003C6C,0x3B0,0xAC430004,0xAC620004,-,-,Normalize bidirectional heap allocator compiler layout,,,false
init_3C40,func_10003C6C,0x3B4,0x8C6D0004,0x8C430004,-,-,Normalize bidirectional heap allocator compiler layout,,,false
init_3C40,func_10003C6C,0x3B8,0x11A00002,0x10600002,-,-,Normalize bidirectional heap allocator compiler layout,,,false
init_3C40,func_10003C6C,0x3C0,0xADA30000,0xAC620000,-,-,Normalize bidirectional heap allocator compiler layout,,,false
init_3C40,func_10003C6C,0x3CC,0x54EF0005,0x54AF0005,-,-,Normalize bidirectional heap allocator compiler layout,,,false
init_3C40,func_10003C6C,0x3D0,0xAFB00084,0x8FA40028,-,-,Normalize bidirectional heap allocator compiler layout,,,false
init_3C40,func_10003C6C,0x3D8,0xAFB00084,0xAFA7006C,-,-,Normalize bidirectional heap allocator compiler layout,,,false
init_3C40,func_10003C6C,0x3DC,0x8FB00084,0x8FA7006C,-,-,Normalize bidirectional heap allocator compiler layout,,,false
init_3C40,func_10003C6C,0x3E0,0xAFB00084,0x8FA40028,-,-,Normalize bidirectional heap allocator compiler layout,,,false
init_3C40,func_10003C6C,0x3E8,0x8FA40078,0xAFA7006C,-,-,Normalize bidirectional heap allocator compiler layout,,,false
init_3C40,func_10003C6C,0x3EC,0x8FA20084,0x8FA7006C,-,-,Normalize bidirectional heap allocator compiler layout,,,false
init_3C40,func_10003C6C,0x3F0,0x2442000C,0x24E2000C,-,-,Normalize bidirectional heap allocator compiler layout,,,false
init_3C40,func_10003C6C,0x3FC,0x27BD00A0,0x27BD0070,-,-,Normalize bidirectional heap allocator compiler layout,,,false
init_8F90,func_10008F90,0x058,0x3C090000,0x3C080000,R_MIPS_HI16:func_10009B4C,R_MIPS_HI16:func_10009B4C,Normalize audio runtime bootstrap compiler allocation and layout,,,false
init_8F90,func_10008F90,0x068,0x25290000,0x25080000,R_MIPS_LO16:func_10009B4C,R_MIPS_LO16:func_10009B4C,Normalize audio runtime bootstrap compiler allocation and layout,,,false
init_8F90,func_10008F90,0x07C,0xAE490020,0xAE480020,-,-,Normalize audio runtime bootstrap compiler allocation and layout,,,false
init_8F90,func_10008F90,0x080,0x8E8A0004,0x8E890004,-,-,Normalize audio runtime bootstrap compiler allocation and layout,,,false
init_8F90,func_10008F90,0x08C,0x448A2000,0x44892000,-,-,Normalize audio runtime bootstrap compiler allocation and layout,,,false
init_8F90,func_10008F90,0x094,0x05410005,0x05210005,-,-,Normalize audio runtime bootstrap compiler allocation and layout,,,false
init_8F90,func_10008F90,0x0B8,0x3C040000,0x3C080000,R_MIPS_HI16:D_8002AE54,R_MIPS_HI16:D_8002AE54,Normalize audio runtime bootstrap compiler allocation and layout,,,false
init_8F90,func_10008F90,0x0BC,0x3C130000,0x240200B8,R_MIPS_HI16:D_8003E640,-,Normalize audio runtime bootstrap compiler allocation and layout,,,false
init_8F90,func_10008F90,0x0C0,0x24840000,0x25080000,R_MIPS_LO16:D_8002AE54,R_MIPS_LO16:D_8002AE54,Normalize audio runtime bootstrap compiler allocation and layout,,,false
init_8F90,func_10008F90,0x0C8,0x240700B8,0x02402825,-,-,Normalize audio runtime bootstrap compiler allocation and layout,,,false
init_8F90,func_10008F90,0x0CC,0x26730000,0x46049003,R_MIPS_LO16:D_8003E640,-,Normalize audio runtime bootstrap compiler allocation and layout,,,false
init_8F90,func_10008F90,0x0D0,0x27AA0168,0x4600020D,-,-,Normalize audio runtime bootstrap compiler allocation and layout,,,false
init_8F90,func_10008F90,0x0D4,0x46049003,0x440B4000,-,-,Normalize audio runtime bootstrap compiler allocation and layout,,,false
init_8F90,func_10008F90,0x0D8,0x4600020D,0x00000000,-,-,Normalize audio runtime bootstrap compiler allocation and layout,,,false
init_8F90,func_10008F90,0x0DC,0x44034000,0x01601825,-,-,Normalize audio runtime bootstrap compiler allocation and layout,,,false
init_8F90,func_10008F90,0x0E0,0x00000000,0x44835000,-,-,Normalize audio runtime bootstrap compiler allocation and layout,,,false
init_8F90,func_10008F90,0x0E4,0x44835000,0xACCB0000,-,-,Normalize audio runtime bootstrap compiler allocation and layout,,,false
init_8F90,func_10008F90,0x0E8,0x00602825,0x05610005,-,-,Normalize audio runtime bootstrap compiler allocation and layout,,,false
init_8F90,func_10008F90,0x0EC,0xACC30000,0x468051A0,-,-,Normalize audio runtime bootstrap compiler allocation and layout,,,false
init_8F90,func_10008F90,0x0F0,0x04610005,0x3C014F80,-,-,Normalize audio runtime bootstrap compiler allocation and layout,,,false
init_8F90,func_10008F90,0x0F4,0x468051A0,0x44818000,-,-,Normalize audio runtime bootstrap compiler allocation and layout,,,false
init_8F90,func_10008F90,0x0F8,0x3C014F80,0x00000000,-,-,Normalize audio runtime bootstrap compiler allocation and layout,,,false
init_8F90,func_10008F90,0x0FC,0x44818000,0x46103180,-,-,Normalize audio runtime bootstrap compiler allocation and layout,,,false
init_8F90,func_10008F90,0x100,0x00000000,0x4600303C,-,-,Normalize audio runtime bootstrap compiler allocation and layout,,,false
init_8F90,func_10008F90,0x104,0x46103180,0x250B0210,-,-,Normalize audio runtime bootstrap compiler allocation and layout,,,false
init_8F90,func_10008F90,0x108,0x4600303C,0x45000004,-,-,Normalize audio runtime bootstrap compiler allocation and layout,,,false
init_8F90,func_10008F90,0x110,0x45000003,0x246C0001,-,-,Normalize audio runtime bootstrap compiler allocation and layout,,,false
init_8F90,func_10008F90,0x114,0x00000000,0xACCC0000,-,-,Normalize audio runtime bootstrap compiler allocation and layout,,,false
init_8F90,func_10008F90,0x118,0x24650001,0x01801825,-,-,Normalize audio runtime bootstrap compiler allocation and layout,,,false
init_8F90,func_10008F90,0x11C,0xACC50000,0x0062001B,-,-,Normalize audio runtime bootstrap compiler allocation and layout,,,false
init_8F90,func_10008F90,0x120,0x00A7001B,0x00006812,-,-,Normalize audio runtime bootstrap compiler allocation and layout,,,false
init_8F90,func_10008F90,0x124,0x00006012,0x3C010000,-,R_MIPS_HI16:D_80040F88,Normalize audio runtime bootstrap compiler allocation and layout,,,false
init_8F90,func_10008F90,0x128,0x3C010000,0x3C150000,R_MIPS_HI16:D_80040F88,R_MIPS_HI16:D_80040F90,Normalize audio runtime bootstrap compiler allocation and layout,,,false
init_8F90,func_10008F90,0x12C,0x3C150000,0x01A20019,R_MIPS_HI16:D_80040F90,-,Normalize audio runtime bootstrap compiler allocation and layout,,,false
init_8F90,func_10008F90,0x130,0x01870019,0x26B50000,-,R_MIPS_LO16:D_80040F90,Normalize audio runtime bootstrap compiler allocation and layout,0x3C130000,R_MIPS_HI16:D_8003E640,false
init_8F90,func_10008F90,0x134,0x26B50000,0x26730000,R_MIPS_LO16:D_80040F90,R_MIPS_LO16:D_8003E640,Normalize audio runtime bootstrap compiler allocation and layout,,,false
init_8F90,func_10008F90,0x138,0x27A80060,0x27A70058,-,-,Normalize audio runtime bootstrap compiler allocation and layout,,,false
init_8F90,func_10008F90,0x13C,0x14E00002,0x14400002,-,-,Normalize audio runtime bootstrap compiler allocation and layout,,,false
init_8F90,func_10008F90,0x148,0x00801025,0x00007012,-,-,Normalize audio runtime bootstrap compiler allocation and layout,,,false
init_8F90,func_10008F90,0x14C,0x01001825,0x25CF00B8,-,-,Normalize audio runtime bootstrap compiler allocation and layout,,,false
init_8F90,func_10008F90,0x150,0x00002812,0xACCF0000,-,-,Normalize audio runtime bootstrap compiler allocation and layout,,,false
init_8F90,func_10008F90,0x154,0x24A500B8,0x25F8FF48,-,-,Normalize audio runtime bootstrap compiler allocation and layout,,,false
init_8F90,func_10008F90,0x158,0xACC50000,0xAC380000,-,R_MIPS_LO16:D_80040F88,Normalize audio runtime bootstrap compiler allocation and layout,,,false
init_8F90,func_10008F90,0x15C,0x24ADFF48,0x25F90054,-,-,Normalize audio runtime bootstrap compiler allocation and layout,,,false
init_8F90,func_10008F90,0x160,0xAC2D0000,0xAEB90000,R_MIPS_LO16:D_80040F88,-,Normalize audio runtime bootstrap compiler allocation and layout,,,false
init_8F90,func_10008F90,0x164,0x24AE0054,0x3C010000,-,R_MIPS_HI16:D_80040F84,Normalize audio runtime bootstrap compiler allocation and layout,,,false
init_8F90,func_10008F90,0x168,0xAEAE0000,0x01E01825,-,-,Normalize audio runtime bootstrap compiler allocation and layout,,,false
init_8F90,func_10008F90,0x16C,0x3C010000,0xA0200000,R_MIPS_HI16:D_80040F84,R_MIPS_LO16:D_80040F84,Normalize audio runtime bootstrap compiler allocation and layout,,,false
init_8F90,func_10008F90,0x170,0xA0200000,0x00E06025,R_MIPS_LO16:D_80040F84,-,Normalize audio runtime bootstrap compiler allocation and layout,,,false
init_8F90,func_10008F90,0x174,0x8C4F0000,0x8D010000,-,-,Normalize audio runtime bootstrap compiler allocation and layout,,,false
init_8F90,func_10008F90,0x178,0x2442000C,0x2508000C,-,-,Normalize audio runtime bootstrap compiler allocation and layout,,,false
init_8F90,func_10008F90,0x17C,0x24890210,0x258C000C,-,-,Normalize audio runtime bootstrap compiler allocation and layout,,,false
init_8F90,func_10008F90,0x180,0xAC6F0000,0xAD81FFF4,-,-,Normalize audio runtime bootstrap compiler allocation and layout,,,false
init_8F90,func_10008F90,0x184,0x8C58FFF8,0x8D01FFF8,-,-,Normalize audio runtime bootstrap compiler allocation and layout,,,false
init_8F90,func_10008F90,0x188,0x2463000C,0xAD81FFF8,-,-,Normalize audio runtime bootstrap compiler allocation and layout,,,false
init_8F90,func_10008F90,0x18C,0xAC78FFF8,0x8D01FFFC,-,-,Normalize audio runtime bootstrap compiler allocation and layout,,,false
init_8F90,func_10008F90,0x190,0x8C59FFFC,0x150BFFF8,-,-,Normalize audio runtime bootstrap compiler allocation and layout,,,false
init_8F90,func_10008F90,0x194,0x1449FFF7,0xAD81FFFC,-,-,Normalize audio runtime bootstrap compiler allocation and layout,,,false
init_8F90,func_10008F90,0x198,0xAC79FFFC,0x27AD0160,-,-,Normalize audio runtime bootstrap compiler allocation and layout,,,false
init_8F90,func_10008F90,0x19C,0xAE480034,0xAE470034,-,-,Normalize audio runtime bootstrap compiler allocation and layout,,,false
init_8F90,func_10008F90,0x1A0,0xAE4A0038,0xAE4D0038,-,-,Normalize audio runtime bootstrap compiler allocation and layout,,,false
init_8F90,func_10008F90,0x1A4,0x02602025,0x0C000000,-,R_MIPS_26:n_alInit,Normalize audio runtime bootstrap compiler allocation and layout,,,false
init_8F90,func_10008F90,0x1A8,0x0C000000,0x02602025,R_MIPS_26:n_alInit,-,Normalize audio runtime bootstrap compiler allocation and layout,,,false
init_8F90,func_10008F90,0x1AC,0x02402825,0x3C020000,-,R_MIPS_HI16:D_800406B8,Normalize audio runtime bootstrap compiler allocation and layout,,,false
init_8F90,func_10008F90,0x1B0,0x3C010000,0x24420000,R_MIPS_HI16:D_8003E380,R_MIPS_LO16:D_800406B8,Normalize audio runtime bootstrap compiler allocation and layout,,,false
init_8F90,func_10008F90,0x1B4,0x3C020000,0x3C010000,R_MIPS_HI16:D_800406B8,R_MIPS_HI16:D_8003E380,Normalize audio runtime bootstrap compiler allocation and layout,,,false
init_8F90,func_10008F90,0x1BC,0x24500000,0x3C130000,R_MIPS_LO16:D_800406B8,R_MIPS_HI16:D_80040AC8,Normalize audio runtime bootstrap compiler allocation and layout,,,false
init_8F90,func_10008F90,0x1C0,0x3C110000,0x3C100000,R_MIPS_HI16:D_800406B8,R_MIPS_HI16:D_800406B8,Normalize audio runtime bootstrap compiler allocation and layout,,,false
init_8F90,func_10008F90,0x1C4,0x3C130000,0x3C110000,R_MIPS_HI16:D_80040AC8,R_MIPS_HI16:D_800406CC,Normalize audio runtime bootstrap compiler allocation and layout,,,false
init_8F90,func_10008F90,0x1C8,0x26310014,0xAC400004,R_MIPS_LO16:D_800406B8,-,Normalize audio runtime bootstrap compiler allocation and layout,,,false
init_8F90,func_10008F90,0x1CC,0xAE000004,0xAC400000,-,-,Normalize audio runtime bootstrap compiler allocation and layout,,,false
init_8F90,func_10008F90,0x1D0,0xAE000000,0x26310000,-,R_MIPS_LO16:D_800406CC,Normalize audio runtime bootstrap compiler allocation and layout,0x26100000,R_MIPS_LO16:D_800406B8,false
init_8F90,func_10008F90,0x1F8,0x240B0800,0x240E0800,-,-,Normalize audio runtime bootstrap compiler allocation and layout,,,false
init_8F90,func_10008F90,0x1FC,0xAFAB0010,0xAFAE0010,-,-,Normalize audio runtime bootstrap compiler allocation and layout,,,false
init_8F90,func_10008F90,0x214,0xAE020010,0x26100014,-,-,Normalize audio runtime bootstrap compiler allocation and layout,,,false
init_8F90,func_10008F90,0x21C,0x26100014,0xAE02FFFC,-,-,Normalize audio runtime bootstrap compiler allocation and layout,,,false
init_8F90,func_10008F90,0x224,0x240C0800,0x240F0800,-,-,Normalize audio runtime bootstrap compiler allocation and layout,,,false
init_8F90,func_10008F90,0x228,0xAFAC0010,0xAFAF0010,-,-,Normalize audio runtime bootstrap compiler allocation and layout,,,false
init_8F90,func_10008F90,0x238,0x24070001,0x24070001,-,-,Normalize audio runtime bootstrap compiler allocation and layout,0x3C110000,R_MIPS_HI16:D_80040AC8,false
init_8F90,func_10008F90,0x23C,0xAE020010,0x26310000,-,R_MIPS_LO16:D_80040AC8,Normalize audio runtime bootstrap compiler allocation and layout,0xAE020010,-,false
init_8F90,func_10008F90,0x240,0x02602025,0x02202025,-,-,Normalize audio runtime bootstrap compiler allocation and layout,,,false
init_8F90,func_10008F90,0x24C,0x3C110000,0x3C020000,R_MIPS_HI16:D_80040AC8,R_MIPS_HI16:D_80040AC8,Normalize audio runtime bootstrap compiler allocation and layout,,,false
init_8F90,func_10008F90,0x250,0x02608025,0x3C030000,-,R_MIPS_HI16:D_80040AE0,Normalize audio runtime bootstrap compiler allocation and layout,,,false
init_8F90,func_10008F90,0x254,0x26310018,0xAE200004,R_MIPS_LO16:D_80040AC8,-,Normalize audio runtime bootstrap compiler allocation and layout,,,false
init_8F90,func_10008F90,0x258,0xAE600004,0xAE200000,-,-,Normalize audio runtime bootstrap compiler allocation and layout,,,false
init_8F90,func_10008F90,0x25C,0xAE600000,0x24630000,-,R_MIPS_LO16:D_80040AE0,Normalize audio runtime bootstrap compiler allocation and layout,0x24420000,R_MIPS_LO16:D_80040AC8,false
init_8F90,func_10008F90,0x260,0x00001825,0x00002825,-,-,Normalize audio runtime bootstrap compiler allocation and layout,,,false
init_8F90,func_10008F90,0x264,0x8E020000,0x8C440000,-,-,Normalize audio runtime bootstrap compiler allocation and layout,,,false
init_8F90,func_10008F90,0x268,0xAE10001C,0x00603025,-,-,Normalize audio runtime bootstrap compiler allocation and layout,,,false
init_8F90,func_10008F90,0x26C,0x24630001,0x00403825,-,-,Normalize audio runtime bootstrap compiler allocation and layout,0xAC42001C,-,false
init_8F90,func_10008F90,0x270,0x10400002,0x10800002,-,-,Normalize audio runtime bootstrap compiler allocation and layout,,,false
init_8F90,func_10008F90,0x274,0xAE020018,0xAC440018,-,-,Normalize audio runtime bootstrap compiler allocation and layout,,,false
init_8F90,func_10008F90,0x278,0xAC510004,0xAC830004,-,-,Normalize audio runtime bootstrap compiler allocation and layout,,,false
init_8F90,func_10008F90,0x27C,0xAE110000,0xACE60000,-,-,Normalize audio runtime bootstrap compiler allocation and layout,,,false
init_8F90,func_10008F90,0x280,0x28610031,0x24A50001,-,-,Normalize audio runtime bootstrap compiler allocation and layout,0x2CA10031,-,false
init_8F90,func_10008F90,0x284,0x26100018,0x24420018,-,-,Normalize audio runtime bootstrap compiler allocation and layout,,,false
init_8F90,func_10008F90,0x288,0x26310018,0x24630018,-,-,Normalize audio runtime bootstrap compiler allocation and layout,,,false
init_8F90,func_10008F90,0x28C,0x1420FFF5,0x1420FFF3,-,-,Normalize audio runtime bootstrap compiler allocation and layout,,,false
init_8F90,func_10008F90,0x290,0xAE00FFF8,0xAC40FFF8,-,-,Normalize audio runtime bootstrap compiler allocation and layout,,,false
init_8F90,func_10008F90,0x294,0xAE000010,0x3C100000,-,R_MIPS_HI16:D_8003E388,Normalize audio runtime bootstrap compiler allocation and layout,,,false
init_8F90,func_10008F90,0x298,0x3C100000,0x3C110000,R_MIPS_HI16:D_8003E388,R_MIPS_HI16:D_8003E390,Normalize audio runtime bootstrap compiler allocation and layout,,,false
init_8F90,func_10008F90,0x29C,0x3C110000,0xAC400010,R_MIPS_HI16:D_8003E388,-,Normalize audio runtime bootstrap compiler allocation and layout,,,false
init_8F90,func_10008F90,0x2A0,0x26310000,0x26310000,R_MIPS_LO16:D_8003E388,R_MIPS_LO16:D_8003E390,Normalize audio runtime bootstrap compiler allocation and layout,,,false
init_8F90,func_10008F90,0x2A4,0x26100008,0x26100000,R_MIPS_LO16:D_8003E388,R_MIPS_LO16:D_8003E388,Normalize audio runtime bootstrap compiler allocation and layout,,,false
init_8F90,func_10008F90,0x2A8,0x8E8D0008,0x8E980008,-,-,Normalize audio runtime bootstrap compiler allocation and layout,,,false
init_8F90,func_10008F90,0x2B4,0x000D70C0,0x0018C8C0,-,-,Normalize audio runtime bootstrap compiler allocation and layout,,,false
init_8F90,func_10008F90,0x2B8,0xAFAE0010,0xAFB90010,-,-,Normalize audio runtime bootstrap compiler allocation and layout,,,false
init_8F90,func_10008F90,0x2C8,0x26310004,0x26100004,-,-,Normalize audio runtime bootstrap compiler allocation and layout,,,false
init_8F90,func_10008F90,0x2CC,0x0230082B,0x0211082B,-,-,Normalize audio runtime bootstrap compiler allocation and layout,,,false
init_8F90,func_10008F90,0x2D4,0xAE22FFFC,0xAE02FFFC,-,-,Normalize audio runtime bootstrap compiler allocation and layout,,,false
init_8F90,func_10008F90,0x2D8,0x8E8F0008,0x8E8A0008,-,-,Normalize audio runtime bootstrap compiler allocation and layout,,,false
init_8F90,func_10008F90,0x2E0,0x3C140000,0x3C100000,R_MIPS_HI16:D_8003E390,R_MIPS_HI16:D_8003E388,Normalize audio runtime bootstrap compiler allocation and layout,,,false
init_8F90,func_10008F90,0x2E4,0x3C100000,0x3C130000,R_MIPS_HI16:D_8003E390,R_MIPS_HI16:D_8003E394,Normalize audio runtime bootstrap compiler allocation and layout,,,false
init_8F90,func_10008F90,0x2E8,0x26100000,0x26730000,R_MIPS_LO16:D_8003E390,R_MIPS_LO16:D_8003E394,Normalize audio runtime bootstrap compiler allocation and layout,,,false
init_8F90,func_10008F90,0x2EC,0x26940008,0x26100000,R_MIPS_LO16:D_8003E390,R_MIPS_LO16:D_8003E388,Normalize audio runtime bootstrap compiler allocation and layout,,,false
init_8F90,func_10008F90,0x2F0,0x24130002,0x24110002,-,-,Normalize audio runtime bootstrap compiler allocation and layout,,,false
init_8F90,func_10008F90,0x2F4,0xAC2F0000,0xAC2A0000,R_MIPS_LO16:D_80040F94,R_MIPS_LO16:D_80040F94,Normalize audio runtime bootstrap compiler allocation and layout,,,false
init_8F90,func_10008F90,0x2FC,0x24180090,0x24090090,-,-,Normalize audio runtime bootstrap compiler allocation and layout,,,false
init_8F90,func_10008F90,0x300,0xAFB80010,0xAFA90010,-,-,Normalize audio runtime bootstrap compiler allocation and layout,,,false
init_8F90,func_10008F90,0x314,0xAE020000,0xAE020008,-,-,Normalize audio runtime bootstrap compiler allocation and layout,,,false
init_8F90,func_10008F90,0x318,0xA4530070,0xA4510070,-,-,Normalize audio runtime bootstrap compiler allocation and layout,,,false
init_8F90,func_10008F90,0x31C,0xAC420074,0x8E030008,-,-,Normalize audio runtime bootstrap compiler allocation and layout,,,false
init_8F90,func_10008F90,0x320,0x8EB90000,0x00002025,-,-,Normalize audio runtime bootstrap compiler allocation and layout,,,false
init_8F90,func_10008F90,0x324,0x8E460028,0x00002825,-,-,Normalize audio runtime bootstrap compiler allocation and layout,,,false
init_8F90,func_10008F90,0x328,0x00408825,0xAC630074,-,-,Normalize audio runtime bootstrap compiler allocation and layout,,,false
init_8F90,func_10008F90,0x32C,0x00194880,0x8EAB0000,-,-,Normalize audio runtime bootstrap compiler allocation and layout,,,false
init_8F90,func_10008F90,0x330,0xAFA90010,0x8E460028,-,-,Normalize audio runtime bootstrap compiler allocation and layout,,,false
init_8F90,func_10008F90,0x334,0x00002025,0x24070001,-,-,Normalize audio runtime bootstrap compiler allocation and layout,,,false
init_8F90,func_10008F90,0x338,0x00002825,0x000B4080,-,-,Normalize audio runtime bootstrap compiler allocation and layout,,,false
init_8F90,func_10008F90,0x340,0x24070001,0xAFA80010,-,-,Normalize audio runtime bootstrap compiler allocation and layout,0x8E0C0008,-,false
init_8F90,func_10008F90,0x348,0x1614FFEB,0x1613FFEA,-,-,Normalize audio runtime bootstrap compiler allocation and layout,,,false
init_8F90,func_10008F90,0x34C,0xAE220000,0xAD820000,-,-,Normalize audio runtime bootstrap compiler allocation and layout,,,false
init_8F90,func_10008F90,0x3B0,0x8FAB0274,0x8FAE0274,-,-,Normalize audio runtime bootstrap compiler allocation and layout,,,false
init_8F90,func_10008F90,0x3B8,0x3C0A0000,0x3C0D0000,R_MIPS_HI16:D_800406A0,R_MIPS_HI16:D_800406A0,Normalize audio runtime bootstrap compiler allocation and layout,,,false
init_8F90,func_10008F90,0x3C0,0x254A0000,0x25AD0000,R_MIPS_LO16:D_800406A0,R_MIPS_LO16:D_800406A0,Normalize audio runtime bootstrap compiler allocation and layout,,,false
init_8F90,func_10008F90,0x3CC,0xAFAA0010,0xAFAD0010,-,-,Normalize audio runtime bootstrap compiler allocation and layout,,,false
init_8F90,func_10008F90,0x3E0,0xAFAB0014,0xAFAE0014,-,-,Normalize audio runtime bootstrap compiler allocation and layout,,,false
init_8F90,func_10008F90,0x3E4,0x240C0001,0x240F0001,-,-,Normalize audio runtime bootstrap compiler allocation and layout,,,false
init_8F90,func_10008F90,0x3EC,0xA02C0000,0xA02F0000,R_MIPS_LO16:D_8002AE40,R_MIPS_LO16:D_8002AE40,Normalize audio runtime bootstrap compiler allocation and layout,,,false
init_B1B0,func_1000CEAC,0x000,0x27BDFF60,0x27BDFF68,-,-,Normalize channel event timer compiler allocation and layout,,,false
init_B1B0,func_1000CEAC,0x004,0xAFB50034,0xAFB20028,-,-,Normalize channel event timer compiler allocation and layout,,,false
init_B1B0,func_1000CEAC,0x008,0x0080A825,0x00809025,-,-,Normalize channel event timer compiler allocation and layout,,,false
init_B1B0,func_1000CEAC,0x01C,0xAFB40030,0xAFB50034,-,-,Normalize channel event timer compiler allocation and layout,,,false
init_B1B0,func_1000CEAC,0x020,0xAFB3002C,0xAFB40030,-,-,Normalize channel event timer compiler allocation and layout,,,false
init_B1B0,func_1000CEAC,0x024,0xAFB20028,0xAFB3002C,-,-,Normalize channel event timer compiler allocation and layout,,,false
init_B1B0,func_1000CEAC,0x038,0x0015F080,0x0012F080,-,-,Normalize channel event timer compiler allocation and layout,,,false
init_B1B0,func_1000CEAC,0x03C,0x03CE1021,0x03CE1821,-,-,Normalize channel event timer compiler allocation and layout,,,false
init_B1B0,func_1000CEAC,0x040,0x8C500000,0x8C620000,-,-,Normalize channel event timer compiler allocation and layout,,,false
init_B1B0,func_1000CEAC,0x04C,0x120000F3,0x104000F3,-,-,Normalize channel event timer compiler allocation and layout,,,false
init_B1B0,func_1000CEAC,0x050,0x02B85821,0x02585021,-,-,Normalize channel event timer compiler allocation and layout,,,false
init_B1B0,func_1000CEAC,0x054,0x8E0F000C,0x8C4F000C,-,-,Normalize channel event timer compiler allocation and layout,,,false
init_B1B0,func_1000CEAC,0x058,0x8E160008,0x8C560008,-,-,Normalize channel event timer compiler allocation and layout,,,false
init_B1B0,func_1000CEAC,0x05C,0x0015C880,0x0012C880,-,-,Normalize channel event timer compiler allocation and layout,,,false
init_B1B0,func_1000CEAC,0x060,0x0335C823,0x0332C823,-,-,Normalize channel event timer compiler allocation and layout,,,false
init_B1B0,func_1000CEAC,0x064,0x3C0C0000,0x3C0B0000,R_MIPS_HI16:D_80041E58,R_MIPS_HI16:D_80041E58,Normalize channel event timer compiler allocation and layout,,,false
init_B1B0,func_1000CEAC,0x068,0x258C0000,0x256B0000,R_MIPS_LO16:D_80041E58,R_MIPS_LO16:D_80041E58,Normalize channel event timer compiler allocation and layout,,,false
init_B1B0,func_1000CEAC,0x070,0x032C2021,0x032B2021,-,-,Normalize channel event timer compiler allocation and layout,,,false
init_B1B0,func_1000CEAC,0x074,0xA1600000,0xA1400000,-,-,Normalize channel event timer compiler allocation and layout,,,false
init_B1B0,func_1000CEAC,0x07C,0xAFAB0054,0xAFAA0068,-,-,Normalize channel event timer compiler allocation and layout,,,false
init_B1B0,func_1000CEAC,0x080,0xAFA20068,0xAFA30070,-,-,Normalize channel event timer compiler allocation and layout,,,false
init_B1B0,func_1000CEAC,0x084,0x27A50098,0x27A50094,-,-,Normalize channel event timer compiler allocation and layout,,,false
init_B1B0,func_1000CEAC,0x090,0xAFAF0090,0xAFAF0080,-,-,Normalize channel event timer compiler allocation and layout,,,false
init_B1B0,func_1000CEAC,0x094,0x14400096,0x1440009B,-,-,Normalize channel event timer compiler allocation and layout,,,false
init_B1B0,func_1000CEAC,0x098,0x8FAB0054,0x8FAA0068,-,-,Normalize channel event timer compiler allocation and layout,,,false
init_B1B0,func_1000CEAC,0x09C,0x3C130000,0x3C140000,R_MIPS_HI16:D_800BE9E4,R_MIPS_HI16:D_800BE9E4,Normalize channel event timer compiler allocation and layout,,,false
init_B1B0,func_1000CEAC,0x0A0,0x3C120000,0x3C130000,R_MIPS_HI16:D_800418B0,R_MIPS_HI16:D_800418B0,Normalize channel event timer compiler allocation and layout,,,false
init_B1B0,func_1000CEAC,0x0A4,0x26520000,0x26730000,R_MIPS_LO16:D_800418B0,R_MIPS_LO16:D_800418B0,Normalize channel event timer compiler allocation and layout,,,false
init_B1B0,func_1000CEAC,0x0A8,0x26730000,0x26940000,R_MIPS_LO16:D_800BE9E4,R_MIPS_LO16:D_800BE9E4,Normalize channel event timer compiler allocation and layout,,,false
init_B1B0,func_1000CEAC,0x0B0,0x24140002,0x24150002,-,-,Normalize channel event timer compiler allocation and layout,,,false
init_B1B0,func_1000CEAC,0x0B8,0x8FB00078,0x8FB0008C,-,-,Normalize channel event timer compiler allocation and layout,,,false
init_B1B0,func_1000CEAC,0x0BC,0x8FA20098,0x8FA20094,-,-,Normalize channel event timer compiler allocation and layout,,,false
init_B1B0,func_1000CEAC,0x0C0,0x3C0E0000,0x3C0D0000,R_MIPS_HI16:D_80041F04,R_MIPS_HI16:D_80041F04,Normalize channel event timer compiler allocation and layout,,,false
init_B1B0,func_1000CEAC,0x0C8,0x304D0010,0x304C0010,-,-,Normalize channel event timer compiler allocation and layout,,,false
init_B1B0,func_1000CEAC,0x0CC,0x11A00073,0x11800078,-,-,Normalize channel event timer compiler allocation and layout,,,false
init_B1B0,func_1000CEAC,0x0D0,0x00603825,0x00603025,-,-,Normalize channel event timer compiler allocation and layout,,,false
init_B1B0,func_1000CEAC,0x0DC,0xAFA20098,0xAFA20094,-,-,Normalize channel event timer compiler allocation and layout,,,false
init_B1B0,func_1000CEAC,0x0E0,0x3C0F0000,0x3C0E0000,R_MIPS_HI16:D_80041890,R_MIPS_HI16:D_80041890,Normalize channel event timer compiler allocation and layout,,,false
init_B1B0,func_1000CEAC,0x0E4,0x25EF0000,0x25CE0000,R_MIPS_LO16:D_80041890,R_MIPS_LO16:D_80041890,Normalize channel event timer compiler allocation and layout,,,false
init_B1B0,func_1000CEAC,0x0E8,0x03CF1821,0x03CE1821,-,-,Normalize channel event timer compiler allocation and layout,,,false
init_B1B0,func_1000CEAC,0x0F0,0x3C180000,0x3C0F0000,R_MIPS_HI16:D_80041880,R_MIPS_HI16:D_80041880,Normalize channel event timer compiler allocation and layout,,,false
init_B1B0,func_1000CEAC,0x0F4,0x00027142,0x00026943,-,-,Normalize channel event timer compiler allocation and layout,,,false
init_B1B0,func_1000CEAC,0x0F8,0x27180000,0x25EF0000,R_MIPS_LO16:D_80041880,R_MIPS_LO16:D_80041880,Normalize channel event timer compiler allocation and layout,,,false
init_B1B0,func_1000CEAC,0x0FC,0x01C01025,0x24100514,-,-,Normalize channel event timer compiler allocation and layout,,,false
init_B1B0,func_1000CEAC,0x100,0x03D82821,0x01A01025,-,-,Normalize channel event timer compiler allocation and layout,,,false
init_B1B0,func_1000CEAC,0x108,0x24100514,0x03CF2821,-,-,Normalize channel event timer compiler allocation and layout,,,false
init_B1B0,func_1000CEAC,0x114,0x01C4C823,0x01A4C023,-,-,Normalize channel event timer compiler allocation and layout,,,false
init_B1B0,func_1000CEAC,0x118,0xAC390000,0xAC380000,R_MIPS_LO16:D_800418A0,R_MIPS_LO16:D_800418A0,Normalize channel event timer compiler allocation and layout,,,false
init_B1B0,func_1000CEAC,0x124,0xAFA20098,0xAFA20094,-,-,Normalize channel event timer compiler allocation and layout,,,false
init_B1B0,func_1000CEAC,0x128,0x8FAC0090,0x8FB90080,-,-,Normalize channel event timer compiler allocation and layout,,,false
init_B1B0,func_1000CEAC,0x12C,0x00076840,0x00065840,-,-,Normalize channel event timer compiler allocation and layout,,,false
init_B1B0,func_1000CEAC,0x130,0x018D7021,0x032B6021,-,-,Normalize channel event timer compiler allocation and layout,,,false
init_B1B0,func_1000CEAC,0x134,0x95C90000,0x95830000,-,-,Normalize channel event timer compiler allocation and layout,,,false
init_B1B0,func_1000CEAC,0x138,0x11200055,0x1060005A,-,-,Normalize channel event timer compiler allocation and layout,,,false
init_B1B0,func_1000CEAC,0x13C,0x00000000,0x3062FFFF,-,-,Normalize channel event timer compiler allocation and layout,,,false
init_B1B0,func_1000CEAC,0x140,0x916F0000,0x914D0000,-,-,Normalize channel event timer compiler allocation and layout,,,false
init_B1B0,func_1000CEAC,0x144,0x3138007F,0x304E007F,-,-,Normalize channel event timer compiler allocation and layout,,,false
init_B1B0,func_1000CEAC,0x148,0x00003825,0x00003025,-,-,Normalize channel event timer compiler allocation and layout,,,false
init_B1B0,func_1000CEAC,0x14C,0x01F8C825,0x01AE7825,-,-,Normalize channel event timer compiler allocation and layout,,,false
init_B1B0,func_1000CEAC,0x150,0x1120004F,0x10400054,-,-,Normalize channel event timer compiler allocation and layout,,,false
init_B1B0,func_1000CEAC,0x154,0xA1790000,0xA14F0000,-,-,Normalize channel event timer compiler allocation and layout,,,false
init_B1B0,func_1000CEAC,0x158,0x312C0001,0x30580001,-,-,Normalize channel event timer compiler allocation and layout,,,false
init_B1B0,func_1000CEAC,0x15C,0x11800045,0x13000049,-,-,Normalize channel event timer compiler allocation and layout,,,false
init_B1B0,func_1000CEAC,0x160,0x00072080,0x00404825,-,-,Normalize channel event timer compiler allocation and layout,,,false
init_B1B0,func_1000CEAC,0x164,0x02C46821,0x00061880,-,-,Normalize channel event timer compiler allocation and layout,,,false
init_B1B0,func_1000CEAC,0x168,0x8DA30000,0x02C3C821,-,-,Normalize channel event timer compiler allocation and layout,,,false
init_B1B0,func_1000CEAC,0x16C,0x00151100,0x8F220000,-,-,Normalize channel event timer compiler allocation and layout,,,false
init_B1B0,func_1000CEAC,0x170,0x00025080,0x3C0C0000,-,R_MIPS_HI16:D_80041970,Normalize channel event timer compiler allocation and layout,,,false
init_B1B0,func_1000CEAC,0x174,0x3C0E0000,0x00126980,R_MIPS_HI16:D_80041970,-,Normalize channel event timer compiler allocation and layout,,,false
init_B1B0,func_1000CEAC,0x178,0x3C180000,0x3C0F0000,R_MIPS_HI16:D_800417C0,R_MIPS_HI16:D_800417C0,Normalize channel event timer compiler allocation and layout,,,false
init_B1B0,func_1000CEAC,0x17C,0x27180000,0x25EF0000,R_MIPS_LO16:D_800417C0,R_MIPS_LO16:D_800417C0,Normalize channel event timer compiler allocation and layout,,,false
init_B1B0,func_1000CEAC,0x180,0x25CE0000,0x01A37021,R_MIPS_LO16:D_80041970,-,Normalize channel event timer compiler allocation and layout,,,false
init_B1B0,func_1000CEAC,0x184,0x01447821,0x258C0000,-,R_MIPS_LO16:D_80041970,Normalize channel event timer compiler allocation and layout,,,false
init_B1B0,func_1000CEAC,0x188,0x01F83021,0x00125900,-,-,Normalize channel event timer compiler allocation and layout,,,false
init_B1B0,func_1000CEAC,0x18C,0x10600010,0x016C2821,-,-,Normalize channel event timer compiler allocation and layout,,,false
init_B1B0,func_1000CEAC,0x190,0x004E2821,0x10400010,-,-,Normalize channel event timer compiler allocation and layout,,,false
init_B1B0,func_1000CEAC,0x194,0x10770017,0x01CF3821,-,-,Normalize channel event timer compiler allocation and layout,,,false
init_B1B0,func_1000CEAC,0x198,0x00A71021,0x10570018,-,-,Normalize channel event timer compiler allocation and layout,,,false
init_B1B0,func_1000CEAC,0x19C,0x10740025,0x0012C180,-,-,Normalize channel event timer compiler allocation and layout,,,false
init_B1B0,func_1000CEAC,0x1A0,0x024A4021,0x10550028,-,-,Normalize channel event timer compiler allocation and layout,,,false
init_B1B0,func_1000CEAC,0x1A4,0x00A71021,0x02784021,-,-,Normalize channel event timer compiler allocation and layout,,,false
init_B1B0,func_1000CEAC,0x1A8,0x90590000,0x8E8C0000,-,-,Normalize channel event timer compiler allocation and layout,,,false
init_B1B0,func_1000CEAC,0x1AC,0x01047821,0x00A61021,-,-,Normalize channel event timer compiler allocation and layout,,,false
init_B1B0,func_1000CEAC,0x1B0,0x372C0001,0x90590000,-,-,Normalize channel event timer compiler allocation and layout,,,false
init_B1B0,func_1000CEAC,0x1B4,0xA04C0000,0x020C0019,-,-,Normalize channel event timer compiler allocation and layout,,,false
init_B1B0,func_1000CEAC,0x1B8,0x8E6D0000,0x01037021,-,-,Normalize channel event timer compiler allocation and layout,,,false
init_B1B0,func_1000CEAC,0x1BC,0x020D0019,0x372B0001,-,-,Normalize channel event timer compiler allocation and layout,,,false
init_B1B0,func_1000CEAC,0x1C0,0x00007012,0xA04B0000,-,-,Normalize channel event timer compiler allocation and layout,,,false
init_B1B0,func_1000CEAC,0x1C4,0xADEE0000,0x00006812,-,-,Normalize channel event timer compiler allocation and layout,,,false
init_B1B0,func_1000CEAC,0x1C8,0x1000002A,0xADCD0000,-,-,Normalize channel event timer compiler allocation and layout,,,false
init_B1B0,func_1000CEAC,0x1CC,0xACD00000,0x1000002D,-,-,Normalize channel event timer compiler allocation and layout,,,false
init_B1B0,func_1000CEAC,0x1D0,0x00A71021,0xACF00000,-,-,Normalize channel event timer compiler allocation and layout,,,false
init_B1B0,func_1000CEAC,0x1D4,0x90580000,0x00A61021,-,-,Normalize channel event timer compiler allocation and layout,,,false
init_B1B0,func_1000CEAC,0x1D8,0x024A6021,0x904F0000,-,-,Normalize channel event timer compiler allocation and layout,,,false
init_B1B0,func_1000CEAC,0x1DC,0x01846821,0x0012C980,-,-,Normalize channel event timer compiler allocation and layout,,,false
init_B1B0,func_1000CEAC,0x1E0,0x3B190001,0x02795821,-,-,Normalize channel event timer compiler allocation and layout,,,false
init_B1B0,func_1000CEAC,0x1E4,0xA0590000,0x39F80001,-,-,Normalize channel event timer compiler allocation and layout,,,false
init_B1B0,func_1000CEAC,0x1E8,0xADB10000,0xA0580000,-,-,Normalize channel event timer compiler allocation and layout,,,false
init_B1B0,func_1000CEAC,0x1EC,0x10000021,0x01636021,-,-,Normalize channel event timer compiler allocation and layout,,,false
init_B1B0,func_1000CEAC,0x1F0,0xACD00000,0xAD910000,-,-,Normalize channel event timer compiler allocation and layout,,,false
init_B1B0,func_1000CEAC,0x1F4,0x904F0000,0x10000023,-,-,Normalize channel event timer compiler allocation and layout,,,false
init_B1B0,func_1000CEAC,0x1F8,0x00107043,0xACF00000,-,-,Normalize channel event timer compiler allocation and layout,,,false
init_B1B0,func_1000CEAC,0x1FC,0x01C08025,0x00A61021,-,-,Normalize channel event timer compiler allocation and layout,,,false
init_B1B0,func_1000CEAC,0x200,0x39F80001,0x904D0000,-,-,Normalize channel event timer compiler allocation and layout,,,false
init_B1B0,func_1000CEAC,0x204,0x331900FF,0x00107843,-,-,Normalize channel event timer compiler allocation and layout,,,false
init_B1B0,func_1000CEAC,0x208,0x17200008,0x01E08025,-,-,Normalize channel event timer compiler allocation and layout,,,false
init_B1B0,func_1000CEAC,0x20C,0xA0580000,0x39AE0001,-,-,Normalize channel event timer compiler allocation and layout,,,false
init_B1B0,func_1000CEAC,0x210,0x8E6C0000,0x31D800FF,-,-,Normalize channel event timer compiler allocation and layout,,,false
init_B1B0,func_1000CEAC,0x214,0x024A7821,0x17000009,-,-,Normalize channel event timer compiler allocation and layout,,,false
init_B1B0,func_1000CEAC,0x218,0x01E4C021,0xA04E0000,-,-,Normalize channel event timer compiler allocation and layout,,,false
init_B1B0,func_1000CEAC,0x21C,0x01CC0019,0x8E990000,-,-,Normalize channel event timer compiler allocation and layout,,,false
init_B1B0,func_1000CEAC,0x220,0x00006812,0x00126980,-,-,Normalize channel event timer compiler allocation and layout,,,false
init_B1B0,func_1000CEAC,0x224,0x01B17021,0x026D7021,-,-,Normalize channel event timer compiler allocation and layout,,,false
init_B1B0,func_1000CEAC,0x228,0xAF0E0000,0x01F90019,-,-,Normalize channel event timer compiler allocation and layout,,,false
init_B1B0,func_1000CEAC,0x22C,0x10000011,0x01C37821,-,-,Normalize channel event timer compiler allocation and layout,,,false
init_B1B0,func_1000CEAC,0x230,0xACD00000,0x00005812,-,-,Normalize channel event timer compiler allocation and layout,,,false
init_B1B0,func_1000CEAC,0x234,0x30E30007,0x01716021,-,-,Normalize channel event timer compiler allocation and layout,,,false
init_B1B0,func_1000CEAC,0x238,0x00651021,0xADEC0000,-,-,Normalize channel event timer compiler allocation and layout,,,false
init_B1B0,func_1000CEAC,0x23C,0x90590000,0x10000011,-,-,Normalize channel event timer compiler allocation and layout,,,false
init_B1B0,func_1000CEAC,0x240,0x34E40008,0xACF00000,-,-,Normalize channel event timer compiler allocation and layout,,,false
init_B1B0,func_1000CEAC,0x244,0x00A47021,0x30C30007,-,-,Normalize channel event timer compiler allocation and layout,,,false
init_B1B0,func_1000CEAC,0x248,0x3B2D0001,0x00A31021,-,-,Normalize channel event timer compiler allocation and layout,,,false
init_B1B0,func_1000CEAC,0x24C,0xA04D0000,0x90580000,-,-,Normalize channel event timer compiler allocation and layout,,,false
init_B1B0,func_1000CEAC,0x250,0x39AF0001,0x34C40008,-,-,Normalize channel event timer compiler allocation and layout,,,false
init_B1B0,func_1000CEAC,0x254,0x0003C080,0x00A47021,-,-,Normalize channel event timer compiler allocation and layout,,,false
init_B1B0,func_1000CEAC,0x258,0xA1CF0000,0x3B0B0001,-,-,Normalize channel event timer compiler allocation and layout,,,false
init_B1B0,func_1000CEAC,0x25C,0x0118C821,0xA04B0000,-,-,Normalize channel event timer compiler allocation and layout,,,false
init_B1B0,func_1000CEAC,0x260,0x00046080,0x396D0001,-,-,Normalize channel event timer compiler allocation and layout,,,false
init_B1B0,func_1000CEAC,0x264,0xAF310000,0x00036080,-,-,Normalize channel event timer compiler allocation and layout,,,false
init_B1B0,func_1000CEAC,0x268,0x010C6821,0xA1CD0000,-,-,Normalize channel event timer compiler allocation and layout,,,false
init_B1B0,func_1000CEAC,0x26C,0xADB10000,0x010C7821,-,-,Normalize channel event timer compiler allocation and layout,,,false
init_B1B0,func_1000CEAC,0x270,0xACC00000,0x0004C080,-,-,Normalize channel event timer compiler allocation and layout,,,false
init_B1B0,func_1000CEAC,0x274,0x24E70001,0xADF10000,-,-,Normalize channel event timer compiler allocation and layout,,,false
init_B1B0,func_1000CEAC,0x278,0x28E10010,0x0118C821,-,-,Normalize channel event timer compiler allocation and layout,,,false
init_B1B0,func_1000CEAC,0x27C,0x00097842,0xAF310000,-,-,Normalize channel event timer compiler allocation and layout,,,false
init_B1B0,func_1000CEAC,0x280,0x10200003,0xACE00000,-,-,Normalize channel event timer compiler allocation and layout,,,false
init_B1B0,func_1000CEAC,0x284,0x01E04825,0x24C60001,-,-,Normalize channel event timer compiler allocation and layout,,,false
init_B1B0,func_1000CEAC,0x288,0x55E0FFB4,0x00091042,-,-,Normalize channel event timer compiler allocation and layout,,,false
init_B1B0,func_1000CEAC,0x28C,0x312C0001,0x304BFFFF,-,-,Normalize channel event timer compiler allocation and layout,,,false
init_B1B0,func_1000CEAC,0x290,0x3C010000,0x28C10010,R_MIPS_HI16:D_800419A0,-,Normalize channel event timer compiler allocation and layout,,,false
init_B1B0,func_1000CEAC,0x294,0x1000000E,0x10200003,-,-,Normalize channel event timer compiler allocation and layout,,,false
init_B1B0,func_1000CEAC,0x298,0xA0350000,0x01601025,R_MIPS_LO16:D_800419A0,-,Normalize channel event timer compiler allocation and layout,,,false
init_B1B0,func_1000CEAC,0x29C,0x8DCE0000,0x5560FFAF,R_MIPS_LO16:D_80041F04,-,Normalize channel event timer compiler allocation and layout,,,false
init_B1B0,func_1000CEAC,0x2A0,0x3C040000,0x30580001,R_MIPS_HI16:D_800CC2D0,-,Normalize channel event timer compiler allocation and layout,,,false
init_B1B0,func_1000CEAC,0x2A4,0x24840000,0x3C010000,R_MIPS_LO16:D_800CC2D0,R_MIPS_HI16:D_800419A0,Normalize channel event timer compiler allocation and layout,,,false
init_B1B0,func_1000CEAC,0x2A8,0x31D80001,0x1000000E,-,-,Normalize channel event timer compiler allocation and layout,,,false
init_B1B0,func_1000CEAC,0x2AC,0x13000008,0xA0320000,-,R_MIPS_LO16:D_800419A0,Normalize channel event timer compiler allocation and layout,,,false
init_B1B0,func_1000CEAC,0x2B0,0x24050044,0x8DAD0000,-,R_MIPS_LO16:D_80041F04,Normalize channel event timer compiler allocation and layout,,,false
init_B1B0,func_1000CEAC,0x2B4,0x24190005,0x3C040000,-,R_MIPS_HI16:D_800CC2D0,Normalize channel event timer compiler allocation and layout,,,false
init_B1B0,func_1000CEAC,0x2B8,0xAFB90010,0x24840000,-,R_MIPS_LO16:D_800CC2D0,Normalize channel event timer compiler allocation and layout,,,false
init_B1B0,func_1000CEAC,0x2BC,0x02E03025,0x31AE0001,-,-,Normalize channel event timer compiler allocation and layout,,,false
init_B1B0,func_1000CEAC,0x2C0,0x24070012,0x11C00008,-,-,Normalize channel event timer compiler allocation and layout,,,false
init_B1B0,func_1000CEAC,0x2C4,0x0C000000,0x24050044,R_MIPS_26:func_1507E7E4,-,Normalize channel event timer compiler allocation and layout,,,false
init_B1B0,func_1000CEAC,0x2C8,0xAFAB0054,0x240C0005,-,-,Normalize channel event timer compiler allocation and layout,,,false
init_B1B0,func_1000CEAC,0x2CC,0x8FAB0054,0xAFAC0010,-,-,Normalize channel event timer compiler allocation and layout,,,false
init_B1B0,func_1000CEAC,0x2D0,0x8FA40064,0x24060001,-,-,Normalize channel event timer compiler allocation and layout,,,false
init_B1B0,func_1000CEAC,0x2D4,0x27A50098,0x24070012,-,-,Normalize channel event timer compiler allocation and layout,,,false
init_B1B0,func_1000CEAC,0x2D8,0x00003025,0x0C000000,-,R_MIPS_26:func_1507E7E4,Normalize channel event timer compiler allocation and layout,,,false
init_B1B0,func_1000CEAC,0x2DC,0x0C000000,0xAFAA0068,R_MIPS_26:osRecvMesg,-,Normalize channel event timer compiler allocation and layout,,,false
init_B1B0,func_1000CEAC,0x2E0,0xAFAB0054,0x8FAA0068,-,-,Normalize channel event timer compiler allocation and layout,,,false
init_B1B0,func_1000CEAC,0x2E4,0x1040FF75,0x8FA40064,-,-,Normalize channel event timer compiler allocation and layout,,,false
init_B1B0,func_1000CEAC,0x2E8,0x8FAB0054,0x27A50094,-,-,Normalize channel event timer compiler allocation and layout,,,false
init_B1B0,func_1000CEAC,0x2EC,0xAFB00078,0x00003025,-,-,Normalize channel event timer compiler allocation and layout,,,false
init_B1B0,func_1000CEAC,0x2F0,0x8FAC0068,0x0C000000,-,R_MIPS_26:osRecvMesg,Normalize channel event timer compiler allocation and layout,,,false
init_B1B0,func_1000CEAC,0x2F4,0x02A05025,0xAFAA0068,-,-,Normalize channel event timer compiler allocation and layout,,,false
init_B1B0,func_1000CEAC,0x2F8,0x3C0F0000,0x1040FF70,R_MIPS_HI16:D_800418B0,-,Normalize channel event timer compiler allocation and layout,,,false
init_B1B0,func_1000CEAC,0x2FC,0x8D900000,0x8FAA0068,-,-,Normalize channel event timer compiler allocation and layout,,,false
init_B1B0,func_1000CEAC,0x300,0x3C130000,0xAFB0008C,R_MIPS_HI16:D_800BE9E4,-,Normalize channel event timer compiler allocation and layout,,,false
init_B1B0,func_1000CEAC,0x304,0x25EF0000,0x8FAF0070,R_MIPS_LO16:D_800418B0,-,Normalize channel event timer compiler allocation and layout,,,false
init_B1B0,func_1000CEAC,0x308,0x8E0E0030,0x3C190000,-,R_MIPS_HI16:D_800418B0,Normalize channel event timer compiler allocation and layout,,,false
init_B1B0,func_1000CEAC,0x30C,0x000A6980,0x3C140000,-,R_MIPS_HI16:D_800BE9E4,Normalize channel event timer compiler allocation and layout,,,false
init_B1B0,func_1000CEAC,0x310,0x26730000,0x8DE20000,R_MIPS_LO16:D_800BE9E4,-,Normalize channel event timer compiler allocation and layout,,,false
init_B1B0,func_1000CEAC,0x314,0x24170001,0x27390000,-,R_MIPS_LO16:D_800418B0,Normalize channel event timer compiler allocation and layout,,,false
init_B1B0,func_1000CEAC,0x318,0x01A05025,0x0012C180,-,-,Normalize channel event timer compiler allocation and layout,,,false
init_B1B0,func_1000CEAC,0x31C,0x15C00012,0x8C4B0030,-,-,Normalize channel event timer compiler allocation and layout,,,false
init_B1B0,func_1000CEAC,0x320,0x01AF4021,0x26940000,-,R_MIPS_LO16:D_800BE9E4,Normalize channel event timer compiler allocation and layout,,,false
init_B1B0,func_1000CEAC,0x324,0x91780000,0x24170001,-,-,Normalize channel event timer compiler allocation and layout,,,false
init_B1B0,func_1000CEAC,0x328,0x02A02025,0x15600010,-,-,Normalize channel event timer compiler allocation and layout,,,false
init_B1B0,func_1000CEAC,0x32C,0x308D00FF,0x03194021,-,-,Normalize channel event timer compiler allocation and layout,,,false
init_B1B0,func_1000CEAC,0x330,0x37190080,0x914D0000,-,-,Normalize channel event timer compiler allocation and layout,,,false
init_B1B0,func_1000CEAC,0x334,0xA1790000,0x324400FF,-,-,Normalize channel event timer compiler allocation and layout,,,false
init_B1B0,func_1000CEAC,0x338,0x920C0015,0x35AE0080,-,-,Normalize channel event timer compiler allocation and layout,,,false
init_B1B0,func_1000CEAC,0x33C,0x01A02025,0xA14E0000,-,-,Normalize channel event timer compiler allocation and layout,,,false
init_B1B0,func_1000CEAC,0x340,0x15800014,0x904C0015,-,-,Normalize channel event timer compiler allocation and layout,,,false
init_B1B0,func_1000CEAC,0x344,0x00000000,0x15800013,-,-,Normalize channel event timer compiler allocation and layout,,,false
init_B1B0,func_1000CEAC,0x348,0xAFA80060,0x00000000,-,-,Normalize channel event timer compiler allocation and layout,,,false
init_B1B0,func_1000CEAC,0x350,0xAFAA005C,0xAFA80058,-,-,Normalize channel event timer compiler allocation and layout,,,false
init_B1B0,func_1000CEAC,0x354,0x8FA80060,0x8FB80070,-,-,Normalize channel event timer compiler allocation and layout,,,false
init_B1B0,func_1000CEAC,0x358,0x8FAA005C,0x8FA80058,-,-,Normalize channel event timer compiler allocation and layout,,,false
init_B1B0,func_1000CEAC,0x360,0x1000000C,0x8F190000,-,-,Normalize channel event timer compiler allocation and layout,,,false
init_B1B0,func_1000CEAC,0x364,0xA20F0015,0x1000000B,-,-,Normalize channel event timer compiler allocation and layout,,,false
init_B1B0,func_1000CEAC,0x368,0x920E0015,0xA32F0015,-,-,Normalize channel event timer compiler allocation and layout,,,false
init_B1B0,func_1000CEAC,0x36C,0x02A02025,0x904B0015,-,-,Normalize channel event timer compiler allocation and layout,,,false
init_B1B0,func_1000CEAC,0x370,0x309800FF,0x324400FF,-,-,Normalize channel event timer compiler allocation and layout,,,false
init_B1B0,func_1000CEAC,0x374,0x16EE0007,0x16EB0007,-,-,Normalize channel event timer compiler allocation and layout,,,false
init_B1B0,func_1000CEAC,0x378,0x03002025,0x00000000,-,-,Normalize channel event timer compiler allocation and layout,,,false
init_B1B0,func_1000CEAC,0x37C,0xAFA80060,0x0C000000,-,R_MIPS_26:func_100084D8,Normalize channel event timer compiler allocation and layout,,,false
init_B1B0,func_1000CEAC,0x380,0x0C000000,0xAFA80058,R_MIPS_26:func_100084D8,-,Normalize channel event timer compiler allocation and layout,,,false
init_B1B0,func_1000CEAC,0x384,0xAFAA005C,0x8FAD0070,-,-,Normalize channel event timer compiler allocation and layout,,,false
init_B1B0,func_1000CEAC,0x388,0x8FA80060,0x8FA80058,-,-,Normalize channel event timer compiler allocation and layout,,,false
init_B1B0,func_1000CEAC,0x38C,0x8FAA005C,0x8DAE0000,-,-,Normalize channel event timer compiler allocation and layout,,,false
init_B1B0,func_1000CEAC,0x390,0xA2000015,0xA1C00015,-,-,Normalize channel event timer compiler allocation and layout,,,false
init_B1B0,func_1000CEAC,0x39C,0x00002025,0x00001825,-,-,Normalize channel event timer compiler allocation and layout,,,false
init_B1B0,func_1000CEAC,0x3A8,0x8C430000,0x8C440000,-,-,Normalize channel event timer compiler allocation and layout,,,false
init_B1B0,func_1000CEAC,0x3AC,0x00AAC821,0x00126180,-,-,Normalize channel event timer compiler allocation and layout,,,false
init_B1B0,func_1000CEAC,0x3B0,0x03246021,0x00ACC021,-,-,Normalize channel event timer compiler allocation and layout,,,false
init_B1B0,func_1000CEAC,0x3B4,0x5060000A,0x10800009,-,-,Normalize channel event timer compiler allocation and layout,,,false
init_B1B0,func_1000CEAC,0x3B8,0x8C430004,0x03037821,-,-,Normalize channel event timer compiler allocation and layout,,,false
init_B1B0,func_1000CEAC,0x3BC,0x8D8D0000,0x8DF90000,-,-,Normalize channel event timer compiler allocation and layout,,,false
init_B1B0,func_1000CEAC,0x3C0,0x8E6F0000,0x8E8B0000,-,-,Normalize channel event timer compiler allocation and layout,,,false
init_B1B0,func_1000CEAC,0x3C4,0x01AF0019,0x032B0019,-,-,Normalize channel event timer compiler allocation and layout,,,false
init_B1B0,func_1000CEAC,0x3C8,0x00007012,0x00006812,-,-,Normalize channel event timer compiler allocation and layout,,,false
init_B1B0,func_1000CEAC,0x3CC,0x006EC023,0x008D7023,-,-,Normalize channel event timer compiler allocation and layout,,,false
init_B1B0,func_1000CEAC,0x3D0,0x07010002,0x05C10002,-,-,Normalize channel event timer compiler allocation and layout,,,false
init_B1B0,func_1000CEAC,0x3D4,0xAC580000,0xAC4E0000,-,-,Normalize channel event timer compiler allocation and layout,,,false
init_B1B0,func_1000CEAC,0x3DC,0x8C430004,0x8C440004,-,-,Normalize channel event timer compiler allocation and layout,,,false
init_B1B0,func_1000CEAC,0x3E0,0x00AA6021,0x0012C180,-,-,Normalize channel event timer compiler allocation and layout,,,false
init_B1B0,func_1000CEAC,0x3E4,0x01846821,0x00B87821,-,-,Normalize channel event timer compiler allocation and layout,,,false
init_B1B0,func_1000CEAC,0x3E8,0x5060000A,0x10800009,-,-,Normalize channel event timer compiler allocation and layout,,,false
init_B1B0,func_1000CEAC,0x3EC,0x24840008,0x01E3C821,-,-,Normalize channel event timer compiler allocation and layout,,,false
init_B1B0,func_1000CEAC,0x3F0,0x8DAF0004,0x8F2B0004,-,-,Normalize channel event timer compiler allocation and layout,,,false
init_B1B0,func_1000CEAC,0x3F4,0x8E6E0000,0x8E8D0000,-,-,Normalize channel event timer compiler allocation and layout,,,false
init_B1B0,func_1000CEAC,0x3F8,0x01EE0019,0x016D0019,-,-,Normalize channel event timer compiler allocation and layout,,,false
init_B1B0,func_1000CEAC,0x3FC,0x0000C012,0x00007012,-,-,Normalize channel event timer compiler allocation and layout,,,false
init_B1B0,func_1000CEAC,0x400,0x0078C823,0x008E6023,-,-,Normalize channel event timer compiler allocation and layout,,,false
init_B1B0,func_1000CEAC,0x404,0x07210002,0x05810002,-,-,Normalize channel event timer compiler allocation and layout,,,false
init_B1B0,func_1000CEAC,0x408,0xAC590004,0xAC4C0004,-,-,Normalize channel event timer compiler allocation and layout,,,false
init_B1B0,func_1000CEAC,0x410,0x24840008,0x24630008,-,-,Normalize channel event timer compiler allocation and layout,,,false
init_B1B0,func_1000CEAC,0x414,0x1486FFE4,0x1466FFE4,-,-,Normalize channel event timer compiler allocation and layout,,,false
init_B1B0,func_1000CEAC,0x448,0x27BD00A0,0x27BD0098,-,-,Normalize channel event timer compiler allocation and layout,,,false
init_B1B0,func_1000D2F8,0x02C,0x93AE0043,0x8FAE0040,-,-,Normalize audio channel update compiler allocation and layout,,,false
init_B1B0,func_1000D2F8,0x05C,0x8FAD003C,0x8FAE003C,-,-,Normalize audio channel update compiler allocation and layout,,,false
init_B1B0,func_1000D2F8,0x070,0x8FAD003C,0x8FAE003C,-,-,Normalize audio channel update compiler allocation and layout,,,false
init_B1B0,func_1000D2F8,0x074,0x8E300000,0x8E280000,-,-,Normalize audio channel update compiler allocation and layout,,,false
init_B1B0,func_1000D2F8,0x078,0x93A40043,0x93A40033,-,-,Normalize audio channel update compiler allocation and layout,,,false
init_B1B0,func_1000D2F8,0x07C,0x8E050024,0x8D050024,-,-,Normalize audio channel update compiler allocation and layout,,,false
init_B1B0,func_1000D2F8,0x084,0x30A800FF,0x30A900FF,-,-,Normalize audio channel update compiler allocation and layout,,,false
init_B1B0,func_1000D2F8,0x08C,0x01002825,0x01202825,-,-,Normalize audio channel update compiler allocation and layout,,,false
init_B1B0,func_1000D2F8,0x094,0x8E020028,0x24027FFF,-,-,Normalize audio channel update compiler allocation and layout,,,false
init_B1B0,func_1000D2F8,0x098,0x50400006,0x8E030028,-,-,Normalize audio channel update compiler allocation and layout,,,false
init_B1B0,func_1000D2F8,0x09C,0x24027FFF,0x50600006,-,-,Normalize audio channel update compiler allocation and layout,,,false
init_B1B0,func_1000D2F8,0x0A0,0xAE020030,0xA602004C,-,-,Normalize audio channel update compiler allocation and layout,,,false
init_B1B0,func_1000D2F8,0x0A4,0x8E290000,0xAE030030,-,-,Normalize audio channel update compiler allocation and layout,,,false
init_B1B0,func_1000D2F8,0x0A8,0xAD22002C,0x8E2A0000,-,-,Normalize audio channel update compiler allocation and layout,,,false
init_B1B0,func_1000D2F8,0x0AC,0x8E300000,0xAD43002C,-,-,Normalize audio channel update compiler allocation and layout,,,false
init_B1B0,func_1000D2F8,0x0B0,0x24027FFF,0x8E300000,-,-,Normalize audio channel update compiler allocation and layout,,,false
init_B1B0,func_1000D2F8,0x0B8,0x8E2A0000,0x8E2B0000,-,-,Normalize audio channel update compiler allocation and layout,,,false
init_B1B0,func_1000D2F8,0x0BC,0xA542004E,0xA562004E,-,-,Normalize audio channel update compiler allocation and layout,,,false
init_B1B0,func_1000D2F8,0x0C4,0x8FA40030,0x8FA40040,-,-,Normalize audio channel update compiler allocation and layout,,,false
init_B1B0,func_1000D2F8,0x0C8,0x8E2B0000,0x8E2C0000,-,-,Normalize audio channel update compiler allocation and layout,,,false
init_B1B0,func_1000D2F8,0x0CC,0xAD600024,0xAD800024,-,-,Normalize audio channel update compiler allocation and layout,,,false
init_B1B0,func_1000D2F8,0x0D0,0x8E2C0000,0x8E2D0000,-,-,Normalize audio channel update compiler allocation and layout,,,false
init_B1B0,func_1000D2F8,0x0D4,0xAD800020,0xADA00020,-,-,Normalize audio channel update compiler allocation and layout,,,false
init_B1B0,func_1000D2F8,0x0D8,0x8FAD003C,0x8FAE003C,-,-,Normalize audio channel update compiler allocation and layout,,,false
init_B1B0,func_1000D2F8,0x0E0,0x55A00004,0x55C00004,-,-,Normalize audio channel update compiler allocation and layout,,,false
init_B1B0,func_1000D2F8,0x0F8,0x8E0D0004,0x8E0E0004,-,-,Normalize audio channel update compiler allocation and layout,,,false
init_B1B0,func_1000D2F8,0x0FC,0x8E0E0004,0x8E0F0004,-,-,Normalize audio channel update compiler allocation and layout,,,false
init_B1B0,func_1000D2F8,0x100,0x55C00076,0x55E00076,-,-,Normalize audio channel update compiler allocation and layout,,,false
init_B1B0,func_1000D2F8,0x11C,0x8E2F0000,0x8E380000,-,-,Normalize audio channel update compiler allocation and layout,,,false
init_B1B0,func_1000D2F8,0x124,0xADE30004,0xAF030004,-,-,Normalize audio channel update compiler allocation and layout,,,false
init_B1B0,func_1000D2F8,0x130,0x8E380000,0x8E390000,-,-,Normalize audio channel update compiler allocation and layout,,,false
init_B1B0,func_1000D2F8,0x138,0x8F020060,0x8F220060,-,-,Normalize audio channel update compiler allocation and layout,,,false
init_B1B0,func_1000D2F8,0x14C,0x93A40043,0x93A40033,-,-,Normalize audio channel update compiler allocation and layout,,,false
init_B1B0,func_1000D2F8,0x158,0x8E2D0000,0x8E2E0000,-,-,Normalize audio channel update compiler allocation and layout,,,false
init_B1B0,func_1000D2F8,0x15C,0x8E390000,0x8E280000,-,-,Normalize audio channel update compiler allocation and layout,,,false
init_B1B0,func_1000D2F8,0x164,0x8F280060,0x8D090060,-,-,Normalize audio channel update compiler allocation and layout,,,false
init_B1B0,func_1000D2F8,0x168,0xAD000010,0xAD200010,-,-,Normalize audio channel update compiler allocation and layout,,,false
init_B1B0,func_1000D2F8,0x16C,0x8E290000,0x8E2A0000,-,-,Normalize audio channel update compiler allocation and layout,,,false
init_B1B0,func_1000D2F8,0x170,0x8D2A0060,0x8D4B0060,-,-,Normalize audio channel update compiler allocation and layout,,,false
init_B1B0,func_1000D2F8,0x174,0xAD400018,0xAD600018,-,-,Normalize audio channel update compiler allocation and layout,,,false
init_B1B0,func_1000D2F8,0x178,0x8E2B0000,0x8E2C0000,-,-,Normalize audio channel update compiler allocation and layout,,,false
init_B1B0,func_1000D2F8,0x180,0x8D640060,0x8D840060,-,-,Normalize audio channel update compiler allocation and layout,,,false
init_B1B0,func_1000D2F8,0x184,0x8E2C0000,0x8E2D0000,-,-,Normalize audio channel update compiler allocation and layout,,,false
init_B1B0,func_1000D2F8,0x188,0xAD800060,0xADA00060,-,-,Normalize audio channel update compiler allocation and layout,,,false
init_B1B0,func_1000D2F8,0x194,0x8E2D0000,0x8E2E0000,-,-,Normalize audio channel update compiler allocation and layout,,,false
init_B1B0,func_1000D2F8,0x198,0x8FAF0030,0x8FB80040,-,-,Normalize audio channel update compiler allocation and layout,,,false
init_B1B0,func_1000D2F8,0x1A0,0x8DAE0060,0x8DCF0060,-,-,Normalize audio channel update compiler allocation and layout,,,false
init_B1B0,func_1000D2F8,0x1AC,0xAE2E0000,0xAE2F0000,-,-,Normalize audio channel update compiler allocation and layout,,,false
init_B1B0,func_1000D2F8,0x1B0,0xADCF0000,0xADF80000,-,-,Normalize audio channel update compiler allocation and layout,,,false
init_B1B0,func_1000D2F8,0x1B4,0x8E390000,0x8E280000,-,-,Normalize audio channel update compiler allocation and layout,,,false
init_B1B0,func_1000D2F8,0x1BC,0xAF200018,0xAD000018,-,-,Normalize audio channel update compiler allocation and layout,,,false
init_B1B0,func_1000D2F8,0x1E0,0x8FA40030,0x93A40033,-,-,Normalize audio channel update compiler allocation and layout,,,false
init_B1B0,func_1000D2F8,0x1E4,0x8E080004,0x8E090004,-,-,Normalize audio channel update compiler allocation and layout,,,false
init_B1B0,func_1000D2F8,0x1E8,0x00084900,0x00095100,-,-,Normalize audio channel update compiler allocation and layout,,,false
init_B1B0,func_1000D2F8,0x1EC,0x00A92821,0x00AA2821,-,-,Normalize audio channel update compiler allocation and layout,,,false
init_B1B0,func_1000D2F8,0x20C,0x93A40043,0x93A40033,-,-,Normalize audio channel update compiler allocation and layout,,,false
init_B1B0,func_1000D2F8,0x218,0x30AA00FF,0x30AB00FF,-,-,Normalize audio channel update compiler allocation and layout,,,false
init_B1B0,func_1000D2F8,0x220,0x01402825,0x01602825,-,-,Normalize audio channel update compiler allocation and layout,,,false
init_B1B0,func_1000D2F8,0x224,0x8E2B0000,0x8E2C0000,-,-,Normalize audio channel update compiler allocation and layout,,,false
init_B1B0,func_1000D2F8,0x228,0xAD600024,0xAD800024,-,-,Normalize audio channel update compiler allocation and layout,,,false
init_B1B0,func_1000D2F8,0x238,0x8FA40030,0x8FA40040,-,-,Normalize audio channel update compiler allocation and layout,,,false
init_B1B0,func_1000D2F8,0x240,0x93A40043,0x93A40033,-,-,Normalize audio channel update compiler allocation and layout,,,false
init_B1B0,func_1000D2F8,0x244,0x8E2C0000,0x8E2D0000,-,-,Normalize audio channel update compiler allocation and layout,,,false
init_B1B0,func_1000D2F8,0x248,0x93A40043,0x93A40033,-,-,Normalize audio channel update compiler allocation and layout,,,false
init_B1B0,func_1000D2F8,0x24C,0x8D850038,0x8DA50038,-,-,Normalize audio channel update compiler allocation and layout,,,false
init_B1B0,func_1000D2F8,0x264,0x8E2D0000,0x8E2E0000,-,-,Normalize audio channel update compiler allocation and layout,,,false
init_B1B0,func_1000D2F8,0x268,0x93A40043,0x93A40033,-,-,Normalize audio channel update compiler allocation and layout,,,false
init_B1B0,func_1000D2F8,0x270,0x01B07021,0x01D07821,-,-,Normalize audio channel update compiler allocation and layout,,,false
init_B1B0,func_1000D2F8,0x274,0x91C6003C,0x91E6003C,-,-,Normalize audio channel update compiler allocation and layout,,,false
init_B1B0,func_1000D2F8,0x288,0x8E2F0000,0x8E380000,-,-,Normalize audio channel update compiler allocation and layout,,,false
init_B1B0,func_1000D2F8,0x28C,0x01F0C021,0x0310C821,-,-,Normalize audio channel update compiler allocation and layout,,,false
init_B1B0,func_1000D2F8,0x290,0xA300003C,0xA320003C,-,-,Normalize audio channel update compiler allocation and layout,,,false
init_B1B0,func_1000D2F8,0x2A0,0x8E2D0000,0x8E2E0000,-,-,Normalize audio channel update compiler allocation and layout,,,false
init_B1B0,func_1000D2F8,0x2B0,0x8E390000,0x8E280000,-,-,Normalize audio channel update compiler allocation and layout,,,false
init_B1B0,func_1000D2F8,0x2B4,0x8F280060,0x8D090060,-,-,Normalize audio channel update compiler allocation and layout,,,false
init_B1B0,func_1000D2F8,0x2B8,0xAD000010,0xAD200010,-,-,Normalize audio channel update compiler allocation and layout,,,false
init_B1B0,func_1000D2F8,0x2BC,0x8E290000,0x8E2A0000,-,-,Normalize audio channel update compiler allocation and layout,,,false
init_B1B0,func_1000D2F8,0x2C0,0x8D2A0060,0x8D4B0060,-,-,Normalize audio channel update compiler allocation and layout,,,false
init_B1B0,func_1000D2F8,0x2C4,0xAD400018,0xAD600018,-,-,Normalize audio channel update compiler allocation and layout,,,false
init_B1B0,func_1000D2F8,0x2C8,0x8E2B0000,0x8E2C0000,-,-,Normalize audio channel update compiler allocation and layout,,,false
init_B1B0,func_1000D2F8,0x2CC,0xAD630000,0xAD830000,-,-,Normalize audio channel update compiler allocation and layout,,,false
init_B1B0,func_1000D2F8,0x2EC,0x8E2C0000,0x8E2D0000,-,-,Normalize audio channel update compiler allocation and layout,,,false
init_B1B0,func_1000D2F8,0x2F0,0xA1800015,0xA1A00015,-,-,Normalize audio channel update compiler allocation and layout,,,false
init_B1B0,func_1000D2F8,0x2F8,0x93A40043,0x93A40033,-,-,Normalize audio channel update compiler allocation and layout,,,false
init_B1B0,func_1000D2F8,0x304,0x8E0D0004,0x8E0E0004,-,-,Normalize audio channel update compiler allocation and layout,,,false
init_B1B0,func_1000D2F8,0x308,0x15A0000A,0x15C0000A,-,-,Normalize audio channel update compiler allocation and layout,,,false
init_B1B0,func_1000D2F8,0x318,0x8E2E0000,0x8E2F0000,-,-,Normalize audio channel update compiler allocation and layout,,,false
init_B1B0,func_1000D2F8,0x324,0xADC30004,0xADE30004,-,-,Normalize audio channel update compiler allocation and layout,,,false
init_B1B0,func_1000D2F8,0x328,0x8E2F0000,0x8E380000,-,-,Normalize audio channel update compiler allocation and layout,,,false
init_B1B0,func_1000D2F8,0x32C,0xADE30000,0xAF030000,-,-,Normalize audio channel update compiler allocation and layout,,,false
init_B1B0,func_1000D2F8,0x348,0x0002C100,0x0002C900,-,-,Normalize audio channel update compiler allocation and layout,,,false
init_B1B0,func_1000D2F8,0x34C,0x00781821,0x00791821,-,-,Normalize audio channel update compiler allocation and layout,,,false
init_B1B0,func_1000D2F8,0x354,0x93A50043,0x93A50033,-,-,Normalize audio channel update compiler allocation and layout,,,false
init_B1B0,func_1000D2F8,0x374,0x8E390000,0x8E280000,-,-,Normalize audio channel update compiler allocation and layout,,,false
init_B1B0,func_1000D2F8,0x378,0xAF220034,0xAD020034,-,-,Normalize audio channel update compiler allocation and layout,,,false
init_B1B0,func_1000D2F8,0x3A8,0x8E280000,0x8E290000,-,-,Normalize audio channel update compiler allocation and layout,,,false
init_B1B0,func_1000D2F8,0x3AC,0xA502004C,0xA522004C,-,-,Normalize audio channel update compiler allocation and layout,,,false
init_B1B0,func_1000D2F8,0x3C4,0x8E290000,0x8E2A0000,-,-,Normalize audio channel update compiler allocation and layout,,,false
init_B1B0,func_1000D2F8,0x3C8,0xA5220052,0xA5420052,-,-,Normalize audio channel update compiler allocation and layout,,,false
init_B1B0,func_1000D2F8,0x3E0,0x8E2A0000,0x8E2B0000,-,-,Normalize audio channel update compiler allocation and layout,,,false
init_B1B0,func_1000D2F8,0x3E4,0xA5420058,0xA5620058,-,-,Normalize audio channel update compiler allocation and layout,,,false
init_B1B0,func_1000D2F8,0x3E8,0x8E2B0000,0x8E2C0000,-,-,Normalize audio channel update compiler allocation and layout,,,false
init_B1B0,func_1000D2F8,0x3EC,0xAD60001C,0xAD80001C,-,-,Normalize audio channel update compiler allocation and layout,,,false
init_B1B0,func_1000D2F8,0x3F4,0x8FA40030,0x8FA40040,-,-,Normalize audio channel update compiler allocation and layout,,,false
init_B1B0,func_1000D2F8,0x3FC,0x920C0014,0x920D0014,-,-,Normalize audio channel update compiler allocation and layout,,,false
init_B1B0,func_1000D2F8,0x400,0x51800013,0x51A00013,-,-,Normalize audio channel update compiler allocation and layout,,,false
init_B1B0,func_1000D2F8,0x414,0x5202000B,0x5050000B,-,-,Normalize audio channel update compiler allocation and layout,,,false
init_B1B0,func_1000D2F8,0x41C,0x8C4D0004,0x8C4E0004,-,-,Normalize audio channel update compiler allocation and layout,,,false
init_B1B0,func_1000D2F8,0x420,0x59A00008,0x59C00008,-,-,Normalize audio channel update compiler allocation and layout,,,false
init_B1B0,func_1000D2F8,0x428,0x8E0E0004,0x8E0F0004,-,-,Normalize audio channel update compiler allocation and layout,,,false
init_B1B0,func_1000D2F8,0x42C,0x59C00005,0x59E00005,-,-,Normalize audio channel update compiler allocation and layout,,,false
init_B1B0,func_1000D2F8,0x434,0x8C4F0000,0x8C580000,-,-,Normalize audio channel update compiler allocation and layout,,,false
init_B1B0,func_1000D2F8,0x438,0x05E30005,0x07030005,-,-,Normalize audio channel update compiler allocation and layout,,,false
init_B1B0,func_1000D758,0x1DC,0x320400FF,0x02002025,-,-,Normalize corrected audio channel index ABI,,,false
init_B1B0,func_1000D758,0x1F8,0x320400FF,0x02002025,-,-,Normalize corrected audio channel index ABI,,,false
init_1420,func_10001550,0x000,0x27BDFF20,0x27BDFF28,-,-,Normalize SDK float formatter compiler allocation and layout,,,false
init_1420,func_10001550,0x004,0xAFB00024,0xAFBF003C,-,-,Normalize SDK float formatter compiler allocation and layout,,,false
init_1420,func_10001550,0x008,0x30B000FF,0xAFB50038,-,-,Normalize SDK float formatter compiler allocation and layout,,,false
init_1420,func_10001550,0x00C,0xAFBF003C,0xAFB40034,-,-,Normalize SDK float formatter compiler allocation and layout,,,false
init_1420,func_10001550,0x010,0xAFB50038,0xAFB30030,-,-,Normalize SDK float formatter compiler allocation and layout,,,false
init_1420,func_10001550,0x014,0xAFB40034,0xAFB2002C,-,-,Normalize SDK float formatter compiler allocation and layout,,,false
init_1420,func_10001550,0x018,0xAFB30030,0xAFB10028,-,-,Normalize SDK float formatter compiler allocation and layout,,,false
init_1420,func_10001550,0x01C,0xAFB2002C,0xAFB00024,-,-,Normalize SDK float formatter compiler allocation and layout,,,false
init_1420,func_10001550,0x020,0xAFB10028,0xF7B40018,-,-,Normalize SDK float formatter compiler allocation and layout,,,false
init_1420,func_10001550,0x024,0xF7B40018,0xAFA500DC,-,-,Normalize SDK float formatter compiler allocation and layout,,,false
init_1420,func_10001550,0x028,0xAFA500E4,0x00803025,-,-,Normalize SDK float formatter compiler allocation and layout,,,false
init_1420,func_10001550,0x02C,0x00803025,0x44802000,-,-,Normalize SDK float formatter compiler allocation and layout,,,false
init_1420,func_10001550,0x030,0x44802000,0xD4D40000,-,-,Normalize SDK float formatter compiler allocation and layout,,,false
init_1420,func_10001550,0x034,0xD4D40000,0x27B200B8,-,-,Normalize SDK float formatter compiler allocation and layout,,,false
init_1420,func_10001550,0x038,0x27B200C0,0x460020A1,-,-,Normalize SDK float formatter compiler allocation and layout,,,false
init_1420,func_10001550,0x03C,0x460020A1,0x240E0006,-,-,Normalize SDK float formatter compiler allocation and layout,,,false
init_1420,func_10001550,0x040,0x240E0006,0xF7A200A0,-,-,Normalize SDK float formatter compiler allocation and layout,,,false
init_1420,func_10001550,0x044,0xF7A200A8,0x8CC20024,-,-,Normalize SDK float formatter compiler allocation and layout,,,false
init_1420,func_10001550,0x048,0x8CC20024,0x27A4008E,-,-,Normalize SDK float formatter compiler allocation and layout,,,false
init_1420,func_10001550,0x04C,0x27A40096,0x00C02825,-,-,Normalize SDK float formatter compiler allocation and layout,,,false
init_1420,func_10001550,0x050,0x00C02825,0x04410003,-,-,Normalize SDK float formatter compiler allocation and layout,,,false
init_1420,func_10001550,0x054,0x04410003,0x00000000,-,-,Normalize SDK float formatter compiler allocation and layout,,,false
init_1420,func_10001550,0x058,0x00000000,0x1000000A,-,-,Normalize SDK float formatter compiler allocation and layout,,,false
init_1420,func_10001550,0x05C,0x1000000A,0xACCE0024,-,-,Normalize SDK float formatter compiler allocation and layout,,,false
init_1420,func_10001550,0x060,0xACCE0024,0x14400008,-,-,Normalize SDK float formatter compiler allocation and layout,,,false
init_1420,func_10001550,0x064,0x14400008,0x93AF00DF,-,-,Normalize SDK float formatter compiler allocation and layout,,,false
init_1420,func_10001550,0x068,0x02007825,0x24010067,-,-,Normalize SDK float formatter compiler allocation and layout,,,false
init_1420,func_10001550,0x06C,0x24010067,0x11E10003,-,-,Normalize SDK float formatter compiler allocation and layout,,,false
init_1420,func_10001550,0x070,0x12010003,0xAFAF0044,-,-,Normalize SDK float formatter compiler allocation and layout,,,false
init_1420,func_10001550,0x074,0xAFB0004C,0x24010047,-,-,Normalize SDK float formatter compiler allocation and layout,,,false
init_1420,func_10001550,0x078,0x24010047,0x15E10002,-,-,Normalize SDK float formatter compiler allocation and layout,,,false
init_1420,func_10001550,0x07C,0x15E10002,0x24180001,-,-,Normalize SDK float formatter compiler allocation and layout,,,false
init_1420,func_10001550,0x080,0x24180001,0xACD80024,-,-,Normalize SDK float formatter compiler allocation and layout,,,false
init_1420,func_10001550,0x084,0xACD80024,0xAFA600D8,-,-,Normalize SDK float formatter compiler allocation and layout,,,false
init_1420,func_10001550,0x088,0xAFA600E0,0x0C000000,-,R_MIPS_26:func_100019F0,Normalize SDK float formatter compiler allocation and layout,,,false
init_1420,func_10001550,0x08C,0x0C000000,0xF7A20048,R_MIPS_26:func_100019F0,-,Normalize SDK float formatter compiler allocation and layout,,,false
init_1420,func_10001550,0x090,0xF7A20050,0x18400010,-,-,Normalize SDK float formatter compiler allocation and layout,,,false
init_1420,func_10001550,0x094,0x18400010,0xD7A20048,-,-,Normalize SDK float formatter compiler allocation and layout,,,false
init_1420,func_10001550,0x098,0xD7A20050,0x24010002,-,-,Normalize SDK float formatter compiler allocation and layout,,,false
init_1420,func_10001550,0x09C,0x24010002,0x14410004,-,-,Normalize SDK float formatter compiler allocation and layout,,,false
init_1420,func_10001550,0x0A0,0x14410004,0x3C050000,-,R_MIPS_HI16:D_8002BF6C,Normalize SDK float formatter compiler allocation and layout,,,false
init_1420,func_10001550,0x0A4,0x3C050000,0x3C050000,R_MIPS_HI16:D_8002BF6C,R_MIPS_HI16:D_8002BF68,Normalize SDK float formatter compiler allocation and layout,,,false
init_1420,func_10001550,0x0A8,0x3C050000,0x10000002,R_MIPS_HI16:D_8002BF68,-,Normalize SDK float formatter compiler allocation and layout,,,false
init_1420,func_10001550,0x0AC,0x10000002,0x24A50000,-,R_MIPS_LO16:D_8002BF68,Normalize SDK float formatter compiler allocation and layout,,,false
init_1420,func_10001550,0x0B0,0x24A50000,0x24A50000,R_MIPS_LO16:D_8002BF68,R_MIPS_LO16:D_8002BF6C,Normalize SDK float formatter compiler allocation and layout,,,false
init_1420,func_10001550,0x0B4,0x24A50000,0x8FA200D8,R_MIPS_LO16:D_8002BF6C,-,Normalize SDK float formatter compiler allocation and layout,,,false
init_1420,func_10001550,0x0B8,0x8FA200E0,0x24190003,-,-,Normalize SDK float formatter compiler allocation and layout,,,false
init_1420,func_10001550,0x0BC,0x24190003,0x24060003,-,-,Normalize SDK float formatter compiler allocation and layout,,,false
init_1420,func_10001550,0x0C0,0x24060003,0xAC590014,-,-,Normalize SDK float formatter compiler allocation and layout,,,false
init_1420,func_10001550,0x0C4,0xAC590014,0x0C000000,-,R_MIPS_26:memcpy,Normalize SDK float formatter compiler allocation and layout,,,false
init_1420,func_10001550,0x0C8,0x0C000000,0x8C440008,R_MIPS_26:memcpy,-,Normalize SDK float formatter compiler allocation and layout,,,false
init_1420,func_10001550,0x0CC,0x8C440008,0x100000EB,-,-,Normalize SDK float formatter compiler allocation and layout,,,false
init_1420,func_10001550,0x0D0,0x100000EA,0x8FBF003C,-,-,Normalize SDK float formatter compiler allocation and layout,,,false
init_1420,func_10001550,0x0D4,0x8FBF003C,0x14400003,-,-,Normalize SDK float formatter compiler allocation and layout,,,false
init_1420,func_10001550,0x0D8,0x14400004,0x00003825,-,-,Normalize SDK float formatter compiler allocation and layout,,,false
init_1420,func_10001550,0x0DC,0xAFB0004C,0x100000E0,-,-,Normalize SDK float formatter compiler allocation and layout,,,false
init_1420,func_10001550,0x0E0,0x00003825,0xA7A0008E,-,-,Normalize SDK float formatter compiler allocation and layout,,,false
init_1420,func_10001550,0x0E4,0x100000DE,0x4622A03C,-,-,Normalize SDK float formatter compiler allocation and layout,,,false
init_1420,func_10001550,0x0E8,0xA7A00096,0x93A800DF,-,-,Normalize SDK float formatter compiler allocation and layout,,,false
init_1420,func_10001550,0x0EC,0x4622A03C,0x87A9008E,-,-,Normalize SDK float formatter compiler allocation and layout,,,false
init_1420,func_10001550,0x0F0,0x87A80096,0x24017597,-,-,Normalize SDK float formatter compiler allocation and layout,,,false
init_1420,func_10001550,0x0F4,0x24017597,0x45000002,-,-,Normalize SDK float formatter compiler allocation and layout,,,false
init_1420,func_10001550,0x0F8,0x240E0003,0xAFA80044,-,-,Normalize SDK float formatter compiler allocation and layout,,,false
init_1420,func_10001550,0x0FC,0x45000002,0x4620A507,-,-,Normalize SDK float formatter compiler allocation and layout,,,false
init_1420,func_10001550,0x100,0x27B200C1,0x01210019,-,-,Normalize SDK float formatter compiler allocation and layout,,,false
init_1420,func_10001550,0x104,0x4620A507,0x3C010001,-,-,Normalize SDK float formatter compiler allocation and layout,,,false
init_1420,func_10001550,0x108,0x01010019,0x342186A0,-,-,Normalize SDK float formatter compiler allocation and layout,,,false
init_1420,func_10001550,0x10C,0x3C010001,0x240F0003,-,-,Normalize SDK float formatter compiler allocation and layout,,,false
init_1420,func_10001550,0x110,0x342186A0,0x00001825,-,-,Normalize SDK float formatter compiler allocation and layout,,,false
init_1420,func_10001550,0x114,0x00001825,0x24050006,-,-,Normalize SDK float formatter compiler allocation and layout,,,false
init_1420,func_10001550,0x118,0x24050006,0x27B200B9,-,-,Normalize SDK float formatter compiler allocation and layout,,,false
init_1420,func_10001550,0x11C,0x00004812,0x00005012,-,-,Normalize SDK float formatter compiler allocation and layout,,,false
init_1420,func_10001550,0x128,0x0121001A,0x0141001A,-,-,Normalize SDK float formatter compiler allocation and layout,,,false
init_1420,func_10001550,0x12C,0x00005012,0x00005812,-,-,Normalize SDK float formatter compiler allocation and layout,,,false
init_1420,func_10001550,0x130,0x254BFFFC,0x256CFFFC,-,-,Normalize SDK float formatter compiler allocation and layout,,,false
init_1420,func_10001550,0x134,0x000B6400,0x000C6C00,-,-,Normalize SDK float formatter compiler allocation and layout,,,false
init_1420,func_10001550,0x138,0x000C6C03,0x000D7403,-,-,Normalize SDK float formatter compiler allocation and layout,,,false
init_1420,func_10001550,0x13C,0x05A10018,0x05C10018,-,-,Normalize SDK float formatter compiler allocation and layout,,,false
init_1420,func_10001550,0x140,0xA7AB0096,0xA7AC008E,-,-,Normalize SDK float formatter compiler allocation and layout,,,false
init_1420,func_10001550,0x144,0x000B7C00,0x000CC400,-,-,Normalize SDK float formatter compiler allocation and layout,,,false
init_1420,func_10001550,0x148,0x000FC403,0x0018CC03,-,-,Normalize SDK float formatter compiler allocation and layout,,,false
init_1420,func_10001550,0x14C,0x01D82023,0x01F92023,-,-,Normalize SDK float formatter compiler allocation and layout,,,false
init_1420,func_10001550,0x158,0x00024023,0x00024823,-,-,Normalize SDK float formatter compiler allocation and layout,,,false
init_1420,func_10001550,0x160,0xA7A80096,0xA7A9008E,-,-,Normalize SDK float formatter compiler allocation and layout,,,false
init_1420,func_10001550,0x16C,0x30490001,0x304A0001,-,-,Normalize SDK float formatter compiler allocation and layout,,,false
init_1420,func_10001550,0x170,0x11200006,0x11400006,-,-,Normalize SDK float formatter compiler allocation and layout,,,false
init_1420,func_10001550,0x174,0x00026843,0x00027043,-,-,Normalize SDK float formatter compiler allocation and layout,,,false
init_1420,func_10001550,0x178,0x000350C0,0x000358C0,-,-,Normalize SDK float formatter compiler allocation and layout,,,false
init_1420,func_10001550,0x17C,0x008A6021,0x008B6821,-,-,Normalize SDK float formatter compiler allocation and layout,,,false
init_1420,func_10001550,0x180,0xD5860000,0xD5A60000,-,-,Normalize SDK float formatter compiler allocation and layout,,,false
init_1420,func_10001550,0x18C,0x01A01025,0x01C01025,-,-,Normalize SDK float formatter compiler allocation and layout,,,false
init_1420,func_10001550,0x190,0x1DA0FFF6,0x1DC0FFF6,-,-,Normalize SDK float formatter compiler allocation and layout,,,false
init_1420,func_10001550,0x19C,0x8FAD004C,0x8FAE0044,-,-,Normalize SDK float formatter compiler allocation and layout,,,false
init_1420,func_10001550,0x1A0,0x87AB0096,0x87AC008E,-,-,Normalize SDK float formatter compiler allocation and layout,,,false
init_1420,func_10001550,0x1AC,0x19600018,0x19800018,-,-,Normalize SDK float formatter compiler allocation and layout,,,false
init_1420,func_10001550,0x1B0,0x316FFFFC,0x3198FFFC,-,-,Normalize SDK float formatter compiler allocation and layout,,,false
init_1420,func_10001550,0x1B8,0x000F1400,0x00181400,-,-,Normalize SDK float formatter compiler allocation and layout,,,false
init_1420,func_10001550,0x1BC,0x000FC400,0x0018CC00,-,-,Normalize SDK float formatter compiler allocation and layout,,,false
init_1420,func_10001550,0x1C0,0x0018CC03,0x00194403,-,-,Normalize SDK float formatter compiler allocation and layout,,,false
init_1420,func_10001550,0x1C4,0x00027403,0x00027C03,-,-,Normalize SDK float formatter compiler allocation and layout,,,false
init_1420,func_10001550,0x1C8,0xA7AF0096,0xA7B8008E,-,-,Normalize SDK float formatter compiler allocation and layout,,,false
init_1420,func_10001550,0x1CC,0x01C01025,0x01E01025,-,-,Normalize SDK float formatter compiler allocation and layout,,,false
init_1420,func_10001550,0x1D0,0x1B20000E,0x1900000E,-,-,Normalize SDK float formatter compiler allocation and layout,,,false
init_1420,func_10001550,0x1E0,0x30480001,0x30490001,-,-,Normalize SDK float formatter compiler allocation and layout,,,false
init_1420,func_10001550,0x1E4,0x11000006,0x11200006,-,-,Normalize SDK float formatter compiler allocation and layout,,,false
init_1420,func_10001550,0x1E8,0x00026043,0x00026843,-,-,Normalize SDK float formatter compiler allocation and layout,,,false
init_1420,func_10001550,0x1EC,0x000348C0,0x000350C0,-,-,Normalize SDK float formatter compiler allocation and layout,,,false
init_1420,func_10001550,0x1F0,0x00895021,0x008A5821,-,-,Normalize SDK float formatter compiler allocation and layout,,,false
init_1420,func_10001550,0x1F4,0xD54A0000,0xD56A0000,-,-,Normalize SDK float formatter compiler allocation and layout,,,false
init_1420,func_10001550,0x200,0x01801025,0x01A01025,-,-,Normalize SDK float formatter compiler allocation and layout,,,false
init_1420,func_10001550,0x204,0x1D80FFF6,0x1DA0FFF6,-,-,Normalize SDK float formatter compiler allocation and layout,,,false
init_1420,func_10001550,0x210,0x8FAD004C,0x8FAE0044,-,-,Normalize SDK float formatter compiler allocation and layout,,,false
init_1420,func_10001550,0x218,0x8FAB00E0,0x8FAC00D8,-,-,Normalize SDK float formatter compiler allocation and layout,,,false
init_1420,func_10001550,0x21C,0x15A10004,0x15C10004,-,-,Normalize SDK float formatter compiler allocation and layout,,,false
init_1420,func_10001550,0x220,0x240F0030,0x24180030,-,-,Normalize SDK float formatter compiler allocation and layout,,,false
init_1420,func_10001550,0x224,0x87A50096,0x87A5008E,-,-,Normalize SDK float formatter compiler allocation and layout,,,false
init_1420,func_10001550,0x230,0x8D6E0024,0x8D8F0024,-,-,Normalize SDK float formatter compiler allocation and layout,,,false
init_1420,func_10001550,0x234,0x00AEA821,0x00AFA821,-,-,Normalize SDK float formatter compiler allocation and layout,,,false
init_1420,func_10001550,0x24C,0xA3AF00C0,0xA3B800B8,-,-,Normalize SDK float formatter compiler allocation and layout,,,false
init_1420,func_10001550,0x258,0x27B3006C,0x27B30064,-,-,Normalize SDK float formatter compiler allocation and layout,,,false
init_1420,func_10001550,0x260,0x87AC0096,0x87AD008E,-,-,Normalize SDK float formatter compiler allocation and layout,,,false
init_1420,func_10001550,0x2B8,0x8FB90070,0x8FA80068,-,-,Normalize SDK float formatter compiler allocation and layout,,,false
init_1420,func_10001550,0x2C0,0x27280030,0x25090030,-,-,Normalize SDK float formatter compiler allocation and layout,,,false
init_1420,func_10001550,0x2C4,0xA2480000,0xA2490000,-,-,Normalize SDK float formatter compiler allocation and layout,,,false
init_1420,func_10001550,0x2C8,0x8FA9006C,0x8FAA0064,-,-,Normalize SDK float formatter compiler allocation and layout,,,false
init_1420,func_10001550,0x2CC,0x01208825,0x01408825,-,-,Normalize SDK float formatter compiler allocation and layout,,,false
init_1420,func_10001550,0x2D0,0x59200005,0x59400005,-,-,Normalize SDK float formatter compiler allocation and layout,,,false
init_1420,func_10001550,0x304,0xD7AA00A8,0xD7AA00A0,-,-,Normalize SDK float formatter compiler allocation and layout,,,false
init_1420,func_10001550,0x318,0x87AC0096,0x87AD008E,-,-,Normalize SDK float formatter compiler allocation and layout,,,false
init_1420,func_10001550,0x31C,0x93AB00C1,0x93AC00B9,-,-,Normalize SDK float formatter compiler allocation and layout,,,false
init_1420,func_10001550,0x320,0x27AA00C0,0x27AB00B8,-,-,Normalize SDK float formatter compiler allocation and layout,,,false
init_1420,func_10001550,0x328,0x024AA823,0x024BA823,-,-,Normalize SDK float formatter compiler allocation and layout,,,false
init_1420,func_10001550,0x32C,0x258D0007,0x25AE0007,-,-,Normalize SDK float formatter compiler allocation and layout,,,false
init_1420,func_10001550,0x334,0xA7AD0096,0xA7AE008E,-,-,Normalize SDK float formatter compiler allocation and layout,,,false
init_1420,func_10001550,0x338,0x144B0009,0x144C0009,-,-,Normalize SDK float formatter compiler allocation and layout,,,false
init_1420,func_10001550,0x33C,0x27B200C1,0x27B200B9,-,-,Normalize SDK float formatter compiler allocation and layout,,,false
init_1420,func_10001550,0x340,0x87AE0096,0x87AF008E,-,-,Normalize SDK float formatter compiler allocation and layout,,,false
init_1420,func_10001550,0x34C,0x25CFFFFF,0x25F8FFFF,-,-,Normalize SDK float formatter compiler allocation and layout,,,false
init_1420,func_10001550,0x350,0xA7AF0096,0xA7B8008E,-,-,Normalize SDK float formatter compiler allocation and layout,,,false
init_1420,func_10001550,0x354,0x92580000,0x92590000,-,-,Normalize SDK float formatter compiler allocation and layout,,,false
init_1420,func_10001550,0x358,0x5058FFFA,0x5059FFFA,-,-,Normalize SDK float formatter compiler allocation and layout,,,false
init_1420,func_10001550,0x35C,0x87AE0096,0x87AF008E,-,-,Normalize SDK float formatter compiler allocation and layout,,,false
init_1420,func_10001550,0x360,0x8FB9004C,0x8FA80044,-,-,Normalize SDK float formatter compiler allocation and layout,,,false
init_1420,func_10001550,0x368,0x8FA900E0,0x8FAA00D8,-,-,Normalize SDK float formatter compiler allocation and layout,,,false
init_1420,func_10001550,0x36C,0x17210004,0x15010004,-,-,Normalize SDK float formatter compiler allocation and layout,,,false
init_1420,func_10001550,0x370,0x8FA8004C,0x8FA90044,-,-,Normalize SDK float formatter compiler allocation and layout,,,false
init_1420,func_10001550,0x374,0x87A50096,0x87A5008E,-,-,Normalize SDK float formatter compiler allocation and layout,,,false
init_1420,func_10001550,0x384,0x11010003,0x11210003,-,-,Normalize SDK float formatter compiler allocation and layout,,,false
init_1420,func_10001550,0x38C,0x15010003,0x15210003,-,-,Normalize SDK float formatter compiler allocation and layout,,,false
init_1420,func_10001550,0x3A0,0x8D2A0024,0x8D4B0024,-,-,Normalize SDK float formatter compiler allocation and layout,,,false
init_1420,func_10001550,0x3A4,0x00AA3821,0x00AB3821,-,-,Normalize SDK float formatter compiler allocation and layout,,,false
init_1420,func_10001550,0x3A8,0x00076400,0x00076C00,-,-,Normalize SDK float formatter compiler allocation and layout,,,false
init_1420,func_10001550,0x3AC,0x000C3C03,0x000D3C03,-,-,Normalize SDK float formatter compiler allocation and layout,,,false
init_1420,func_10001550,0x3C0,0x00075C03,0x00076403,-,-,Normalize SDK float formatter compiler allocation and layout,,,false
init_1420,func_10001550,0x3C4,0x01603825,0x01803825,-,-,Normalize SDK float formatter compiler allocation and layout,,,false
init_1420,func_10001550,0x3D8,0x904E0000,0x904F0000,-,-,Normalize SDK float formatter compiler allocation and layout,,,false
init_1420,func_10001550,0x3DC,0x29C10035,0x29E10035,-,-,Normalize SDK float formatter compiler allocation and layout,,,false
init_1420,func_10001550,0x3F8,0x904FFFFF,0x9058FFFF,-,-,Normalize SDK float formatter compiler allocation and layout,,,false
init_1420,func_10001550,0x404,0x14AF0009,0x14B80009,-,-,Normalize SDK float formatter compiler allocation and layout,,,false
init_1420,func_10001550,0x410,0x9048FFFF,0x9049FFFF,-,-,Normalize SDK float formatter compiler allocation and layout,,,false
init_1420,func_10001550,0x418,0x0007C400,0x0007CC00,-,-,Normalize SDK float formatter compiler allocation and layout,,,false
init_1420,func_10001550,0x424,0x1088FFFA,0x1089FFFA,-,-,Normalize SDK float formatter compiler allocation and layout,,,false
init_1420,func_10001550,0x428,0x00183C03,0x00193C03,-,-,Normalize SDK float formatter compiler allocation and layout,,,false
init_1420,func_10001550,0x434,0x90490000,0x904A0000,-,-,Normalize SDK float formatter compiler allocation and layout,,,false
init_1420,func_10001550,0x438,0x252A0001,0x254B0001,-,-,Normalize SDK float formatter compiler allocation and layout,,,false
init_1420,func_10001550,0x43C,0xA04A0000,0xA04B0000,-,-,Normalize SDK float formatter compiler allocation and layout,,,false
init_1420,func_10001550,0x444,0x87AB0096,0x87AC008E,-,-,Normalize SDK float formatter compiler allocation and layout,,,false
init_1420,func_10001550,0x44C,0x00076400,0x00076C00,-,-,Normalize SDK float formatter compiler allocation and layout,,,false
init_1420,func_10001550,0x450,0x256E0001,0x258F0001,-,-,Normalize SDK float formatter compiler allocation and layout,,,false
init_1420,func_10001550,0x454,0xA7AE0096,0xA7AF008E,-,-,Normalize SDK float formatter compiler allocation and layout,,,false
init_1420,func_10001550,0x458,0x000C3C03,0x000D3C03,-,-,Normalize SDK float formatter compiler allocation and layout,,,false
init_1420,func_10001550,0x460,0x87AF0096,0x87B8008E,-,-,Normalize SDK float formatter compiler allocation and layout,,,false
init_1420,func_10001550,0x464,0x8FA400E0,0x8FA400D8,-,-,Normalize SDK float formatter compiler allocation and layout,,,false
init_1420,func_10001550,0x468,0x8FA5004C,0x93A500DF,-,-,Normalize SDK float formatter compiler allocation and layout,,,false
init_1420,func_10001550,0x474,0xAFAF0010,0xAFB80010,-,-,Normalize SDK float formatter compiler allocation and layout,,,false
init_1420,func_10001550,0x49C,0x27BD00E0,0x27BD00D8,-,-,Normalize SDK float formatter compiler allocation and layout,,,false
init_B1B0,func_1000D96C,0x000,0x27BDFFC8,0x27BDFFD0,-,-,Normalize sequence transition dispatcher compiler allocation and layout,,,false
init_B1B0,func_1000D96C,0x00C,0xAFA40038,0xAFA40030,-,-,Normalize sequence transition dispatcher compiler allocation and layout,,,false
init_B1B0,func_1000D96C,0x010,0xAFA5003C,0xAFA50034,-,-,Normalize sequence transition dispatcher compiler allocation and layout,,,false
init_B1B0,func_1000D96C,0x014,0xAFA60040,0xAFA60038,-,-,Normalize sequence transition dispatcher compiler allocation and layout,,,false
init_B1B0,func_1000D96C,0x018,0x8FAE0038,0x8FAE0030,-,-,Normalize sequence transition dispatcher compiler allocation and layout,,,false
init_B1B0,func_1000D96C,0x01C,0x8FB8003C,0x8FB80034,-,-,Normalize sequence transition dispatcher compiler allocation and layout,,,false
init_B1B0,func_1000D96C,0x02C,0xAFAF0038,0x00008025,-,-,Normalize sequence transition dispatcher compiler allocation and layout,,,false
init_B1B0,func_1000D96C,0x030,0xAFB9003C,0xAFA00024,-,-,Normalize sequence transition dispatcher compiler allocation and layout,,,false
init_B1B0,func_1000D96C,0x034,0x00008025,0xAFAF0030,-,-,Normalize sequence transition dispatcher compiler allocation and layout,,,false
init_B1B0,func_1000D96C,0x038,0x11E00030,0x11E00032,-,-,Normalize sequence transition dispatcher compiler allocation and layout,,,false
init_B1B0,func_1000D96C,0x03C,0xAFA00024,0xAFB90034,-,-,Normalize sequence transition dispatcher compiler allocation and layout,,,false
init_B1B0,func_1000D96C,0x04C,0x1040002B,0x1040002D,-,-,Normalize sequence transition dispatcher compiler allocation and layout,,,false
init_B1B0,func_1000D96C,0x054,0x8FA40038,0x8FA40030,-,-,Normalize sequence transition dispatcher compiler allocation and layout,,,false
init_B1B0,func_1000D96C,0x060,0x10400107,0x1040010E,-,-,Normalize sequence transition dispatcher compiler allocation and layout,,,false
init_B1B0,func_1000D96C,0x068,0x8C440060,0x8C430060,-,-,Normalize sequence transition dispatcher compiler allocation and layout,,,false
init_B1B0,func_1000D96C,0x06C,0x50800015,0x50600015,-,-,Normalize sequence transition dispatcher compiler allocation and layout,,,false
init_B1B0,func_1000D96C,0x070,0x904E0015,0x90580015,-,-,Normalize sequence transition dispatcher compiler allocation and layout,,,false
init_B1B0,func_1000D96C,0x074,0x8C880000,0x8C680000,-,-,Normalize sequence transition dispatcher compiler allocation and layout,,,false
init_B1B0,func_1000D96C,0x07C,0x34038000,0x34098000,-,-,Normalize sequence transition dispatcher compiler allocation and layout,,,false
init_B1B0,func_1000D96C,0x084,0x24090400,0x240A0400,-,-,Normalize sequence transition dispatcher compiler allocation and layout,,,false
init_B1B0,func_1000D96C,0x088,0xA4430054,0xA4490054,-,-,Normalize sequence transition dispatcher compiler allocation and layout,,,false
init_B1B0,func_1000D96C,0x08C,0xA4490056,0xA44A0056,-,-,Normalize sequence transition dispatcher compiler allocation and layout,,,false
init_B1B0,func_1000D96C,0x090,0x240AFFFF,0x240BFFFF,-,-,Normalize sequence transition dispatcher compiler allocation and layout,,,false
init_B1B0,func_1000D96C,0x094,0xAC8A0004,0xAC6B0004,-,-,Normalize sequence transition dispatcher compiler allocation and layout,,,false
init_B1B0,func_1000D96C,0x098,0x8C4C0060,0x8C4D0060,-,-,Normalize sequence transition dispatcher compiler allocation and layout,,,false
init_B1B0,func_1000D96C,0x09C,0x240BFFFF,0x240CFFFF,-,-,Normalize sequence transition dispatcher compiler allocation and layout,,,false
init_B1B0,func_1000D96C,0x0A0,0xAD8B0000,0xADAC0000,-,-,Normalize sequence transition dispatcher compiler allocation and layout,,,false
init_B1B0,func_1000D96C,0x0A8,0x8FAD003C,0x8FAE0034,-,-,Normalize sequence transition dispatcher compiler allocation and layout,,,false
init_B1B0,func_1000D96C,0x0AC,0xAFA00038,0xAFA00030,-,-,Normalize sequence transition dispatcher compiler allocation and layout,,,false
init_B1B0,func_1000D96C,0x0B0,0x55A00013,0x55C00015,-,-,Normalize sequence transition dispatcher compiler allocation and layout,,,false
init_B1B0,func_1000D96C,0x0B4,0x8FA8003C,0x8FAA0034,-,-,Normalize sequence transition dispatcher compiler allocation and layout,,,false
init_B1B0,func_1000D96C,0x0B8,0x100000F2,0x100000F9,-,-,Normalize sequence transition dispatcher compiler allocation and layout,,,false
init_B1B0,func_1000D96C,0x0C0,0x904E0015,0x90580015,-,-,Normalize sequence transition dispatcher compiler allocation and layout,,,false
init_B1B0,func_1000D96C,0x0C4,0x34038000,0x340F8000,-,-,Normalize sequence transition dispatcher compiler allocation and layout,,,false
init_B1B0,func_1000D96C,0x0C8,0x24190400,0x24080400,-,-,Normalize sequence transition dispatcher compiler allocation and layout,,,false
init_B1B0,func_1000D96C,0x0CC,0x55C00005,0x57000005,-,-,Normalize sequence transition dispatcher compiler allocation and layout,,,false
init_B1B0,func_1000D96C,0x0D0,0xA4430054,0xA44F0054,-,-,Normalize sequence transition dispatcher compiler allocation and layout,,,false
init_B1B0,func_1000D96C,0x0D4,0x94580054,0x94590054,-,-,Normalize sequence transition dispatcher compiler allocation and layout,,,false
init_B1B0,func_1000D96C,0x0D8,0x570000EA,0x572000F1,-,-,Normalize sequence transition dispatcher compiler allocation and layout,,,false
init_B1B0,func_1000D96C,0x0E0,0xA4430054,0xA44F0054,-,-,Normalize sequence transition dispatcher compiler allocation and layout,,,false
init_B1B0,func_1000D96C,0x0E8,0xA4590056,0xA4480056,-,-,Normalize sequence transition dispatcher compiler allocation and layout,,,false
init_B1B0,func_1000D96C,0x0EC,0x8FAF003C,0x8FA90034,-,-,Normalize sequence transition dispatcher compiler allocation and layout,,,false
init_B1B0,func_1000D96C,0x0F0,0xAFA00038,0xAFA00030,-,-,Normalize sequence transition dispatcher compiler allocation and layout,,,false
init_B1B0,func_1000D96C,0x0F4,0x51E000E3,0x55200004,-,-,Normalize sequence transition dispatcher compiler allocation and layout,,,false
init_B1B0,func_1000D96C,0x0F8,0x8FBF001C,0x8FAA0034,-,-,Normalize sequence transition dispatcher compiler allocation and layout,,,false
init_B1B0,func_1000D96C,0x0FC,0x8FA8003C,0x100000E8,-,-,Normalize sequence transition dispatcher compiler allocation and layout,,,false
init_B1B0,func_1000D96C,0x100,0x34038000,0x8FBF001C,-,-,Normalize sequence transition dispatcher compiler allocation and layout,,,false
init_B1B0,func_1000D96C,0x104,0x11000005,0x8FAA0034,-,-,Normalize sequence transition dispatcher compiler allocation and layout,0x11400004,-,false
init_B1B0,func_1000D96C,0x110,0x01002025,0x01402025,-,-,Normalize sequence transition dispatcher compiler allocation and layout,,,false
init_B1B0,func_1000D96C,0x114,0x34038000,0x00403825,-,-,Normalize sequence transition dispatcher compiler allocation and layout,,,false
init_B1B0,func_1000D96C,0x118,0x00403825,0x50E0007F,-,-,Normalize sequence transition dispatcher compiler allocation and layout,,,false
init_B1B0,func_1000D96C,0x11C,0x10E00076,0x8FAB0034,-,-,Normalize sequence transition dispatcher compiler allocation and layout,,,false
init_B1B0,func_1000D96C,0x120,0x8FB9003C,0x10E00009,-,-,Normalize sequence transition dispatcher compiler allocation and layout,,,false
init_B1B0,func_1000D96C,0x124,0x8CE90060,0x8FAD0038,-,-,Normalize sequence transition dispatcher compiler allocation and layout,0x8CEB0060,-,false
init_B1B0,func_1000D96C,0x128,0x8FAA0040,0x8FAC0030,-,-,Normalize sequence transition dispatcher compiler allocation and layout,0x51600006,-,false
init_B1B0,func_1000D96C,0x130,0x552000D4,0x518000D8,-,-,Normalize sequence transition dispatcher compiler allocation and layout,,,false
init_B1B0,func_1000D96C,0x138,0x11410004,0x100000D6,-,-,Normalize sequence transition dispatcher compiler allocation and layout,,,false
init_B1B0,func_1000D96C,0x13C,0x8FAB0038,0x8FBF001C,-,-,Normalize sequence transition dispatcher compiler allocation and layout,,,false
init_B1B0,func_1000D96C,0x140,0x24010006,0x24010004,-,-,Normalize sequence transition dispatcher compiler allocation and layout,,,false
init_B1B0,func_1000D96C,0x144,0x554100A0,0x11A10004,-,-,Normalize sequence transition dispatcher compiler allocation and layout,,,false
init_B1B0,func_1000D96C,0x148,0x8FAA0038,0x8FAE0030,-,-,Normalize sequence transition dispatcher compiler allocation and layout,,,false
init_B1B0,func_1000D96C,0x14C,0x11600006,0x24010006,-,-,Normalize sequence transition dispatcher compiler allocation and layout,,,false
init_B1B0,func_1000D96C,0x150,0x01602025,0x55A100A1,-,-,Normalize sequence transition dispatcher compiler allocation and layout,,,false
init_B1B0,func_1000D96C,0x154,0x0C000000,0x8FB80030,R_MIPS_26:func_1000B2F4,-,Normalize sequence transition dispatcher compiler allocation and layout,,,false
init_B1B0,func_1000D96C,0x158,0xAFA7002C,0x11C00005,-,-,Normalize sequence transition dispatcher compiler allocation and layout,0x01C02025,-,false
init_B1B0,func_1000D96C,0x15C,0x34038000,0x0C000000,-,R_MIPS_26:func_1000B2F4,Normalize sequence transition dispatcher compiler allocation and layout,0xAFA7002C,-,false
init_B1B0,func_1000D96C,0x16C,0x8FAC0038,0x8FB80030,-,-,Normalize sequence transition dispatcher compiler allocation and layout,,,false
init_B1B0,func_1000D96C,0x170,0x558000C4,0x570000C6,-,-,Normalize sequence transition dispatcher compiler allocation and layout,,,false
init_B1B0,func_1000D96C,0x178,0x8FAD0038,0x8FB90030,-,-,Normalize sequence transition dispatcher compiler allocation and layout,,,false
init_B1B0,func_1000D96C,0x17C,0x3C040000,0x3C030000,R_MIPS_HI16:D_8002B074,R_MIPS_HI16:D_8002B074,Normalize sequence transition dispatcher compiler allocation and layout,,,false
init_B1B0,func_1000D96C,0x180,0x24840000,0x24630000,R_MIPS_LO16:D_8002B074,R_MIPS_LO16:D_8002B074,Normalize sequence transition dispatcher compiler allocation and layout,,,false
init_B1B0,func_1000D96C,0x184,0x11A00027,0x13200029,-,-,Normalize sequence transition dispatcher compiler allocation and layout,,,false
init_B1B0,func_1000D96C,0x188,0x000D7100,0x00197900,-,-,Normalize sequence transition dispatcher compiler allocation and layout,,,false
init_B1B0,func_1000D96C,0x18C,0x008E1021,0x006F1021,-,-,Normalize sequence transition dispatcher compiler allocation and layout,,,false
init_B1B0,func_1000D96C,0x190,0x8C580004,0x8C480004,-,-,Normalize sequence transition dispatcher compiler allocation and layout,,,false
init_B1B0,func_1000D96C,0x194,0x8FAF003C,0x8FAA0034,-,-,Normalize sequence transition dispatcher compiler allocation and layout,,,false
init_B1B0,func_1000D96C,0x198,0x00002825,0x02002025,-,-,Normalize sequence transition dispatcher compiler allocation and layout,,,false
init_B1B0,func_1000D96C,0x19C,0x33190020,0x31090020,-,-,Normalize sequence transition dispatcher compiler allocation and layout,,,false
init_B1B0,func_1000D96C,0x1A0,0x13200008,0x11200009,-,-,Normalize sequence transition dispatcher compiler allocation and layout,,,false
init_B1B0,func_1000D96C,0x1A4,0x000F4100,0x00002825,-,-,Normalize sequence transition dispatcher compiler allocation and layout,,,false
init_B1B0,func_1000D96C,0x1A8,0x00884821,0x000A5900,-,-,Normalize sequence transition dispatcher compiler allocation and layout,,,false
init_B1B0,func_1000D96C,0x1AC,0x8D2A0004,0x006B6021,-,-,Normalize sequence transition dispatcher compiler allocation and layout,,,false
init_B1B0,func_1000D96C,0x1B0,0x240C0001,0x8D8D0004,-,-,Normalize sequence transition dispatcher compiler allocation and layout,,,false
init_B1B0,func_1000D96C,0x1B4,0x314B0020,0x24180001,-,-,Normalize sequence transition dispatcher compiler allocation and layout,,,false
init_B1B0,func_1000D96C,0x1B8,0x51600003,0x31AE0020,-,-,Normalize sequence transition dispatcher compiler allocation and layout,,,false
init_B1B0,func_1000D96C,0x1BC,0x8FAD0024,0x51C00003,-,-,Normalize sequence transition dispatcher compiler allocation and layout,,,false
init_B1B0,func_1000D96C,0x1C0,0xAFAC0024,0x8FB90024,-,-,Normalize sequence transition dispatcher compiler allocation and layout,,,false
init_B1B0,func_1000D96C,0x1C4,0x8FAD0024,0xAFB80024,-,-,Normalize sequence transition dispatcher compiler allocation and layout,,,false
init_B1B0,func_1000D96C,0x1C8,0x2419003C,0x8FB90024,-,-,Normalize sequence transition dispatcher compiler allocation and layout,,,false
init_B1B0,func_1000D96C,0x1CC,0x24090002,0x34098000,-,-,Normalize sequence transition dispatcher compiler allocation and layout,,,false
init_B1B0,func_1000D96C,0x1D0,0xA20D0014,0x240A003C,-,-,Normalize sequence transition dispatcher compiler allocation and layout,,,false
init_B1B0,func_1000D96C,0x1D4,0x8C4E0004,0xA2190014,-,-,Normalize sequence transition dispatcher compiler allocation and layout,,,false
init_B1B0,func_1000D96C,0x1D8,0x8FAF0024,0x8C4F0004,-,-,Normalize sequence transition dispatcher compiler allocation and layout,,,false
init_B1B0,func_1000D96C,0x1DC,0x02002025,0x8FAB0024,-,-,Normalize sequence transition dispatcher compiler allocation and layout,,,false
init_B1B0,func_1000D96C,0x1E0,0x31D80008,0x240E0002,-,-,Normalize sequence transition dispatcher compiler allocation and layout,,,false
init_B1B0,func_1000D96C,0x1E4,0x13000005,0x31E80008,-,-,Normalize sequence transition dispatcher compiler allocation and layout,0x11000005,-,false
init_B1B0,func_1000D96C,0x1EC,0xA6030054,0xA6090054,-,-,Normalize sequence transition dispatcher compiler allocation and layout,,,false
init_B1B0,func_1000D96C,0x1F4,0x10000006,0x10000007,-,-,Normalize sequence transition dispatcher compiler allocation and layout,,,false
init_B1B0,func_1000D96C,0x1F8,0xA6190056,0xA60A0056,-,-,Normalize sequence transition dispatcher compiler allocation and layout,,,false
init_B1B0,func_1000D96C,0x1FC,0x11E00004,0x11600005,-,-,Normalize sequence transition dispatcher compiler allocation and layout,,,false
init_B1B0,func_1000D96C,0x200,0x24080100,0x340C8000,-,-,Normalize sequence transition dispatcher compiler allocation and layout,,,false
init_B1B0,func_1000D96C,0x204,0xA6030054,0x240D0100,-,-,Normalize sequence transition dispatcher compiler allocation and layout,0xA60C0054,-,false
init_B1B0,func_1000D96C,0x20C,0xA6080056,0xA60D0056,-,-,Normalize sequence transition dispatcher compiler allocation and layout,,,false
init_B1B0,func_1000D96C,0x214,0xAE090018,0xAE0E0018,-,-,Normalize sequence transition dispatcher compiler allocation and layout,,,false
init_B1B0,func_1000D96C,0x224,0x8FAA0040,0x8FB80038,-,-,Normalize sequence transition dispatcher compiler allocation and layout,,,false
init_B1B0,func_1000D96C,0x22C,0x8FAB003C,0x8FB90034,-,-,Normalize sequence transition dispatcher compiler allocation and layout,,,false
init_B1B0,func_1000D96C,0x230,0x15410016,0x17010016,-,-,Normalize sequence transition dispatcher compiler allocation and layout,,,false
init_B1B0,func_1000D96C,0x238,0x8FAE0038,0x8FA90030,-,-,Normalize sequence transition dispatcher compiler allocation and layout,,,false
init_B1B0,func_1000D96C,0x23C,0x3C0D0000,0x3C080000,R_MIPS_HI16:D_8002B074,R_MIPS_HI16:D_8002B074,Normalize sequence transition dispatcher compiler allocation and layout,,,false
init_B1B0,func_1000D96C,0x240,0x25AD0000,0x25080000,R_MIPS_LO16:D_8002B074,R_MIPS_LO16:D_8002B074,Normalize sequence transition dispatcher compiler allocation and layout,,,false
init_B1B0,func_1000D96C,0x244,0x000B6100,0x00197900,-,-,Normalize sequence transition dispatcher compiler allocation and layout,,,false
init_B1B0,func_1000D96C,0x248,0x11C00003,0x11200003,-,-,Normalize sequence transition dispatcher compiler allocation and layout,,,false
init_B1B0,func_1000D96C,0x24C,0x018D1021,0x01E81021,-,-,Normalize sequence transition dispatcher compiler allocation and layout,,,false
init_B1B0,func_1000D96C,0x250,0x24180002,0x240A0002,-,-,Normalize sequence transition dispatcher compiler allocation and layout,,,false
init_B1B0,func_1000D96C,0x254,0xACF8001C,0xACEA001C,-,-,Normalize sequence transition dispatcher compiler allocation and layout,,,false
init_B1B0,func_1000D96C,0x264,0x8C590004,0x8C4B0004,-,-,Normalize sequence transition dispatcher compiler allocation and layout,,,false
init_B1B0,func_1000D96C,0x268,0x24080028,0x240D0028,-,-,Normalize sequence transition dispatcher compiler allocation and layout,,,false
init_B1B0,func_1000D96C,0x26C,0x240900A0,0x240E00A0,-,-,Normalize sequence transition dispatcher compiler allocation and layout,,,false
init_B1B0,func_1000D96C,0x270,0x332F0008,0x316C0008,-,-,Normalize sequence transition dispatcher compiler allocation and layout,,,false
init_B1B0,func_1000D96C,0x274,0x11E00003,0x11800003,-,-,Normalize sequence transition dispatcher compiler allocation and layout,,,false
init_B1B0,func_1000D96C,0x280,0xA4E80056,0xA4ED0056,-,-,Normalize sequence transition dispatcher compiler allocation and layout,,,false
init_B1B0,func_1000D96C,0x288,0xA4E90056,0xA4EE0056,-,-,Normalize sequence transition dispatcher compiler allocation and layout,,,false
init_B1B0,func_1000D96C,0x29C,0x00402025,0x00408025,-,-,Normalize sequence transition dispatcher compiler allocation and layout,,,false
init_B1B0,func_1000D96C,0x2A0,0x8FAA0038,0x8FB80030,-,-,Normalize sequence transition dispatcher compiler allocation and layout,,,false
init_B1B0,func_1000D96C,0x2A4,0x240B0002,0x240A0080,-,-,Normalize sequence transition dispatcher compiler allocation and layout,,,false
init_B1B0,func_1000D96C,0x2A8,0x24180080,0x02002025,-,-,Normalize sequence transition dispatcher compiler allocation and layout,,,false
init_B1B0,func_1000D96C,0x2AC,0x11400002,0x13000003,-,-,Normalize sequence transition dispatcher compiler allocation and layout,,,false
init_B1B0,func_1000D96C,0x2B4,0xACEB001C,0x24190002,-,-,Normalize sequence transition dispatcher compiler allocation and layout,,,false
init_B1B0,func_1000D96C,0x2B8,0xA0E00014,0xACF9001C,-,-,Normalize sequence transition dispatcher compiler allocation and layout,,,false
init_B1B0,func_1000D96C,0x2BC,0xACE70010,0xA0E00014,-,-,Normalize sequence transition dispatcher compiler allocation and layout,,,false
init_B1B0,func_1000D96C,0x2C0,0xA4E00054,0xACE70010,-,-,Normalize sequence transition dispatcher compiler allocation and layout,,,false
init_B1B0,func_1000D96C,0x2C4,0x8FAC0024,0xA4E00054,-,-,Normalize sequence transition dispatcher compiler allocation and layout,,,false
init_B1B0,func_1000D96C,0x2C8,0x240E0200,0x8FAF0024,-,-,Normalize sequence transition dispatcher compiler allocation and layout,,,false
init_B1B0,func_1000D96C,0x2CC,0x240D0080,0x24080080,-,-,Normalize sequence transition dispatcher compiler allocation and layout,,,false
init_B1B0,func_1000D96C,0x2D0,0x51800004,0x24090200,-,-,Normalize sequence transition dispatcher compiler allocation and layout,,,false
init_B1B0,func_1000D96C,0x2D4,0xA4EE0056,0x51E00004,-,-,Normalize sequence transition dispatcher compiler allocation and layout,,,false
init_B1B0,func_1000D96C,0x2D8,0x10000002,0xA4E90056,-,-,Normalize sequence transition dispatcher compiler allocation and layout,,,false
init_B1B0,func_1000D96C,0x2DC,0xA4ED0056,0x10000002,-,-,Normalize sequence transition dispatcher compiler allocation and layout,,,false
init_B1B0,func_1000D96C,0x2E0,0xA4EE0056,0xA4E80056,-,-,Normalize sequence transition dispatcher compiler allocation and layout,,,false
init_B1B0,func_1000D96C,0x2E4,0xAC980018,0xA4E90056,-,-,Normalize sequence transition dispatcher compiler allocation and layout,,,false
init_B1B0,func_1000D96C,0x2E8,0x0C000000,0xAE0A0018,R_MIPS_26:func_1000B3D4,-,Normalize sequence transition dispatcher compiler allocation and layout,,,false
init_B1B0,func_1000D96C,0x2EC,0xAC870010,0x0C000000,-,R_MIPS_26:func_1000B3D4,Normalize sequence transition dispatcher compiler allocation and layout,,,false
init_B1B0,func_1000D96C,0x2F0,0x10000064,0xAE070010,-,-,Normalize sequence transition dispatcher compiler allocation and layout,,,false
init_B1B0,func_1000D96C,0x2F4,0x8FBF001C,0x10000063,-,-,Normalize sequence transition dispatcher compiler allocation and layout,,,false
init_B1B0,func_1000D96C,0x2F8,0x53200033,0x8FBF001C,-,-,Normalize sequence transition dispatcher compiler allocation and layout,,,false
init_B1B0,func_1000D96C,0x2FC,0x8FAA0038,0x8FAB0034,-,-,Normalize sequence transition dispatcher compiler allocation and layout,,,false
init_B1B0,func_1000D96C,0x300,0x0C000000,0x51600031,R_MIPS_26:func_1000B1FC,-,Normalize sequence transition dispatcher compiler allocation and layout,,,false
init_B1B0,func_1000D96C,0x304,0x03202025,0x8FB80030,-,-,Normalize sequence transition dispatcher compiler allocation and layout,,,false
init_B1B0,func_1000D96C,0x308,0x34038000,0x0C000000,-,R_MIPS_26:func_1000B1FC,Normalize sequence transition dispatcher compiler allocation and layout,,,false
init_B1B0,func_1000D96C,0x30C,0x1040002D,0x01602025,-,-,Normalize sequence transition dispatcher compiler allocation and layout,,,false
init_B1B0,func_1000D96C,0x310,0x00403825,0x1040002C,-,-,Normalize sequence transition dispatcher compiler allocation and layout,,,false
init_B1B0,func_1000D96C,0x314,0x8FAF0038,0x00403825,-,-,Normalize sequence transition dispatcher compiler allocation and layout,,,false
init_B1B0,func_1000D96C,0x318,0x00E02025,0x8FAC0030,-,-,Normalize sequence transition dispatcher compiler allocation and layout,,,false
init_B1B0,func_1000D96C,0x31C,0x24050064,0x00E02025,-,-,Normalize sequence transition dispatcher compiler allocation and layout,,,false
init_B1B0,func_1000D96C,0x320,0x11E00024,0x24050064,-,-,Normalize sequence transition dispatcher compiler allocation and layout,,,false
init_B1B0,func_1000D96C,0x324,0x24080080,0x11800023,-,-,Normalize sequence transition dispatcher compiler allocation and layout,,,false
init_B1B0,func_1000D96C,0x328,0x0C000000,0x240D0080,R_MIPS_26:bzero,-,Normalize sequence transition dispatcher compiler allocation and layout,,,false
init_B1B0,func_1000D96C,0x32C,0xAFA7002C,0x0C000000,-,R_MIPS_26:bzero,Normalize sequence transition dispatcher compiler allocation and layout,,,false
init_B1B0,func_1000D96C,0x330,0x8FA7002C,0xAFA7002C,-,-,Normalize sequence transition dispatcher compiler allocation and layout,,,false
init_B1B0,func_1000D96C,0x334,0x2408FFFF,0x8FA7002C,-,-,Normalize sequence transition dispatcher compiler allocation and layout,,,false
init_B1B0,func_1000D96C,0x338,0x3C040000,0x240DFFFF,R_MIPS_HI16:D_8002B074,-,Normalize sequence transition dispatcher compiler allocation and layout,,,false
init_B1B0,func_1000D96C,0x33C,0xACE80000,0x3C030000,-,R_MIPS_HI16:D_8002B074,Normalize sequence transition dispatcher compiler allocation and layout,,,false
init_B1B0,func_1000D96C,0x340,0x8FA90038,0xACED0000,-,-,Normalize sequence transition dispatcher compiler allocation and layout,,,false
init_B1B0,func_1000D96C,0x344,0x34038000,0x8FAE0030,-,-,Normalize sequence transition dispatcher compiler allocation and layout,,,false
init_B1B0,func_1000D96C,0x348,0x24840000,0x24630000,R_MIPS_LO16:D_8002B074,R_MIPS_LO16:D_8002B074,Normalize sequence transition dispatcher compiler allocation and layout,,,false
init_B1B0,func_1000D96C,0x34C,0x29210096,0x29C10096,-,-,Normalize sequence transition dispatcher compiler allocation and layout,,,false
init_B1B0,func_1000D96C,0x354,0x00095100,0x000EC100,-,-,Normalize sequence transition dispatcher compiler allocation and layout,,,false
init_B1B0,func_1000D96C,0x358,0x008A5821,0x0078C821,-,-,Normalize sequence transition dispatcher compiler allocation and layout,,,false
init_B1B0,func_1000D96C,0x35C,0x956C0000,0x972F0000,-,-,Normalize sequence transition dispatcher compiler allocation and layout,,,false
init_B1B0,func_1000D96C,0x364,0xACEC002C,0xACEF002C,-,-,Normalize sequence transition dispatcher compiler allocation and layout,,,false
init_B1B0,func_1000D96C,0x368,0x240D6590,0x24086590,-,-,Normalize sequence transition dispatcher compiler allocation and layout,,,false
init_B1B0,func_1000D96C,0x36C,0xACED002C,0xACE8002C,-,-,Normalize sequence transition dispatcher compiler allocation and layout,,,false
init_B1B0,func_1000D96C,0x370,0x8CEF002C,0x34028000,-,-,Normalize sequence transition dispatcher compiler allocation and layout,,,false
init_B1B0,func_1000D96C,0x374,0x3C180000,0x8CE9002C,R_MIPS_HI16:D_8002B9D4,-,Normalize sequence transition dispatcher compiler allocation and layout,,,false
init_B1B0,func_1000D96C,0x378,0x3C190000,0x3C0B0000,R_MIPS_HI16:D_8002B9F4,R_MIPS_HI16:D_8002B9D4,Normalize sequence transition dispatcher compiler allocation and layout,,,false
init_B1B0,func_1000D96C,0x37C,0x240E8000,0x3C0C0000,-,R_MIPS_HI16:D_8002B9F4,Normalize sequence transition dispatcher compiler allocation and layout,,,false
init_B1B0,func_1000D96C,0x380,0x27180000,0x256B0000,R_MIPS_LO16:D_8002B9D4,R_MIPS_LO16:D_8002B9D4,Normalize sequence transition dispatcher compiler allocation and layout,,,false
init_B1B0,func_1000D96C,0x384,0x27390000,0x258C0000,R_MIPS_LO16:D_8002B9F4,R_MIPS_LO16:D_8002B9F4,Normalize sequence transition dispatcher compiler allocation and layout,,,false
init_B1B0,func_1000D96C,0x388,0xA4EE005A,0xA4E2005A,-,-,Normalize sequence transition dispatcher compiler allocation and layout,,,false
init_B1B0,func_1000D96C,0x38C,0xA4E30058,0xA4E20058,-,-,Normalize sequence transition dispatcher compiler allocation and layout,,,false
init_B1B0,func_1000D96C,0x390,0xA4E30054,0xA4E20054,-,-,Normalize sequence transition dispatcher compiler allocation and layout,,,false
init_B1B0,func_1000D96C,0x394,0xA4E30052,0xA4E20052,-,-,Normalize sequence transition dispatcher compiler allocation and layout,,,false
init_B1B0,func_1000D96C,0x398,0xA4E3004C,0xA4E2004C,-,-,Normalize sequence transition dispatcher compiler allocation and layout,,,false
init_B1B0,func_1000D96C,0x39C,0xA4E3004E,0xA4E2004E,-,-,Normalize sequence transition dispatcher compiler allocation and layout,,,false
init_B1B0,func_1000D96C,0x3A0,0xACF80008,0xACEB0008,-,-,Normalize sequence transition dispatcher compiler allocation and layout,,,false
init_B1B0,func_1000D96C,0x3A4,0xACF9000C,0xACEC000C,-,-,Normalize sequence transition dispatcher compiler allocation and layout,,,false
init_B1B0,func_1000D96C,0x3B0,0xACEF0030,0xACE90030,-,-,Normalize sequence transition dispatcher compiler allocation and layout,,,false
init_B1B0,func_1000D96C,0x3B4,0xAC480018,0xAC4D0018,-,-,Normalize sequence transition dispatcher compiler allocation and layout,,,false
init_B1B0,func_1000D96C,0x3B8,0x8FA90038,0x8FAE0030,-,-,Normalize sequence transition dispatcher compiler allocation and layout,,,false
init_B1B0,func_1000D96C,0x3C0,0xACE90004,0xACEE0004,-,-,Normalize sequence transition dispatcher compiler allocation and layout,,,false
init_B1B0,func_1000D96C,0x3C4,0x8FAA0038,0x8FB80030,-,-,Normalize sequence transition dispatcher compiler allocation and layout,,,false
init_B1B0,func_1000D96C,0x3C8,0x8FA40038,0x8FA40030,-,-,Normalize sequence transition dispatcher compiler allocation and layout,,,false
init_B1B0,func_1000D96C,0x3CC,0x15400003,0x17000003,-,-,Normalize sequence transition dispatcher compiler allocation and layout,,,false
init_B1B0,func_1000D96C,0x3D4,0x10E00006,0x10E00005,-,-,Normalize sequence transition dispatcher compiler allocation and layout,,,false
init_B1B0,func_1000D96C,0x3E4,0x34038000,0x8FA7002C,-,-,Normalize sequence transition dispatcher compiler allocation and layout,,,false
init_B1B0,func_1000D96C,0x3E8,0x8FA7002C,0x00408025,-,-,Normalize sequence transition dispatcher compiler allocation and layout,,,false
init_B1B0,func_1000D96C,0x3EC,0x00408025,0x12000024,-,-,Normalize sequence transition dispatcher compiler allocation and layout,,,false
init_B1B0,func_1000D96C,0x3F0,0x12000023,0x8FB90038,-,-,Normalize sequence transition dispatcher compiler allocation and layout,,,false
init_B1B0,func_1000D96C,0x3F4,0x8FAB0040,0x24010003,-,-,Normalize sequence transition dispatcher compiler allocation and layout,,,false
init_B1B0,func_1000D96C,0x3F8,0x24010003,0x17210007,-,-,Normalize sequence transition dispatcher compiler allocation and layout,,,false
init_B1B0,func_1000D96C,0x3FC,0x15610006,0x02002025,-,-,Normalize sequence transition dispatcher compiler allocation and layout,,,false
init_B1B0,func_1000D96C,0x400,0x02002025,0x340F8000,-,-,Normalize sequence transition dispatcher compiler allocation and layout,,,false
init_B1B0,func_1000D96C,0x404,0x240C0400,0x24080400,-,-,Normalize sequence transition dispatcher compiler allocation and layout,,,false
init_B1B0,func_1000D96C,0x408,0xA6030054,0xA60F0054,-,-,Normalize sequence transition dispatcher compiler allocation and layout,,,false
init_B1B0,func_1000D96C,0x414,0xA60C0056,0xA6080056,-,-,Normalize sequence transition dispatcher compiler allocation and layout,,,false
init_B1B0,func_1000D96C,0x418,0x8FAD0040,0x8FA90038,-,-,Normalize sequence transition dispatcher compiler allocation and layout,,,false
init_B1B0,func_1000D96C,0x420,0x240E0001,0x240A0001,-,-,Normalize sequence transition dispatcher compiler allocation and layout,,,false
init_B1B0,func_1000D96C,0x424,0x15A10004,0x15210004,-,-,Normalize sequence transition dispatcher compiler allocation and layout,,,false
init_B1B0,func_1000D96C,0x428,0x8FB80040,0x8FAB0038,-,-,Normalize sequence transition dispatcher compiler allocation and layout,,,false
init_B1B0,func_1000D96C,0x42C,0xAE0E0018,0xAE0A0018,-,-,Normalize sequence transition dispatcher compiler allocation and layout,,,false
init_B1B0,func_1000D96C,0x43C,0x17010005,0x15610005,-,-,Normalize sequence transition dispatcher compiler allocation and layout,,,false
init_B1B0,func_1000D96C,0x440,0x8FAF0040,0x8FAD0038,-,-,Normalize sequence transition dispatcher compiler allocation and layout,,,false
init_B1B0,func_1000D96C,0x444,0x24190002,0x240C0002,-,-,Normalize sequence transition dispatcher compiler allocation and layout,,,false
init_B1B0,func_1000D96C,0x448,0xAE190018,0xAE0C0018,-,-,Normalize sequence transition dispatcher compiler allocation and layout,,,false
init_B1B0,func_1000D96C,0x458,0x15E10007,0x15A10007,-,-,Normalize sequence transition dispatcher compiler allocation and layout,,,false
init_B1B0,func_1000D96C,0x45C,0x24080080,0x240E0080,-,-,Normalize sequence transition dispatcher compiler allocation and layout,,,false
init_B1B0,func_1000D96C,0x460,0xAE080018,0xAE0E0018,-,-,Normalize sequence transition dispatcher compiler allocation and layout,,,false
init_B1B0,func_1000D96C,0x46C,0x24090200,0x24180200,-,-,Normalize sequence transition dispatcher compiler allocation and layout,,,false
init_B1B0,func_1000D96C,0x474,0xA4E90056,0xA4F80056,-,-,Normalize sequence transition dispatcher compiler allocation and layout,,,false
init_B1B0,func_1000D96C,0x488,0x27BD0038,0x27BD0030,-,-,Normalize sequence transition dispatcher compiler allocation and layout,,,false
init_11FA0,func_10012020,0x004,0x3C030000,0xAFBF0034,R_MIPS_HI16:D_8002BA10,-,Normalize audio environment controller compiler allocation and layout,,,false
init_11FA0,func_10012020,0x008,0x3C040000,0xAFB40030,R_MIPS_HI16:D_8002BA18,-,Normalize audio environment controller compiler allocation and layout,,,false
init_11FA0,func_10012020,0x00C,0x24840000,0xAFB3002C,R_MIPS_LO16:D_8002BA18,-,Normalize audio environment controller compiler allocation and layout,,,false
init_11FA0,func_10012020,0x010,0x24630000,0xAFB20028,R_MIPS_LO16:D_8002BA10,-,Normalize audio environment controller compiler allocation and layout,,,false
init_11FA0,func_10012020,0x014,0xAFBF0034,0xAFB10024,-,-,Normalize audio environment controller compiler allocation and layout,,,false
init_11FA0,func_10012020,0x018,0xAFB40030,0xAFB00020,-,-,Normalize audio environment controller compiler allocation and layout,,,false
init_11FA0,func_10012020,0x01C,0xAFB3002C,0x44802000,-,-,Normalize audio environment controller compiler allocation and layout,,,false
init_11FA0,func_10012020,0x020,0xAFB20028,0x3C0F0000,-,R_MIPS_HI16:D_8002BA10,Normalize audio environment controller compiler allocation and layout,,,false
init_11FA0,func_10012020,0x024,0xAFB10024,0x25EF0000,-,R_MIPS_LO16:D_8002BA10,Normalize audio environment controller compiler allocation and layout,,,false
init_11FA0,func_10012020,0x028,0xAFB00020,0xE7A40068,-,-,Normalize audio environment controller compiler allocation and layout,,,false
init_11FA0,func_10012020,0x02C,0x44802000,0x8DE80004,-,-,Normalize audio environment controller compiler allocation and layout,,,false
init_11FA0,func_10012020,0x030,0xC4660000,0x8DE10000,-,-,Normalize audio environment controller compiler allocation and layout,,,false
init_11FA0,func_10012020,0x034,0xC4680004,0x27AE005C,-,-,Normalize audio environment controller compiler allocation and layout,,,false
init_11FA0,func_10012020,0x038,0xC48A0000,0x3C0A0000,-,R_MIPS_HI16:D_8002BA18,Normalize audio environment controller compiler allocation and layout,,,false
init_11FA0,func_10012020,0x03C,0xC4900004,0x254A0000,-,R_MIPS_LO16:D_8002BA18,Normalize audio environment controller compiler allocation and layout,,,false
init_11FA0,func_10012020,0x040,0x3C0E0000,0xADC80004,R_MIPS_HI16:D_800DBFF0,-,Normalize audio environment controller compiler allocation and layout,,,false
init_11FA0,func_10012020,0x044,0x8DCE0000,0xADC10000,R_MIPS_LO16:D_800DBFF0,-,Normalize audio environment controller compiler allocation and layout,,,false
init_11FA0,func_10012020,0x048,0xE7A4005C,0x8D4D0004,-,-,Normalize audio environment controller compiler allocation and layout,,,false
init_11FA0,func_10012020,0x04C,0xE7A60060,0x8D410000,-,-,Normalize audio environment controller compiler allocation and layout,,,false
init_11FA0,func_10012020,0x050,0xE7A80064,0x27A90054,-,-,Normalize audio environment controller compiler allocation and layout,,,false
init_11FA0,func_10012020,0x054,0xE7AA0068,0x3C190000,-,R_MIPS_HI16:D_800DBFF0,Normalize audio environment controller compiler allocation and layout,,,false
init_11FA0,func_10012020,0x058,0xE7B0006C,0xAD2D0004,-,-,Normalize audio environment controller compiler allocation and layout,,,false
init_11FA0,func_10012020,0x05C,0x8DCF05F0,0xAD210000,-,-,Normalize audio environment controller compiler allocation and layout,,,false
init_11FA0,func_10012020,0x060,0x3C020000,0x8F390000,R_MIPS_HI16:D_80042770,R_MIPS_LO16:D_800DBFF0,Normalize audio environment controller compiler allocation and layout,,,false
init_11FA0,func_10012020,0x064,0x8C420000,0x3C020000,R_MIPS_LO16:D_80042770,R_MIPS_HI16:D_80042770,Normalize audio environment controller compiler allocation and layout,,,false
init_11FA0,func_10012020,0x068,0x31F80001,0x8C420000,-,R_MIPS_LO16:D_80042770,Normalize audio environment controller compiler allocation and layout,,,false
init_11FA0,func_10012020,0x06C,0x13000008,0x8F3805F0,-,-,Normalize audio environment controller compiler allocation and layout,,,false
init_11FA0,func_10012020,0x070,0x3C030000,0x3C0F0000,R_MIPS_HI16:D_80042774,R_MIPS_HI16:D_800B0DF0,Normalize audio environment controller compiler allocation and layout,,,false
init_11FA0,func_10012020,0x074,0x3C190000,0x3C030000,R_MIPS_HI16:D_800B0DF0,R_MIPS_HI16:D_80042774,Normalize audio environment controller compiler allocation and layout,,,false
init_11FA0,func_10012020,0x078,0x8F390000,0x330E0001,R_MIPS_LO16:D_800B0DF0,-,Normalize audio environment controller compiler allocation and layout,,,false
init_11FA0,func_10012020,0x07C,0x9328002A,0x11C00007,-,-,Normalize audio environment controller compiler allocation and layout,,,false
init_11FA0,func_10012020,0x080,0x31090001,0x24010006,-,-,Normalize audio environment controller compiler allocation and layout,,,false
init_11FA0,func_10012020,0x084,0x15200002,0x8DEF0000,-,R_MIPS_LO16:D_800B0DF0,Normalize audio environment controller compiler allocation and layout,,,false
init_11FA0,func_10012020,0x088,0x00000000,0x91E8002A,-,-,Normalize audio environment controller compiler allocation and layout,,,false
init_11FA0,func_10012020,0x08C,0x24020001,0x310C0001,-,-,Normalize audio environment controller compiler allocation and layout,,,false
init_11FA0,func_10012020,0x090,0x8C630000,0x15800002,R_MIPS_LO16:D_80042774,-,Normalize audio environment controller compiler allocation and layout,,,false
init_11FA0,func_10012020,0x094,0x3C120000,0x00000000,R_MIPS_HI16:D_80042790,-,Normalize audio environment controller compiler allocation and layout,,,false
init_11FA0,func_10012020,0x098,0x24010006,0x24020001,-,-,Normalize audio environment controller compiler allocation and layout,,,false
init_11FA0,func_10012020,0x09C,0x10600003,0x8C630000,-,R_MIPS_LO16:D_80042774,Normalize audio environment controller compiler allocation and layout,,,false
init_11FA0,func_10012020,0x0A0,0x26520000,0x3C120000,R_MIPS_LO16:D_80042790,R_MIPS_HI16:D_80042790,Normalize audio environment controller compiler allocation and layout,,,false
init_11FA0,func_10012020,0x0A4,0x10000006,0x26520000,-,R_MIPS_LO16:D_80042790,Normalize audio environment controller compiler allocation and layout,,,false
init_11FA0,func_10012020,0x0A8,0x00601025,0x10600003,-,-,Normalize audio environment controller compiler allocation and layout,,,false
init_11FA0,func_10012020,0x0AC,0x3C030000,0x3C100000,R_MIPS_HI16:D_80042778,R_MIPS_HI16:D_80042798,Normalize audio environment controller compiler allocation and layout,,,false
init_11FA0,func_10012020,0x0B0,0x8C630000,0x10000006,R_MIPS_LO16:D_80042778,-,Normalize audio environment controller compiler allocation and layout,,,false
init_11FA0,func_10012020,0x0B4,0x10600002,0x00601025,-,-,Normalize audio environment controller compiler allocation and layout,,,false
init_11FA0,func_10012020,0x0B8,0x00000000,0x3C030000,-,R_MIPS_HI16:D_80042778,Normalize audio environment controller compiler allocation and layout,,,false
init_11FA0,func_10012020,0x0BC,0x00601025,0x8C630000,-,R_MIPS_LO16:D_80042778,Normalize audio environment controller compiler allocation and layout,,,false
init_11FA0,func_10012020,0x0C0,0x14410002,0x10600002,-,-,Normalize audio environment controller compiler allocation and layout,,,false
init_11FA0,func_10012020,0x0C4,0x3C100000,0x00000000,R_MIPS_HI16:D_80042798,-,Normalize audio environment controller compiler allocation and layout,,,false
init_11FA0,func_10012020,0x0C8,0x00001025,0x00601025,-,-,Normalize audio environment controller compiler allocation and layout,,,false
init_11FA0,func_10012020,0x0CC,0x244AFFFF,0x14410002,-,-,Normalize audio environment controller compiler allocation and layout,,,false
init_11FA0,func_10012020,0x0D0,0x2D410005,0x26100000,-,R_MIPS_LO16:D_80042798,Normalize audio environment controller compiler allocation and layout,,,false
init_11FA0,func_10012020,0x0D4,0x1020009F,0x00001025,-,-,Normalize audio environment controller compiler allocation and layout,,,false
init_11FA0,func_10012020,0x0D8,0x3C020000,0x244BFFFF,R_MIPS_HI16:D_8004277C,-,Normalize audio environment controller compiler allocation and layout,,,false
init_11FA0,func_10012020,0x0DC,0x000A5080,0x2D610005,-,-,Normalize audio environment controller compiler allocation and layout,,,false
init_11FA0,func_10012020,0x0E0,0x3C010000,0x1020009C,R_MIPS_HI16:.rodata,-,Normalize audio environment controller compiler allocation and layout,,,false
init_11FA0,func_10012020,0x0E4,0x002A0821,0x3C020000,-,R_MIPS_HI16:D_8004277C,Normalize audio environment controller compiler allocation and layout,,,false
init_11FA0,func_10012020,0x0E8,0x8C2A0000,0x000B5880,R_MIPS_LO16:.rodata,-,Normalize audio environment controller compiler allocation and layout,,,false
init_11FA0,func_10012020,0x0EC,0x01400008,0x3C010000,-,R_MIPS_HI16:jtbl_8002C410_init,Normalize audio environment controller compiler allocation and layout,,,false
init_11FA0,func_10012020,0x0F0,0x00000000,0x002B0821,-,-,Normalize audio environment controller compiler allocation and layout,,,false
init_11FA0,func_10012020,0x0F4,0x3C0142FE,0x8C2B0000,-,R_MIPS_LO16:jtbl_8002C410_init,Normalize audio environment controller compiler allocation and layout,,,false
init_11FA0,func_10012020,0x0F8,0x44819000,0x01600008,-,-,Normalize audio environment controller compiler allocation and layout,,,false
init_11FA0,func_10012020,0x0FC,0x3C120000,0x00000000,R_MIPS_HI16:D_80042790,-,Normalize audio environment controller compiler allocation and layout,,,false
init_11FA0,func_10012020,0x100,0x26520000,0x3C120000,R_MIPS_LO16:D_80042790,R_MIPS_HI16:D_80042790,Normalize audio environment controller compiler allocation and layout,,,false
init_11FA0,func_10012020,0x104,0x3C014150,0x26520000,-,R_MIPS_LO16:D_80042790,Normalize audio environment controller compiler allocation and layout,,,false
init_11FA0,func_10012020,0x108,0xC6420000,0x3C014150,-,-,Normalize audio environment controller compiler allocation and layout,,,false
init_11FA0,func_10012020,0x10C,0x44812000,0x44813000,-,-,Normalize audio environment controller compiler allocation and layout,,,false
init_11FA0,func_10012020,0x110,0x3C020000,0xC6400000,R_MIPS_HI16:D_8004277C,-,Normalize audio environment controller compiler allocation and layout,,,false
init_11FA0,func_10012020,0x114,0x24420000,0x3C020000,R_MIPS_LO16:D_8004277C,R_MIPS_HI16:D_8004277C,Normalize audio environment controller compiler allocation and layout,,,false
init_11FA0,func_10012020,0x118,0x46022181,0x3C0142FE,-,-,Normalize audio environment controller compiler allocation and layout,,,false
init_11FA0,func_10012020,0x11C,0xAC400000,0x46003201,-,-,Normalize audio environment controller compiler allocation and layout,,,false
init_11FA0,func_10012020,0x120,0x3C010000,0x44818000,R_MIPS_HI16:D_80042780,-,Normalize audio environment controller compiler allocation and layout,,,false
init_11FA0,func_10012020,0x124,0x3C100000,0x24420000,R_MIPS_HI16:D_80042798,R_MIPS_LO16:D_8004277C,Normalize audio environment controller compiler allocation and layout,,,false
init_11FA0,func_10012020,0x128,0x46023200,0x3C100000,-,R_MIPS_HI16:D_80042798,Normalize audio environment controller compiler allocation and layout,,,false
init_11FA0,func_10012020,0x12C,0xC4220000,0x26100000,R_MIPS_LO16:D_80042780,R_MIPS_LO16:D_80042798,Normalize audio environment controller compiler allocation and layout,,,false
init_11FA0,func_10012020,0x130,0x26100000,0xAC400000,R_MIPS_LO16:D_80042798,-,Normalize audio environment controller compiler allocation and layout,,,false
init_11FA0,func_10012020,0x138,0xC4300000,0xC4240000,R_MIPS_LO16:D_8002C424,R_MIPS_LO16:D_8002C424,Normalize audio environment controller compiler allocation and layout,,,false
init_11FA0,func_10012020,0x13C,0xC60A0000,0xC6120000,-,-,Normalize audio environment controller compiler allocation and layout,,,false
init_11FA0,func_10012020,0x140,0xE7A8005C,0x46004280,-,-,Normalize audio environment controller compiler allocation and layout,,,false
init_11FA0,func_10012020,0x144,0xE7B20060,0xE7B0005C,-,-,Normalize audio environment controller compiler allocation and layout,,,false
init_11FA0,func_10012020,0x148,0x46105302,0x46049302,-,-,Normalize audio environment controller compiler allocation and layout,,,false
init_11FA0,func_10012020,0x150,0xE7A20054,0xE7AA0068,-,-,Normalize audio environment controller compiler allocation and layout,,,false
init_11FA0,func_10012020,0x154,0x3C014348,0x3C010000,-,R_MIPS_HI16:D_80042780,Normalize audio environment controller compiler allocation and layout,,,false
init_11FA0,func_10012020,0x158,0x44819000,0xC4220000,-,R_MIPS_LO16:D_80042780,Normalize audio environment controller compiler allocation and layout,,,false
init_11FA0,func_10012020,0x164,0x46120102,0x3C014348,-,-,Normalize audio environment controller compiler allocation and layout,,,false
init_11FA0,func_10012020,0x168,0xC7A20054,0x44814000,-,-,Normalize audio environment controller compiler allocation and layout,,,false
init_11FA0,func_10012020,0x16C,0x46062200,0x00000000,-,-,Normalize audio environment controller compiler allocation and layout,,,false
init_11FA0,func_10012020,0x170,0x46024281,0x46080282,-,-,Normalize audio environment controller compiler allocation and layout,,,false
init_11FA0,func_10012020,0x174,0x46025400,0x460A3400,-,-,Normalize audio environment controller compiler allocation and layout,,,false
init_11FA0,func_10012020,0x178,0x10000090,0x46028481,-,-,Normalize audio environment controller compiler allocation and layout,,,false
init_11FA0,func_10012020,0x17C,0xE7B00068,0x46029100,-,-,Normalize audio environment controller compiler allocation and layout,,,false
init_11FA0,func_10012020,0x180,0x3C01428C,0x1000008E,-,-,Normalize audio environment controller compiler allocation and layout,,,false
init_11FA0,func_10012020,0x184,0x44819000,0xE7A40054,-,-,Normalize audio environment controller compiler allocation and layout,,,false
init_11FA0,func_10012020,0x188,0x3C020000,0x3C01428C,R_MIPS_HI16:D_8004277C,-,Normalize audio environment controller compiler allocation and layout,,,false
init_11FA0,func_10012020,0x18C,0x3C0142FE,0x44814000,-,-,Normalize audio environment controller compiler allocation and layout,,,false
init_11FA0,func_10012020,0x190,0x44812000,0x3C020000,-,R_MIPS_HI16:D_8004277C,Normalize audio environment controller compiler allocation and layout,,,false
init_11FA0,func_10012020,0x194,0x24420000,0x3C0142FE,R_MIPS_LO16:D_8004277C,-,Normalize audio environment controller compiler allocation and layout,,,false
init_11FA0,func_10012020,0x198,0x3C100000,0x44813000,R_MIPS_HI16:D_80042798,-,Normalize audio environment controller compiler allocation and layout,,,false
init_11FA0,func_10012020,0x19C,0x26100000,0x24420000,R_MIPS_LO16:D_80042798,R_MIPS_LO16:D_8004277C,Normalize audio environment controller compiler allocation and layout,,,false
init_11FA0,func_10012020,0x1A0,0xAC400000,0x3C100000,-,R_MIPS_HI16:D_80042798,Normalize audio environment controller compiler allocation and layout,,,false
init_11FA0,func_10012020,0x1A4,0x3C010000,0x26100000,R_MIPS_HI16:D_8002C42C,R_MIPS_LO16:D_80042798,Normalize audio environment controller compiler allocation and layout,,,false
init_11FA0,func_10012020,0x1A8,0xC4280000,0xAC400000,R_MIPS_LO16:D_8002C42C,-,Normalize audio environment controller compiler allocation and layout,,,false
init_11FA0,func_10012020,0x1AC,0xC6060000,0x3C010000,-,R_MIPS_HI16:D_8002C42C,Normalize audio environment controller compiler allocation and layout,,,false
init_11FA0,func_10012020,0x1B0,0xE7B2005C,0xC4300000,-,R_MIPS_LO16:D_8002C42C,Normalize audio environment controller compiler allocation and layout,,,false
init_11FA0,func_10012020,0x1B4,0xE7A40060,0xC60A0000,-,-,Normalize audio environment controller compiler allocation and layout,,,false
init_11FA0,func_10012020,0x1B8,0x46083302,0xE7A80068,-,-,Normalize audio environment controller compiler allocation and layout,,,false
init_11FA0,func_10012020,0x1BC,0x0C000000,0xE7A6005C,R_MIPS_26:sinf,-,Normalize audio environment controller compiler allocation and layout,,,false
init_11FA0,func_10012020,0x1C0,0x00000000,0x46105302,-,-,Normalize audio environment controller compiler allocation and layout,,,false
init_11FA0,func_10012020,0x1C4,0x3C014348,0x0C000000,-,R_MIPS_26:sinf,Normalize audio environment controller compiler allocation and layout,,,false
init_11FA0,func_10012020,0x1C8,0x44815000,0x00000000,-,-,Normalize audio environment controller compiler allocation and layout,,,false
init_11FA0,func_10012020,0x1CC,0x3C0143E1,0x3C014348,-,-,Normalize audio environment controller compiler allocation and layout,,,false
init_11FA0,func_10012020,0x1D4,0x460A0402,0x3C0143E1,-,-,Normalize audio environment controller compiler allocation and layout,,,false
init_11FA0,func_10012020,0x1D8,0x3C120000,0x44814000,R_MIPS_HI16:D_80042790,-,Normalize audio environment controller compiler allocation and layout,,,false
init_11FA0,func_10012020,0x1DC,0x26520000,0x46120102,R_MIPS_LO16:D_80042790,-,Normalize audio environment controller compiler allocation and layout,,,false
init_11FA0,func_10012020,0x1E0,0x46128100,0x3C120000,-,R_MIPS_HI16:D_80042790,Normalize audio environment controller compiler allocation and layout,,,false
init_11FA0,func_10012020,0x1E4,0x10000075,0x26520000,-,R_MIPS_LO16:D_80042790,Normalize audio environment controller compiler allocation and layout,,,false
init_11FA0,func_10012020,0x1E8,0xE7A40068,0x46082180,-,-,Normalize audio environment controller compiler allocation and layout,,,false
init_11FA0,func_10012020,0x1EC,0x3C020000,0x10000073,R_MIPS_HI16:D_8004277C,-,Normalize audio environment controller compiler allocation and layout,,,false
init_11FA0,func_10012020,0x1F0,0x24420000,0xE7A60054,R_MIPS_LO16:D_8004277C,-,Normalize audio environment controller compiler allocation and layout,,,false
init_11FA0,func_10012020,0x1F4,0xAC400000,0x3C010000,-,R_MIPS_HI16:D_8002C430,Normalize audio environment controller compiler allocation and layout,,,false
init_11FA0,func_10012020,0x1F8,0x3C010000,0xC42E0000,R_MIPS_HI16:D_8002C430,R_MIPS_LO16:D_8002C430,Normalize audio environment controller compiler allocation and layout,,,false
init_11FA0,func_10012020,0x1FC,0xC4200000,0x3C120000,R_MIPS_LO16:D_8002C430,R_MIPS_HI16:D_80042790,Normalize audio environment controller compiler allocation and layout,,,false
init_11FA0,func_10012020,0x200,0x3C120000,0x26520000,R_MIPS_HI16:D_80042790,R_MIPS_LO16:D_80042790,Normalize audio environment controller compiler allocation and layout,,,false
init_11FA0,func_10012020,0x204,0x26520000,0x3C014250,R_MIPS_LO16:D_80042790,-,Normalize audio environment controller compiler allocation and layout,,,false
init_11FA0,func_10012020,0x208,0xC6520000,0x44815000,-,-,Normalize audio environment controller compiler allocation and layout,,,false
init_11FA0,func_10012020,0x20C,0x3C014250,0xC6400000,-,-,Normalize audio environment controller compiler allocation and layout,,,false
init_11FA0,func_10012020,0x210,0x44818000,0x3C020000,-,R_MIPS_HI16:D_8004277C,Normalize audio environment controller compiler allocation and layout,,,false
init_11FA0,func_10012020,0x214,0x3C010000,0x24420000,R_MIPS_HI16:D_80042788,R_MIPS_LO16:D_8004277C,Normalize audio environment controller compiler allocation and layout,,,false
init_11FA0,func_10012020,0x218,0xC42E0000,0x46005401,R_MIPS_LO16:D_80042788,-,Normalize audio environment controller compiler allocation and layout,,,false
init_11FA0,func_10012020,0x21C,0x46128401,0xAC400000,-,-,Normalize audio environment controller compiler allocation and layout,,,false
init_11FA0,func_10012020,0x220,0x3C0142FE,0x3C010000,-,R_MIPS_HI16:D_80042788,Normalize audio environment controller compiler allocation and layout,,,false
init_11FA0,func_10012020,0x224,0x44815000,0xC4220000,-,R_MIPS_LO16:D_80042788,Normalize audio environment controller compiler allocation and layout,,,false
init_11FA0,func_10012020,0x228,0x3C100000,0x3C0142FE,R_MIPS_HI16:D_80042798,-,Normalize audio environment controller compiler allocation and layout,,,false
init_11FA0,func_10012020,0x22C,0x46008402,0x44814000,-,-,Normalize audio environment controller compiler allocation and layout,,,false
init_11FA0,func_10012020,0x230,0x460E5281,0x460E8482,-,-,Normalize audio environment controller compiler allocation and layout,,,false
init_11FA0,func_10012020,0x234,0x26100000,0x3C100000,R_MIPS_LO16:D_80042798,R_MIPS_HI16:D_80042798,Normalize audio environment controller compiler allocation and layout,,,false
init_11FA0,func_10012020,0x238,0x3C010000,0x46024181,R_MIPS_HI16:D_80042780,-,Normalize audio environment controller compiler allocation and layout,,,false
init_11FA0,func_10012020,0x23C,0xC4280000,0x26100000,R_MIPS_LO16:D_80042780,R_MIPS_LO16:D_80042798,Normalize audio environment controller compiler allocation and layout,,,false
init_11FA0,func_10012020,0x240,0x46005282,0x3C010000,-,R_MIPS_HI16:D_8002C434,Normalize audio environment controller compiler allocation and layout,,,false
init_11FA0,func_10012020,0x244,0x3C010000,0x460E3282,R_MIPS_HI16:D_80041FD9,-,Normalize audio environment controller compiler allocation and layout,,,false
init_11FA0,func_10012020,0x248,0x46128480,0x46009100,-,-,Normalize audio environment controller compiler allocation and layout,,,false
init_11FA0,func_10012020,0x24C,0xA0200000,0xC6120000,R_MIPS_LO16:D_80041FD9,-,Normalize audio environment controller compiler allocation and layout,,,false
init_11FA0,func_10012020,0x250,0xC6100000,0xE7A40068,-,-,Normalize audio environment controller compiler allocation and layout,,,false
init_11FA0,func_10012020,0x254,0x3C010000,0xC4240000,R_MIPS_HI16:D_8002C434,R_MIPS_LO16:D_8002C434,Normalize audio environment controller compiler allocation and layout,,,false
init_11FA0,func_10012020,0x258,0xC4260000,0x46025400,R_MIPS_LO16:D_8002C434,-,Normalize audio environment controller compiler allocation and layout,,,false
init_11FA0,func_10012020,0x25C,0x460E5380,0x46049302,-,-,Normalize audio environment controller compiler allocation and layout,,,false
init_11FA0,func_10012020,0x260,0xE7B2005C,0x0C000000,-,R_MIPS_26:sinf,Normalize audio environment controller compiler allocation and layout,,,false
init_11FA0,func_10012020,0x264,0x46068302,0xE7B0005C,-,-,Normalize audio environment controller compiler allocation and layout,,,false
init_11FA0,func_10012020,0x268,0xE7A80054,0x3C010000,-,R_MIPS_HI16:D_80042780,Normalize audio environment controller compiler allocation and layout,,,false
init_11FA0,func_10012020,0x26C,0x0C000000,0xC4220000,R_MIPS_26:sinf,R_MIPS_LO16:D_80042780,Normalize audio environment controller compiler allocation and layout,,,false
init_11FA0,func_10012020,0x270,0xE7AE0060,0x3C0143DA,-,-,Normalize audio environment controller compiler allocation and layout,,,false
init_11FA0,func_10012020,0x274,0x3C01438D,0x44814000,-,-,Normalize audio environment controller compiler allocation and layout,,,false
init_11FA0,func_10012020,0x278,0x44819000,0x3C01438D,-,-,Normalize audio environment controller compiler allocation and layout,,,false
init_11FA0,func_10012020,0x27C,0x3C0143DA,0x44813000,-,-,Normalize audio environment controller compiler allocation and layout,,,false
init_11FA0,func_10012020,0x280,0x44813000,0x3C010000,-,R_MIPS_HI16:D_8002C438,Normalize audio environment controller compiler allocation and layout,,,false
init_11FA0,func_10012020,0x284,0x46120102,0xC4240000,-,R_MIPS_LO16:D_8002C438,Normalize audio environment controller compiler allocation and layout,,,false
init_11FA0,func_10012020,0x288,0xC7A20054,0x46060282,-,-,Normalize audio environment controller compiler allocation and layout,,,false
init_11FA0,func_10012020,0x28C,0x3C010000,0x3C010000,R_MIPS_HI16:D_8002C438,R_MIPS_HI16:D_80041FD9,Normalize audio environment controller compiler allocation and layout,,,false
init_11FA0,func_10012020,0x290,0xC4300000,0xA0200000,R_MIPS_LO16:D_8002C438,R_MIPS_LO16:D_80041FD9,Normalize audio environment controller compiler allocation and layout,,,false
init_11FA0,func_10012020,0x294,0x46062200,0x460A4400,-,-,Normalize audio environment controller compiler allocation and layout,,,false
init_11FA0,func_10012020,0x298,0x46024281,0x46028481,-,-,Normalize audio environment controller compiler allocation and layout,,,false
init_11FA0,func_10012020,0x29C,0x46105482,0x46049182,-,-,Normalize audio environment controller compiler allocation and layout,,,false
init_11FA0,func_10012020,0x2A0,0x46029100,0x46023200,-,-,Normalize audio environment controller compiler allocation and layout,,,false
init_11FA0,func_10012020,0x2A8,0xE7A40068,0xE7A80054,-,-,Normalize audio environment controller compiler allocation and layout,,,false
init_11FA0,func_10012020,0x2BC,0x3C0B0000,0x3C090000,R_MIPS_HI16:D_800BE9B4,R_MIPS_HI16:D_800BE9B4,Normalize audio environment controller compiler allocation and layout,,,false
init_11FA0,func_10012020,0x2C0,0x916B0000,0x91290000,R_MIPS_LO16:D_800BE9B4,R_MIPS_LO16:D_800BE9B4,Normalize audio environment controller compiler allocation and layout,,,false
init_11FA0,func_10012020,0x2C8,0x44813000,0x44815000,-,-,Normalize audio environment controller compiler allocation and layout,,,false
init_11FA0,func_10012020,0x2D0,0x11600005,0x11200005,-,-,Normalize audio environment controller compiler allocation and layout,,,false
init_11FA0,func_10012020,0x2D4,0xE7A60064,0xE7AA0060,-,-,Normalize audio environment controller compiler allocation and layout,,,false
init_11FA0,func_10012020,0x2DC,0x44810000,0x44811000,-,-,Normalize audio environment controller compiler allocation and layout,,,false
init_11FA0,func_10012020,0x2E4,0xE7A0006C,0xE7A20058,-,-,Normalize audio environment controller compiler allocation and layout,,,false
init_11FA0,func_10012020,0x2EC,0xC4220000,0xC4200000,R_MIPS_LO16:D_80042784,R_MIPS_LO16:D_80042784,Normalize audio environment controller compiler allocation and layout,,,false
init_11FA0,func_10012020,0x2F4,0x44814000,0x44818000,-,-,Normalize audio environment controller compiler allocation and layout,,,false
init_11FA0,func_10012020,0x2FC,0x46024281,0x46008481,-,-,Normalize audio environment controller compiler allocation and layout,,,false
init_11FA0,func_10012020,0x300,0x46025000,0x46009080,-,-,Normalize audio environment controller compiler allocation and layout,,,false
init_11FA0,func_10012020,0x304,0xE7A0006C,0xE7A20058,-,-,Normalize audio environment controller compiler allocation and layout,,,false
init_11FA0,func_10012020,0x324,0x44818000,0x44812000,-,-,Normalize audio environment controller compiler allocation and layout,,,false
init_11FA0,func_10012020,0x32C,0x44810000,0x44811000,-,-,Normalize audio environment controller compiler allocation and layout,,,false
init_11FA0,func_10012020,0x348,0xE7B00064,0xE7A40060,-,-,Normalize audio environment controller compiler allocation and layout,,,false
init_11FA0,func_10012020,0x350,0xE7A0006C,0xE7A20058,-,-,Normalize audio environment controller compiler allocation and layout,,,false
init_11FA0,func_10012020,0x358,0x8C4C0000,0x8C4A0000,-,-,Normalize audio environment controller compiler allocation and layout,,,false
init_11FA0,func_10012020,0x364,0x146C0015,0x146A0015,-,-,Normalize audio environment controller compiler allocation and layout,,,false
init_11FA0,func_10012020,0x368,0x26100000,0x00000000,R_MIPS_LO16:D_80042798,-,Normalize audio environment controller compiler allocation and layout,,,false
init_11FA0,func_10012020,0x36C,0xC4220000,0xC4200000,R_MIPS_LO16:D_80042784,R_MIPS_LO16:D_80042784,Normalize audio environment controller compiler allocation and layout,,,false
init_11FA0,func_10012020,0x374,0xC4320000,0xC4260000,R_MIPS_LO16:D_8002C43C,R_MIPS_LO16:D_8002C43C,Normalize audio environment controller compiler allocation and layout,,,false
init_11FA0,func_10012020,0x37C,0xC4260000,0xC42A0000,R_MIPS_LO16:D_8002C440,R_MIPS_LO16:D_8002C440,Normalize audio environment controller compiler allocation and layout,,,false
init_11FA0,func_10012020,0x380,0x46029101,0x46003201,-,-,Normalize audio environment controller compiler allocation and layout,,,false
init_11FA0,func_10012020,0x388,0xC42A0000,0xC4320000,R_MIPS_LO16:D_8002C444,R_MIPS_LO16:D_8002C444,Normalize audio environment controller compiler allocation and layout,,,false
init_11FA0,func_10012020,0x390,0x46062202,0x460A4402,-,-,Normalize audio environment controller compiler allocation and layout,,,false
init_11FA0,func_10012020,0x398,0x46024000,0x46008080,-,-,Normalize audio environment controller compiler allocation and layout,,,false
init_11FA0,func_10012020,0x39C,0x460A003C,0x4612103C,-,-,Normalize audio environment controller compiler allocation and layout,,,false
init_11FA0,func_10012020,0x3A0,0xE7A0006C,0xE7A20058,-,-,Normalize audio environment controller compiler allocation and layout,,,false
init_11FA0,func_10012020,0x3BC,0xC7A6005C,0xC7AA0068,-,-,Normalize audio environment controller compiler allocation and layout,,,false
init_11FA0,func_10012020,0x3C0,0xC6480000,0xC6500000,-,-,Normalize audio environment controller compiler allocation and layout,,,false
init_11FA0,func_10012020,0x3C8,0xC4320000,0xC4260000,R_MIPS_LO16:D_800BE9A4,R_MIPS_LO16:D_800BE9A4,Normalize audio environment controller compiler allocation and layout,,,false
init_11FA0,func_10012020,0x3CC,0xC6100000,0xC6040000,-,-,Normalize audio environment controller compiler allocation and layout,,,false
init_11FA0,func_10012020,0x3D0,0x46083032,0x46105032,-,-,Normalize audio environment controller compiler allocation and layout,,,false
init_11FA0,func_10012020,0x3D8,0x46128100,0x46062200,-,-,Normalize audio environment controller compiler allocation and layout,,,false
init_11FA0,func_10012020,0x3E0,0xE6040000,0xE6080000,-,-,Normalize audio environment controller compiler allocation and layout,,,false
init_11FA0,func_10012020,0x3EC,0xC42A0000,0xC4320000,R_MIPS_LO16:D_80042794,R_MIPS_LO16:D_80042794,Normalize audio environment controller compiler allocation and layout,,,false
init_11FA0,func_10012020,0x3F0,0x460A1032,0x46121032,-,-,Normalize audio environment controller compiler allocation and layout,,,false
init_11FA0,func_10012020,0x400,0x44819000,0x44813000,-,-,Normalize audio environment controller compiler allocation and layout,,,false
init_11FA0,func_10012020,0x404,0xC7B0005C,0xC7A40068,-,-,Normalize audio environment controller compiler allocation and layout,,,false
init_11FA0,func_10012020,0x410,0x46128003,0x46062003,-,-,Normalize audio environment controller compiler allocation and layout,,,false
init_11FA0,func_10012020,0x444,0xC7A4005C,0xC7A80068,-,-,Normalize audio environment controller compiler allocation and layout,,,false
init_11FA0,func_10012020,0x44C,0x44813000,0x44815000,-,-,Normalize audio environment controller compiler allocation and layout,,,false
init_11FA0,func_10012020,0x454,0xE6440000,0xE6480000,-,-,Normalize audio environment controller compiler allocation and layout,,,false
init_11FA0,func_10012020,0x458,0xE4260000,0xE42A0000,R_MIPS_LO16:D_80042794,R_MIPS_LO16:D_80042794,Normalize audio environment controller compiler allocation and layout,,,false
init_11FA0,func_10012020,0x470,0x27B10068,0x27B10054,-,-,Normalize audio environment controller compiler allocation and layout,,,false
init_11FA0,func_10012020,0x474,0x27B30060,0x27B3005C,-,-,Normalize audio environment controller compiler allocation and layout,,,false
init_11FA0,func_10012020,0x47C,0xC6480000,0xC6500000,-,-,Normalize audio environment controller compiler allocation and layout,,,false
init_11FA0,func_10012020,0x480,0x46080032,0x46100032,-,-,Normalize audio environment controller compiler allocation and layout,,,false
init_11FA0,func_10012020,0x490,0x4600028D,0x4600048D,-,-,Normalize audio environment controller compiler allocation and layout,,,false
init_11FA0,func_10012020,0x4A0,0x440F5000,0x44189000,-,-,Normalize audio environment controller compiler allocation and layout,,,false
init_11FA0,func_10012020,0x4AC,0xAFAF0010,0xAFB80010,-,-,Normalize audio environment controller compiler allocation and layout,,,false
init_11FA0,func_10012020,0x4B0,0xC6300000,0xC6240000,-,-,Normalize audio environment controller compiler allocation and layout,,,false
init_11FA0,func_10012020,0x4B4,0xE6500000,0xE6440000,-,-,Normalize audio environment controller compiler allocation and layout,,,false
init_11FA0,func_10012020,0x4BC,0xC6920000,0xC6860000,-,-,Normalize audio environment controller compiler allocation and layout,,,false
init_11FA0,func_10012020,0x4C0,0x46120032,0x46060032,-,-,Normalize audio environment controller compiler allocation and layout,,,false
init_11FA0,func_10012020,0x4D0,0x4600010D,0x4600020D,-,-,Normalize audio environment controller compiler allocation and layout,,,false
init_11FA0,func_10012020,0x4E0,0x44192000,0x440F4000,-,-,Normalize audio environment controller compiler allocation and layout,,,false
init_11FA0,func_10012020,0x4EC,0xAFB90010,0xAFAF0010,-,-,Normalize audio environment controller compiler allocation and layout,,,false
init_11FA0,func_10012020,0x4F0,0xC6660000,0xC66A0000,-,-,Normalize audio environment controller compiler allocation and layout,,,false
init_11FA0,func_10012020,0x4F4,0xE6860000,0xE68A0000,-,-,Normalize audio environment controller compiler allocation and layout,,,false
init_11FA0,func_10012020,0x538,0x27BD0070,0x27BD0070,-,-,Normalize audio environment controller compiler allocation and layout,0x00000000,-,false
init_EB00,func_10011624,0x000,0x27BDFF40,0x27BDFF38,-,-,Normalize sound record updater compiler allocation and layout,,,false
init_EB00,func_10011624,0x034,0xAFA400C0,0xAFA400C8,-,-,Normalize sound record updater compiler allocation and layout,,,false
init_EB00,func_10011624,0x038,0xAFA700CC,0xAFA700D4,-,-,Normalize sound record updater compiler allocation and layout,,,false
init_EB00,func_10011624,0x044,0x8FAE00CC,0x8FAE00D4,-,-,Normalize sound record updater compiler allocation and layout,,,false
init_EB00,func_10011624,0x04C,0x10200143,0x10200144,-,-,Normalize sound record updater compiler allocation and layout,,,false
init_EB00,func_10011624,0x054,0x10200141,0x10200142,-,-,Normalize sound record updater compiler allocation and layout,,,false
init_EB00,func_10011624,0x058,0x00067880,0x0006F080,-,-,Normalize sound record updater compiler allocation and layout,,,false
init_EB00,func_10011624,0x05C,0x8FB800C0,0x8FAF00C8,-,-,Normalize sound record updater compiler allocation and layout,,,false
init_EB00,func_10011624,0x060,0x01E67823,0x03C6F023,-,-,Normalize sound record updater compiler allocation and layout,,,false
init_EB00,func_10011624,0x068,0x000F7900,0x001EF100,-,-,Normalize sound record updater compiler allocation and layout,,,false
init_EB00,func_10011624,0x078,0x27BE00BC,0x01FE8021,-,-,Normalize sound record updater compiler allocation and layout,,,false
init_EB00,func_10011624,0x07C,0x01F88021,0x8E020010,-,-,Normalize sound record updater compiler allocation and layout,,,false
init_EB00,func_10011624,0x080,0x8E110010,0x30580080,-,-,Normalize sound record updater compiler allocation and layout,,,false
init_EB00,func_10011624,0x084,0x32390080,0x1700012D,-,-,Normalize sound record updater compiler allocation and layout,,,false
init_EB00,func_10011624,0x088,0x1720012C,0x00408825,-,-,Normalize sound record updater compiler allocation and layout,,,false
init_EB00,func_10011624,0x08C,0x32281000,0x30591000,-,-,Normalize sound record updater compiler allocation and layout,,,false
init_EB00,func_10011624,0x090,0x11000006,0x13200006,-,-,Normalize sound record updater compiler allocation and layout,,,false
init_EB00,func_10011624,0x094,0x322A0001,0x32290001,-,-,Normalize sound record updater compiler allocation and layout,,,false
init_EB00,func_10011624,0x09C,0x02214824,0x00414024,-,-,Normalize sound record updater compiler allocation and layout,,,false
init_EB00,func_10011624,0x0A0,0xAE090010,0xAE080010,-,-,Normalize sound record updater compiler allocation and layout,,,false
init_EB00,func_10011624,0x0AC,0x11400015,0x11200015,-,-,Normalize sound record updater compiler allocation and layout,,,false
init_EB00,func_10011624,0x0B8,0x322E0002,0x322D0002,-,-,Normalize sound record updater compiler allocation and layout,,,false
init_EB00,func_10011624,0x0CC,0x02215824,0x02215024,-,-,Normalize sound record updater compiler allocation and layout,,,false
init_EB00,func_10011624,0x0D0,0x316C0008,0x314B0008,-,-,Normalize sound record updater compiler allocation and layout,,,false
init_EB00,func_10011624,0x0D4,0x01608825,0x00009025,-,-,Normalize sound record updater compiler allocation and layout,,,false
init_EB00,func_10011624,0x0D8,0x15800003,0x15600003,-,-,Normalize sound record updater compiler allocation and layout,,,false
init_EB00,func_10011624,0x0DC,0x00009025,0x01408825,-,-,Normalize sound record updater compiler allocation and layout,,,false
init_EB00,func_10011624,0x0E0,0x35710080,0x35510080,-,-,Normalize sound record updater compiler allocation and layout,,,false
init_EB00,func_10011624,0x104,0x322E0002,0x322D0002,-,-,Normalize sound record updater compiler allocation and layout,,,false
init_EB00,func_10011624,0x108,0x15C00005,0x15A00003,-,-,Normalize sound record updater compiler allocation and layout,,,false
init_EB00,func_10011624,0x10C,0x322F0100,0x322E0100,-,-,Normalize sound record updater compiler allocation and layout,,,false
init_EB00,func_10011624,0x110,0x12400003,0x56400108,-,-,Normalize sound record updater compiler allocation and layout,,,false
init_EB00,func_10011624,0x114,0x00000000,0xA6120024,-,-,Normalize sound record updater compiler allocation and layout,,,false
init_EB00,func_10011624,0x118,0x10000106,0x11C00005,-,-,Normalize sound record updater compiler allocation and layout,,,false
init_EB00,func_10011624,0x11C,0xAE110010,0x322F0040,-,-,Normalize sound record updater compiler allocation and layout,,,false
init_EB00,func_10011624,0x120,0x11E00005,0x24130040,-,-,Normalize sound record updater compiler allocation and layout,,,false
init_EB00,func_10011624,0x124,0x32380040,0xAFB300BC,-,-,Normalize sound record updater compiler allocation and layout,,,false
init_EB00,func_10011624,0x128,0x24130040,0x10000002,-,-,Normalize sound record updater compiler allocation and layout,,,false
init_EB00,func_10011624,0x12C,0xAFB300BC,0x00001025,-,-,Normalize sound record updater compiler allocation and layout,,,false
init_EB00,func_10011624,0x130,0x10000002,0x27A200BC,-,-,Normalize sound record updater compiler allocation and layout,,,false
init_EB00,func_10011624,0x134,0x00001025,0x11E00020,-,-,Normalize sound record updater compiler allocation and layout,,,false
init_EB00,func_10011624,0x138,0x03C01025,0x27AA00B4,-,-,Normalize sound record updater compiler allocation and layout,,,false
init_EB00,func_10011624,0x13C,0x13000020,0x86040004,-,-,Normalize sound record updater compiler allocation and layout,,,false
init_EB00,func_10011624,0x140,0x27AA00B8,0xC6A60018,-,-,Normalize sound record updater compiler allocation and layout,,,false
init_EB00,func_10011624,0x144,0xC6A60018,0x8EB80000,-,-,Normalize sound record updater compiler allocation and layout,,,false
init_EB00,func_10011624,0x148,0x86040004,0x8EB90004,-,-,Normalize sound record updater compiler allocation and layout,,,false
init_EB00,func_10011624,0x14C,0x8EB90000,0x8EA80008,-,-,Normalize sound record updater compiler allocation and layout,,,false
init_EB00,func_10011624,0x150,0x8EA80004,0xE7A60010,-,-,Normalize sound record updater compiler allocation and layout,,,false
init_EB00,func_10011624,0x154,0x8EA90008,0xAFB80014,-,-,Normalize sound record updater compiler allocation and layout,,,false
init_EB00,func_10011624,0x158,0x46003221,0xAFB90018,-,-,Normalize sound record updater compiler allocation and layout,,,false
init_EB00,func_10011624,0x15C,0xAFB90018,0xAFA8001C,-,-,Normalize sound record updater compiler allocation and layout,,,false
init_EB00,func_10011624,0x160,0xF7A80010,0x96090008,-,-,Normalize sound record updater compiler allocation and layout,,,false
init_EB00,func_10011624,0x164,0xAFA8001C,0x27AB00BC,-,-,Normalize sound record updater compiler allocation and layout,,,false
init_EB00,func_10011624,0x168,0xAFA90020,0x27AC00B4,-,-,Normalize sound record updater compiler allocation and layout,,,false
init_EB00,func_10011624,0x16C,0x960A0008,0xAFA90020,-,-,Normalize sound record updater compiler allocation and layout,,,false
init_EB00,func_10011624,0x170,0x27AC00B8,0x860A000A,-,-,Normalize sound record updater compiler allocation and layout,,,false
init_EB00,func_10011624,0x174,0x27AD00B0,0x27AD00AC,-,-,Normalize sound record updater compiler allocation and layout,,,false
init_EB00,func_10011624,0x178,0xAFAA0024,0xAFAD0030,-,-,Normalize sound record updater compiler allocation and layout,,,false
init_EB00,func_10011624,0x17C,0x860B000A,0xAFAC002C,-,-,Normalize sound record updater compiler allocation and layout,,,false
init_EB00,func_10011624,0x180,0xAFAD0034,0xAFAB0028,-,-,Normalize sound record updater compiler allocation and layout,,,false
init_EB00,func_10011624,0x184,0xAFAC0030,0x8EA5000C,-,-,Normalize sound record updater compiler allocation and layout,,,false
init_EB00,func_10011624,0x188,0xAFBE002C,0x8EA60010,-,-,Normalize sound record updater compiler allocation and layout,,,false
init_EB00,func_10011624,0x18C,0x8EA5000C,0x8EA70014,-,-,Normalize sound record updater compiler allocation and layout,,,false
init_EB00,func_10011624,0x190,0x8EA60010,0x0C000000,-,R_MIPS_26:func_1000A750,Normalize sound record updater compiler allocation and layout,,,false
init_EB00,func_10011624,0x194,0x8EA70014,0xAFAA0024,-,-,Normalize sound record updater compiler allocation and layout,,,false
init_EB00,func_10011624,0x198,0x0C000000,0xAFA200B0,R_MIPS_26:func_1000A750,-,Normalize sound record updater compiler allocation and layout,,,false
init_EB00,func_10011624,0x19C,0xAFAB0028,0x8E0E000C,-,-,Normalize sound record updater compiler allocation and layout,,,false
init_EB00,func_10011624,0x1A0,0xAFA200B4,0x8FAF00B4,-,-,Normalize sound record updater compiler allocation and layout,,,false
init_EB00,func_10011624,0x1A4,0x8E0E000C,0x01CF0019,-,-,Normalize sound record updater compiler allocation and layout,,,false
init_EB00,func_10011624,0x1A8,0x8FAF00B8,0x0000C012,-,-,Normalize sound record updater compiler allocation and layout,,,false
init_EB00,func_10011624,0x1AC,0x01CF0019,0x0018CBC2,-,-,Normalize sound record updater compiler allocation and layout,,,false
init_EB00,func_10011624,0x1B0,0x0000C012,0x1000000F,-,-,Normalize sound record updater compiler allocation and layout,,,false
init_EB00,func_10011624,0x1B4,0x0018CBC2,0xAFB900B4,-,-,Normalize sound record updater compiler allocation and layout,,,false
init_EB00,func_10011624,0x1B8,0x1000000E,0x96080008,-,-,Normalize sound record updater compiler allocation and layout,,,false
init_EB00,func_10011624,0x1BC,0xAFB900B8,0x86040002,-,-,Normalize sound record updater compiler allocation and layout,,,false
init_EB00,func_10011624,0x1C0,0x96080008,0x86050004,-,-,Normalize sound record updater compiler allocation and layout,,,false
init_EB00,func_10011624,0x1C4,0x86040002,0x86060006,-,-,Normalize sound record updater compiler allocation and layout,,,false
init_EB00,func_10011624,0x1C8,0x86050004,0x8E07000C,-,-,Normalize sound record updater compiler allocation and layout,,,false
init_EB00,func_10011624,0x1CC,0x86060006,0xAFA80010,-,-,Normalize sound record updater compiler allocation and layout,,,false
init_EB00,func_10011624,0x1D0,0x8E07000C,0x8609000A,-,-,Normalize sound record updater compiler allocation and layout,,,false
init_EB00,func_10011624,0x1D4,0xAFA80010,0x27AB00AC,-,-,Normalize sound record updater compiler allocation and layout,,,false
init_EB00,func_10011624,0x1D8,0x8609000A,0xAFAB0020,-,-,Normalize sound record updater compiler allocation and layout,,,false
init_EB00,func_10011624,0x1DC,0x27AB00B0,0xAFAA001C,-,-,Normalize sound record updater compiler allocation and layout,,,false
init_EB00,func_10011624,0x1E0,0xAFAB0020,0xAFA20018,-,-,Normalize sound record updater compiler allocation and layout,,,false
init_EB00,func_10011624,0x1E4,0xAFAA001C,0x0C000000,-,R_MIPS_26:func_100114D0,Normalize sound record updater compiler allocation and layout,,,false
init_EB00,func_10011624,0x1E8,0xAFA20018,0xAFA90014,-,-,Normalize sound record updater compiler allocation and layout,,,false
init_EB00,func_10011624,0x1EC,0x0C000000,0xAFA200B0,R_MIPS_26:func_100114D0,-,Normalize sound record updater compiler allocation and layout,,,false
init_EB00,func_10011624,0x1F0,0xAFA90014,0x3C0C0000,-,R_MIPS_HI16:D_800BE615,Normalize sound record updater compiler allocation and layout,,,false
init_EB00,func_10011624,0x1F4,0x3C0C0000,0x918C0000,R_MIPS_HI16:D_800BE615,R_MIPS_LO16:D_800BE615,Normalize sound record updater compiler allocation and layout,,,false
init_EB00,func_10011624,0x1F8,0x918C0000,0x51800003,R_MIPS_LO16:D_800BE615,-,Normalize sound record updater compiler allocation and layout,,,false
init_EB00,func_10011624,0x1FC,0x51800003,0x860D0020,-,-,Normalize sound record updater compiler allocation and layout,,,false
init_EB00,func_10011624,0x200,0x860D0020,0xAFA000B4,-,-,Normalize sound record updater compiler allocation and layout,,,false
init_EB00,func_10011624,0x204,0xAFA000B8,0x860D0020,-,-,Normalize sound record updater compiler allocation and layout,,,false
init_EB00,func_10011624,0x208,0x860D0020,0x32380010,-,-,Normalize sound record updater compiler allocation and layout,,,false
init_EB00,func_10011624,0x20C,0x32380010,0xAFAD00A8,-,-,Normalize sound record updater compiler allocation and layout,,,false
init_EB00,func_10011624,0x210,0xAFAD00AC,0x920E0023,-,-,Normalize sound record updater compiler allocation and layout,,,false
init_EB00,func_10011624,0x214,0x920E0023,0xAFAE00A0,-,-,Normalize sound record updater compiler allocation and layout,,,false
init_EB00,func_10011624,0x218,0xAFAE00A4,0x960F0000,-,-,Normalize sound record updater compiler allocation and layout,,,false
init_EB00,func_10011624,0x21C,0x960F0000,0x13000019,-,-,Normalize sound record updater compiler allocation and layout,,,false
init_EB00,func_10011624,0x220,0xA7AF00AA,0xA7AF00A6,-,-,Normalize sound record updater compiler allocation and layout,,,false
init_EB00,func_10011624,0x224,0x13000017,0x8E020014,-,-,Normalize sound record updater compiler allocation and layout,,,false
init_EB00,func_10011624,0x228,0x8E020014,0x27A500B0,-,-,Normalize sound record updater compiler allocation and layout,,,false
init_EB00,func_10011624,0x22C,0x10400015,0x27A600B4,-,-,Normalize sound record updater compiler allocation and layout,,,false
init_EB00,func_10011624,0x230,0x02002025,0x10400014,-,-,Normalize sound record updater compiler allocation and layout,,,false
init_EB00,func_10011624,0x234,0xAE110010,0x27A700BC,-,-,Normalize sound record updater compiler allocation and layout,,,false
init_EB00,func_10011624,0x238,0x27B900AC,0xAE110010,-,-,Normalize sound record updater compiler allocation and layout,,,false
init_EB00,func_10011624,0x23C,0x27A800A4,0x8FB900C8,-,-,Normalize sound record updater compiler allocation and layout,,,false
init_EB00,func_10011624,0x240,0x27A900AA,0x27A800A8,-,-,Normalize sound record updater compiler allocation and layout,,,false
init_EB00,func_10011624,0x244,0xAFA90018,0x27A900A0,-,-,Normalize sound record updater compiler allocation and layout,,,false
init_EB00,func_10011624,0x248,0xAFA80014,0x27AA00A6,-,-,Normalize sound record updater compiler allocation and layout,,,false
init_EB00,func_10011624,0x24C,0xAFB90010,0xAFAA0018,-,-,Normalize sound record updater compiler allocation and layout,,,false
init_EB00,func_10011624,0x250,0x27A500B4,0xAFA90014,-,-,Normalize sound record updater compiler allocation and layout,,,false
init_EB00,func_10011624,0x254,0x27A600B8,0xAFA80010,-,-,Normalize sound record updater compiler allocation and layout,,,false
init_EB00,func_10011624,0x25C,0x03C03825,0x03D92021,-,-,Normalize sound record updater compiler allocation and layout,,,false
init_EB00,func_10011624,0x264,0x8FA400C0,0x8FA400C8,-,-,Normalize sound record updater compiler allocation and layout,,,false
init_EB00,func_10011624,0x284,0x97AA00AA,0x97AB00A6,-,-,Normalize sound record updater compiler allocation and layout,,,false
init_EB00,func_10011624,0x288,0x8FAB00B8,0x8FAC00B4,-,-,Normalize sound record updater compiler allocation and layout,,,false
init_EB00,func_10011624,0x28C,0x15400003,0x516000A9,-,-,Normalize sound record updater compiler allocation and layout,,,false
init_EB00,func_10011624,0x290,0x00000000,0xA6120024,-,-,Normalize sound record updater compiler allocation and layout,,,false
init_EB00,func_10011624,0x294,0x100000A7,0x11800095,-,-,Normalize sound record updater compiler allocation and layout,,,false
init_EB00,func_10011624,0x298,0xAE110010,0x8FB300BC,-,-,Normalize sound record updater compiler allocation and layout,,,false
init_EB00,func_10011624,0x29C,0x15600012,0x8FAE00A0,-,-,Normalize sound record updater compiler allocation and layout,,,false
init_EB00,func_10011624,0x2A0,0x8FB300BC,0x326D0080,-,-,Normalize sound record updater compiler allocation and layout,,,false
init_EB00,func_10011624,0x2A4,0x322C0008,0x326F007F,-,-,Normalize sound record updater compiler allocation and layout,,,false
init_EB00,func_10011624,0x2A8,0x1180000A,0x32380200,-,-,Normalize sound record updater compiler allocation and layout,,,false
init_EB00,func_10011624,0x2AC,0x8FA400C0,0xAFAF00BC,-,-,Normalize sound record updater compiler allocation and layout,,,false
init_EB00,func_10011624,0x2B0,0x52400004,0x02401025,-,-,Normalize sound record updater compiler allocation and layout,,,false
init_EB00,func_10011624,0x2B4,0x2401FFFE,0x13000009,-,-,Normalize sound record updater compiler allocation and layout,,,false
init_EB00,func_10011624,0x2B8,0x0C000000,0x01AEA025,R_MIPS_26:func_100111C8,-,Normalize sound record updater compiler allocation and layout,,,false
init_EB00,func_10011624,0x2BC,0x3244FFFF,0x24030080,-,-,Normalize sound record updater compiler allocation and layout,,,false
init_EB00,func_10011624,0x2C0,0x2401FFFE,0x006F9823,-,-,Normalize sound record updater compiler allocation and layout,,,false
init_EB00,func_10011624,0x2C4,0x02216824,0x16630003,-,-,Normalize sound record updater compiler allocation and layout,,,false
init_EB00,func_10011624,0x2C8,0x00009025,0xAFB300BC,-,-,Normalize sound record updater compiler allocation and layout,,,false
init_EB00,func_10011624,0x2CC,0x10000099,0x2413007F,-,-,Normalize sound record updater compiler allocation and layout,,,false
init_EB00,func_10011624,0x2D0,0xAE0D0010,0xAFB300BC,-,-,Normalize sound record updater compiler allocation and layout,,,false
init_EB00,func_10011624,0x2D4,0x02C02825,0x3A990080,-,-,Normalize sound record updater compiler allocation and layout,,,false
init_EB00,func_10011624,0x2D8,0x0C000000,0x0320A025,R_MIPS_26:func_1000FE88,-,Normalize sound record updater compiler allocation and layout,,,false
init_EB00,func_10011624,0x2DC,0x02E03025,0x8FA400A8,-,-,Normalize sound record updater compiler allocation and layout,,,false
init_EB00,func_10011624,0x2E0,0x10000096,0x0C000000,-,R_MIPS_26:alCents2Ratio,Normalize sound record updater compiler allocation and layout,,,false
init_EB00,func_10011624,0x2E4,0x8EE30000,0xAFA2007C,-,-,Normalize sound record updater compiler allocation and layout,,,false
init_EB00,func_10011624,0x2E8,0x8FAF00A4,0x8FA2007C,-,-,Normalize sound record updater compiler allocation and layout,,,false
init_EB00,func_10011624,0x2EC,0x326E0080,0xE7A0009C,-,-,Normalize sound record updater compiler allocation and layout,,,false
init_EB00,func_10011624,0x2F0,0x3278007F,0x8FB300BC,-,-,Normalize sound record updater compiler allocation and layout,,,false
init_EB00,func_10011624,0x2F4,0x32390200,0x1440001C,-,-,Normalize sound record updater compiler allocation and layout,,,false
init_EB00,func_10011624,0x2F8,0xAFB800BC,0x8FAB00B4,-,-,Normalize sound record updater compiler allocation and layout,,,false
init_EB00,func_10011624,0x2FC,0x02401025,0x32220C00,-,-,Normalize sound record updater compiler allocation and layout,,,false
init_EB00,func_10011624,0x300,0x13200009,0x10400008,-,-,Normalize sound record updater compiler allocation and layout,,,false
init_EB00,func_10011624,0x304,0x01CFA025,0x00002025,-,-,Normalize sound record updater compiler allocation and layout,,,false
init_EB00,func_10011624,0x308,0x24030080,0x24010400,-,-,Normalize sound record updater compiler allocation and layout,,,false
init_EB00,func_10011624,0x30C,0x00789823,0x14410003,-,-,Normalize sound record updater compiler allocation and layout,,,false
init_EB00,func_10011624,0x310,0x16630003,0x00000000,-,-,Normalize sound record updater compiler allocation and layout,,,false
init_EB00,func_10011624,0x314,0xAFB300BC,0x10000005,-,-,Normalize sound record updater compiler allocation and layout,,,false
init_EB00,func_10011624,0x318,0x2413007F,0x00001025,-,-,Normalize sound record updater compiler allocation and layout,,,false
init_EB00,func_10011624,0x31C,0xAFB300BC,0x10000003,-,-,Normalize sound record updater compiler allocation and layout,,,false
init_EB00,func_10011624,0x320,0x3A880080,0x24020001,-,-,Normalize sound record updater compiler allocation and layout,,,false
init_EB00,func_10011624,0x324,0x0100A025,0x3C020000,-,R_MIPS_HI16:D_80041FD9,Normalize sound record updater compiler allocation and layout,,,false
init_EB00,func_10011624,0x328,0x8FA400AC,0x90420000,-,R_MIPS_LO16:D_80041FD9,Normalize sound record updater compiler allocation and layout,,,false
init_EB00,func_10011624,0x32C,0x0C000000,0x8FA800A8,R_MIPS_26:alCents2Ratio,-,Normalize sound record updater compiler allocation and layout,,,false
init_EB00,func_10011624,0x330,0xAFA20074,0x97A500A6,-,-,Normalize sound record updater compiler allocation and layout,,,false
init_EB00,func_10011624,0x334,0x8FA20074,0x97A600B6,-,-,Normalize sound record updater compiler allocation and layout,,,false
init_EB00,func_10011624,0x338,0xE7A000A0,0x326700FF,-,-,Normalize sound record updater compiler allocation and layout,,,false
init_EB00,func_10011624,0x33C,0x8FB300BC,0xAFB40014,-,-,Normalize sound record updater compiler allocation and layout,,,false
init_EB00,func_10011624,0x340,0x1440001C,0xAFA20018,-,-,Normalize sound record updater compiler allocation and layout,,,false
init_EB00,func_10011624,0x344,0x8FAC00B8,0x0C000000,-,R_MIPS_26:func_10010BE8,Normalize sound record updater compiler allocation and layout,,,false
init_EB00,func_10011624,0x348,0x32220C00,0xAFA80010,-,-,Normalize sound record updater compiler allocation and layout,,,false
init_EB00,func_10011624,0x34C,0x14400004,0x1040005A,-,-,Normalize sound record updater compiler allocation and layout,,,false
init_EB00,func_10011624,0x350,0x00002025,0x3052FFFF,-,-,Normalize sound record updater compiler allocation and layout,,,false
init_EB00,func_10011624,0x354,0x3C020000,0x97AA00A6,R_MIPS_HI16:D_80041FD9,-,Normalize sound record updater compiler allocation and layout,,,false
init_EB00,func_10011624,0x358,0x10000007,0x36290001,-,-,Normalize sound record updater compiler allocation and layout,,,false
init_EB00,func_10011624,0x35C,0x90420000,0x01208825,R_MIPS_LO16:D_80041FD9,-,Normalize sound record updater compiler allocation and layout,,,false
init_EB00,func_10011624,0x360,0x24010400,0x10000055,-,-,Normalize sound record updater compiler allocation and layout,,,false
init_EB00,func_10011624,0x364,0x54410004,0xA60A0000,-,-,Normalize sound record updater compiler allocation and layout,,,false
init_EB00,func_10011624,0x368,0x24020001,0x960C0026,-,-,Normalize sound record updater compiler allocation and layout,,,false
init_EB00,func_10011624,0x36C,0x10000002,0x3244FFFF,-,-,Normalize sound record updater compiler allocation and layout,,,false
init_EB00,func_10011624,0x370,0x00001025,0x24050008,-,-,Normalize sound record updater compiler allocation and layout,,,false
init_EB00,func_10011624,0x374,0x24020001,0x516C0004,-,-,Normalize sound record updater compiler allocation and layout,,,false
init_EB00,func_10011624,0x378,0x8FA900AC,0x92020022,-,-,Normalize sound record updater compiler allocation and layout,,,false
init_EB00,func_10011624,0x37C,0x97A500AA,0x0C000000,-,R_MIPS_26:func_1000F85C,Normalize sound record updater compiler allocation and layout,,,false
init_EB00,func_10011624,0x380,0x97A600BA,0x01603025,-,-,Normalize sound record updater compiler allocation and layout,,,false
init_EB00,func_10011624,0x384,0x326700FF,0x92020022,-,-,Normalize sound record updater compiler allocation and layout,,,false
init_EB00,func_10011624,0x388,0xAFB40014,0x8FAD00BC,-,-,Normalize sound record updater compiler allocation and layout,,,false
init_EB00,func_10011624,0x38C,0xAFA20018,0x3244FFFF,-,-,Normalize sound record updater compiler allocation and layout,,,false
init_EB00,func_10011624,0x390,0x0C000000,0x304E007F,R_MIPS_26:func_10010BE8,-,Normalize sound record updater compiler allocation and layout,,,false
init_EB00,func_10011624,0x394,0xAFA90010,0x11AE0004,-,-,Normalize sound record updater compiler allocation and layout,,,false
init_EB00,func_10011624,0x398,0x1040005A,0x24050004,-,-,Normalize sound record updater compiler allocation and layout,,,false
init_EB00,func_10011624,0x39C,0x3052FFFF,0x0C000000,-,R_MIPS_26:func_1000F85C,Normalize sound record updater compiler allocation and layout,,,false
init_EB00,func_10011624,0x3A0,0x97AB00AA,0x01A03025,-,-,Normalize sound record updater compiler allocation and layout,,,false
init_EB00,func_10011624,0x3A4,0x362A0001,0x92020022,-,-,Normalize sound record updater compiler allocation and layout,,,false
init_EB00,func_10011624,0x3A8,0x01408825,0x920F0023,-,-,Normalize sound record updater compiler allocation and layout,,,false
init_EB00,func_10011624,0x3AC,0x10000055,0x30580080,-,-,Normalize sound record updater compiler allocation and layout,,,false
init_EB00,func_10011624,0x3B0,0xA60B0000,0x3244FFFF,-,-,Normalize sound record updater compiler allocation and layout,,,false
init_EB00,func_10011624,0x3B4,0x960D0026,0x01F8C825,-,-,Normalize sound record updater compiler allocation and layout,,,false
init_EB00,func_10011624,0x3B8,0x3244FFFF,0x12990003,-,-,Normalize sound record updater compiler allocation and layout,,,false
init_EB00,func_10011624,0x3BC,0x24050008,0x24050100,-,-,Normalize sound record updater compiler allocation and layout,,,false
init_EB00,func_10011624,0x3C0,0x518D0004,0x0C000000,-,R_MIPS_26:func_1000F85C,Normalize sound record updater compiler allocation and layout,,,false
init_EB00,func_10011624,0x3C4,0x92020022,0x02803025,-,-,Normalize sound record updater compiler allocation and layout,,,false
init_EB00,func_10011624,0x3C8,0x0C000000,0x32280004,R_MIPS_26:func_1000F85C,-,Normalize sound record updater compiler allocation and layout,,,false
init_EB00,func_10011624,0x3CC,0x01803025,0x11000030,-,-,Normalize sound record updater compiler allocation and layout,,,false
init_EB00,func_10011624,0x3D0,0x92020022,0x8FAA00AC,-,-,Normalize sound record updater compiler allocation and layout,,,false
init_EB00,func_10011624,0x3D4,0x8FAE00BC,0x96090028,-,-,Normalize sound record updater compiler allocation and layout,,,false
init_EB00,func_10011624,0x3D8,0x3244FFFF,0x3C0B0000,-,R_MIPS_HI16:D_800BE9E4,Normalize sound record updater compiler allocation and layout,,,false
init_EB00,func_10011624,0x3DC,0x304F007F,0x8D6B0000,-,R_MIPS_LO16:D_800BE9E4,Normalize sound record updater compiler allocation and layout,,,false
init_EB00,func_10011624,0x3E0,0x11CF0004,0x012A6023,-,-,Normalize sound record updater compiler allocation and layout,,,false
init_EB00,func_10011624,0x3E4,0x24050004,0x24010003,-,-,Normalize sound record updater compiler allocation and layout,,,false
init_EB00,func_10011624,0x3E8,0x0C000000,0x018B0019,R_MIPS_26:func_1000F85C,-,Normalize sound record updater compiler allocation and layout,,,false
init_EB00,func_10011624,0x3EC,0x01C03025,0x240D016F,-,-,Normalize sound record updater compiler allocation and layout,,,false
init_EB00,func_10011624,0x3F0,0x92020022,0xC7A4009C,-,-,Normalize sound record updater compiler allocation and layout,,,false
init_EB00,func_10011624,0x3F4,0x92190023,0x00001012,-,-,Normalize sound record updater compiler allocation and layout,,,false
init_EB00,func_10011624,0x3F8,0x30580080,0x00000000,-,-,Normalize sound record updater compiler allocation and layout,,,false
init_EB00,func_10011624,0x3FC,0x3244FFFF,0x00000000,-,-,Normalize sound record updater compiler allocation and layout,,,false
init_EB00,func_10011624,0x400,0x03194025,0x0041001A,-,-,Normalize sound record updater compiler allocation and layout,,,false
init_EB00,func_10011624,0x404,0x12880003,0x00001012,-,-,Normalize sound record updater compiler allocation and layout,,,false
init_EB00,func_10011624,0x408,0x24050100,0x2841016F,-,-,Normalize sound record updater compiler allocation and layout,,,false
init_EB00,func_10011624,0x40C,0x0C000000,0x14200003,R_MIPS_26:func_1000F85C,-,Normalize sound record updater compiler allocation and layout,,,false
init_EB00,func_10011624,0x410,0x02803025,0x01A27823,-,-,Normalize sound record updater compiler allocation and layout,,,false
init_EB00,func_10011624,0x414,0x32290004,0x10000015,-,-,Normalize sound record updater compiler allocation and layout,,,false
init_EB00,func_10011624,0x418,0x11200030,0x4600A306,-,-,Normalize sound record updater compiler allocation and layout,,,false
init_EB00,func_10011624,0x41C,0x8FAB00B0,0x448F5000,-,-,Normalize sound record updater compiler allocation and layout,,,false
init_EB00,func_10011624,0x420,0x960A0028,0x3C010000,-,R_MIPS_HI16:D_8002C400,Normalize sound record updater compiler allocation and layout,,,false
init_EB00,func_10011624,0x424,0x3C0C0000,0xC4280000,R_MIPS_HI16:D_800BE9E4,R_MIPS_LO16:D_8002C400,Normalize sound record updater compiler allocation and layout,,,false
init_EB00,func_10011624,0x428,0x8D8C0000,0x46805420,R_MIPS_LO16:D_800BE9E4,-,Normalize sound record updater compiler allocation and layout,,,false
init_EB00,func_10011624,0x42C,0x014B6823,0x3C013F00,-,-,Normalize sound record updater compiler allocation and layout,,,false
init_EB00,func_10011624,0x430,0x24010003,0x46104003,-,-,Normalize sound record updater compiler allocation and layout,,,false
init_EB00,func_10011624,0x434,0x01AC0019,0x4600A03C,-,-,Normalize sound record updater compiler allocation and layout,,,false
init_EB00,func_10011624,0x438,0x240E016F,0x46000306,-,-,Normalize sound record updater compiler allocation and layout,,,false
init_EB00,func_10011624,0x43C,0xC7A600A0,0x45020004,-,-,Normalize sound record updater compiler allocation and layout,,,false
init_EB00,func_10011624,0x440,0x00001012,0x44819000,-,-,Normalize sound record updater compiler allocation and layout,,,false
init_EB00,func_10011624,0x444,0x00000000,0x10000009,-,-,Normalize sound record updater compiler allocation and layout,,,false
init_EB00,func_10011624,0x448,0x00000000,0x4600A306,-,-,Normalize sound record updater compiler allocation and layout,,,false
init_EB00,func_10011624,0x44C,0x0041001A,0x44819000,-,-,Normalize sound record updater compiler allocation and layout,,,false
init_EB00,func_10011624,0x450,0x00001012,0x3C013F00,-,-,Normalize sound record updater compiler allocation and layout,,,false
init_EB00,func_10011624,0x454,0x2841016F,0x4612003C,-,-,Normalize sound record updater compiler allocation and layout,,,false
init_EB00,func_10011624,0x458,0x14200003,0x00000000,-,-,Normalize sound record updater compiler allocation and layout,,,false
init_EB00,func_10011624,0x45C,0x01C2C023,0x45000003,-,-,Normalize sound record updater compiler allocation and layout,,,false
init_EB00,func_10011624,0x460,0x10000015,0x00000000,-,-,Normalize sound record updater compiler allocation and layout,,,false
init_EB00,func_10011624,0x464,0x4600A086,0x44816000,-,-,Normalize sound record updater compiler allocation and layout,,,false
init_EB00,func_10011624,0x468,0x44988000,0x00000000,-,-,Normalize sound record updater compiler allocation and layout,,,false
init_EB00,func_10011624,0x46C,0x3C010000,0x460C2182,R_MIPS_HI16:D_8002C400,-,Normalize sound record updater compiler allocation and layout,,,false
init_EB00,func_10011624,0x470,0xC42A0000,0x3C010000,R_MIPS_LO16:D_8002C400,R_MIPS_HI16:D_8002C404,Normalize sound record updater compiler allocation and layout,,,false
init_EB00,func_10011624,0x474,0x468084A0,0xC42A0000,-,R_MIPS_LO16:D_8002C404,Normalize sound record updater compiler allocation and layout,,,false
init_EB00,func_10011624,0x478,0x3C013F00,0xE7A6009C,-,-,Normalize sound record updater compiler allocation and layout,,,false
init_EB00,func_10011624,0x47C,0x46125083,0xC600002C,-,-,Normalize sound record updater compiler allocation and layout,,,false
init_EB00,func_10011624,0x480,0x4602A03C,0x46003081,-,-,Normalize sound record updater compiler allocation and layout,,,false
init_EB00,func_10011624,0x484,0x00000000,0x460A1202,-,-,Normalize sound record updater compiler allocation and layout,,,false
init_EB00,func_10011624,0x488,0x45020004,0x46080400,-,-,Normalize sound record updater compiler allocation and layout,,,false
init_EB00,func_10011624,0x48C,0x44812000,0xE7B0009C,-,-,Normalize sound record updater compiler allocation and layout,,,false
init_EB00,func_10011624,0x490,0x10000009,0xC7B2009C,-,-,Normalize sound record updater compiler allocation and layout,,,false
init_EB00,func_10011624,0x494,0x4600A086,0xC604002C,-,-,Normalize sound record updater compiler allocation and layout,,,false
init_EB00,func_10011624,0x498,0x44812000,0x8FA6009C,-,-,Normalize sound record updater compiler allocation and layout,,,false
init_EB00,func_10011624,0x49C,0x3C013F00,0x3244FFFF,-,-,Normalize sound record updater compiler allocation and layout,,,false
init_EB00,func_10011624,0x4A0,0x4604103C,0x46049032,-,-,Normalize sound record updater compiler allocation and layout,,,false
init_EB00,func_10011624,0x4A8,0x45000003,0x45030004,-,-,Normalize sound record updater compiler allocation and layout,,,false
init_EB00,func_10011624,0x4AC,0x00000000,0x8FB800AC,-,-,Normalize sound record updater compiler allocation and layout,,,false
init_EB00,func_10011624,0x4B0,0x44811000,0x0C000000,-,R_MIPS_26:func_1000F85C,Normalize sound record updater compiler allocation and layout,,,false
init_EB00,func_10011624,0x4B4,0x00000000,0x24050011,-,-,Normalize sound record updater compiler allocation and layout,,,false
init_EB00,func_10011624,0x4B8,0x46023202,0x8FB800AC,-,-,Normalize sound record updater compiler allocation and layout,,,false
init_EB00,func_10011624,0x4BC,0x3C010000,0xA6180028,R_MIPS_HI16:D_8002C404,-,Normalize sound record updater compiler allocation and layout,,,false
init_EB00,func_10011624,0x4C0,0xC42A0000,0x8FB900B4,R_MIPS_LO16:D_8002C404,-,Normalize sound record updater compiler allocation and layout,,,false
init_EB00,func_10011624,0x4C4,0xE7A800A0,0xA6190026,-,-,Normalize sound record updater compiler allocation and layout,,,false
init_EB00,func_10011624,0x4C8,0xC600002C,0x8FA800BC,-,-,Normalize sound record updater compiler allocation and layout,,,false
init_EB00,func_10011624,0x4CC,0x46004401,0x01144825,-,-,Normalize sound record updater compiler allocation and layout,,,false
init_EB00,func_10011624,0x4D0,0x460A8482,0xA2090022,-,-,Normalize sound record updater compiler allocation and layout,,,false
init_EB00,func_10011624,0x4D4,0x46009100,0x8FAA00A0,-,-,Normalize sound record updater compiler allocation and layout,,,false
init_EB00,func_10011624,0x4D8,0xE7A400A0,0xA20A0023,-,-,Normalize sound record updater compiler allocation and layout,,,false
init_EB00,func_10011624,0x4DC,0xC7A600A0,0xC7A6009C,-,-,Normalize sound record updater compiler allocation and layout,,,false
init_EB00,func_10011624,0x4E0,0xC608002C,0xE606002C,-,-,Normalize sound record updater compiler allocation and layout,,,false
init_EB00,func_10011624,0x4E4,0x3244FFFF,0x10000013,-,-,Normalize sound record updater compiler allocation and layout,,,false
init_EB00,func_10011624,0x4E8,0x24050011,0xA6120024,-,-,Normalize sound record updater compiler allocation and layout,,,false
init_EB00,func_10011624,0x4EC,0x46083032,0x322C0008,-,-,Normalize sound record updater compiler allocation and layout,,,false
init_EB00,func_10011624,0x4F0,0x00000000,0x1180000A,-,-,Normalize sound record updater compiler allocation and layout,,,false
init_EB00,func_10011624,0x4F4,0x45030004,0x8FA400C8,-,-,Normalize sound record updater compiler allocation and layout,,,false
init_EB00,func_10011624,0x4F8,0x8FB900B0,0x52400004,-,-,Normalize sound record updater compiler allocation and layout,,,false
init_EB00,func_10011624,0x4FC,0x0C000000,0x2401FFFE,R_MIPS_26:func_1000F85C,-,Normalize sound record updater compiler allocation and layout,,,false
init_EB00,func_10011624,0x500,0x8FA600A0,0x0C000000,-,R_MIPS_26:func_100111C8,Normalize sound record updater compiler allocation and layout,,,false
init_EB00,func_10011624,0x504,0x8FB900B0,0x3244FFFF,-,-,Normalize sound record updater compiler allocation and layout,,,false
init_EB00,func_10011624,0x508,0xA6190028,0x2401FFFE,-,-,Normalize sound record updater compiler allocation and layout,,,false
init_EB00,func_10011624,0x50C,0x8FA800B8,0x02215824,-,-,Normalize sound record updater compiler allocation and layout,,,false
init_EB00,func_10011624,0x510,0xA6080026,0x00009025,-,-,Normalize sound record updater compiler allocation and layout,,,false
init_EB00,func_10011624,0x514,0x8FA900BC,0x10000006,-,-,Normalize sound record updater compiler allocation and layout,,,false
init_EB00,func_10011624,0x518,0x01345025,0x01608825,-,-,Normalize sound record updater compiler allocation and layout,,,false
init_EB00,func_10011624,0x51C,0xA20A0022,0x02C02825,-,-,Normalize sound record updater compiler allocation and layout,,,false
init_EB00,func_10011624,0x520,0x8FAB00A4,0x0C000000,-,R_MIPS_26:func_1000FE88,Normalize sound record updater compiler allocation and layout,,,false
init_EB00,func_10011624,0x524,0xA20B0023,0x02E03025,-,-,Normalize sound record updater compiler allocation and layout,,,false
init_EB00,func_10011624,0x528,0xC7B000A0,0x10000004,-,-,Normalize sound record updater compiler allocation and layout,,,false
init_EB00,func_10011624,0x52C,0xAE110010,0x8EE30000,-,-,Normalize sound record updater compiler allocation and layout,,,false
init_EB00,func_10011624,0x530,0xE610002C,0xA6120024,-,-,Normalize sound record updater compiler allocation and layout,,,false
init_EB00,func_10011624,0x534,0xA6120024,0xAE110010,-,-,Normalize sound record updater compiler allocation and layout,,,false
init_EB00,func_10011624,0x540,0x02C3082A,0x02C3082A,-,-,Normalize sound record updater compiler allocation and layout,0x27DE0030,-,false
init_EB00,func_10011624,0x54C,0x8FAD00CC,0x8FAE00D4,-,-,Normalize sound record updater compiler allocation and layout,,,false
init_EB00,func_10011624,0x550,0x02CD082A,0x02CE082A,-,-,Normalize sound record updater compiler allocation and layout,,,false
init_EB00,func_10011624,0x554,0x5420FECB,0x5420FEC9,-,-,Normalize sound record updater compiler allocation and layout,,,false
init_EB00,func_10011624,0x558,0x8E110010,0x8E020010,-,-,Normalize sound record updater compiler allocation and layout,,,false
init_EB00,func_10011624,0x58C,0x27BD00C0,0x27BD00C8,-,-,Normalize sound record updater compiler allocation and layout,,,false
init_1420,func_10001AA8,0x004,0xAFB00018,0xAFB10018,-,-,Normalize numeric formatter compiler allocation and layout,0xAFB00014,-,false
init_1420,func_10001AA8,0x018,0xAFBF001C,0x00C08825,-,-,Normalize numeric formatter compiler allocation and layout,,,false
init_1420,func_10001AA8,0x01C,0xAFA50024,0xAFBF001C,-,-,Normalize numeric formatter compiler allocation and layout,,,false
init_1420,func_10001AA8,0x020,0xAFA60028,0xAFA50024,-,-,Normalize numeric formatter compiler allocation and layout,,,false
init_1420,func_10001AA8,0x028,0x3C180000,0x93A30027,R_MIPS_HI16:D_8002BF70,-,Normalize numeric formatter compiler allocation and layout,,,false
init_1420,func_10001AA8,0x02C,0x27180000,0x3C110000,R_MIPS_LO16:D_8002BF70,R_MIPS_HI16:D_8002BF70,Normalize numeric formatter compiler allocation and layout,,,false
init_1420,func_10001AA8,0x030,0xAFB80028,0x26310000,-,R_MIPS_LO16:D_8002BF70,Normalize numeric formatter compiler allocation and layout,,,false
init_1420,func_10001AA8,0x038,0x93A40027,0x93A40027,-,-,Normalize numeric formatter compiler allocation and layout,,,true
init_1420,func_10001AA8,0x040,0x24050067,0x1043000D,-,-,Normalize numeric formatter compiler allocation and layout,,,false
init_1420,func_10001AA8,0x044,0x14440003,0x24040067,-,-,Normalize numeric formatter compiler allocation and layout,,,false
init_1420,func_10001AA8,0x048,0x00000000,0x10830003,-,-,Normalize numeric formatter compiler allocation and layout,,,false
init_1420,func_10001AA8,0x04C,0x1000000C,0x24010047,-,-,Normalize numeric formatter compiler allocation and layout,,,false
init_1420,func_10001AA8,0x050,0x87A80032,0x146100A5,-,-,Normalize numeric formatter compiler allocation and layout,,,false
init_1420,func_10001AA8,0x054,0x10A40003,0x00000000,-,-,Normalize numeric formatter compiler allocation and layout,,,false
init_1420,func_10001AA8,0x058,0x24010047,0x87A80032,-,-,Normalize numeric formatter compiler allocation and layout,,,false
init_1420,func_10001AA8,0x05C,0x548100A6,0x2901FFFC,-,-,Normalize numeric formatter compiler allocation and layout,,,false
init_1420,func_10001AA8,0x060,0x87A80032,0x142000A1,-,-,Normalize numeric formatter compiler allocation and layout,,,false
init_1420,func_10001AA8,0x064,0x87A80032,0x00000000,-,-,Normalize numeric formatter compiler allocation and layout,,,false
init_1420,func_10001AA8,0x068,0x2901FFFC,0x8E180024,-,-,Normalize numeric formatter compiler allocation and layout,,,false
init_1420,func_10001AA8,0x06C,0x542000A2,0x0118082A,-,-,Normalize numeric formatter compiler allocation and layout,,,false
init_1420,func_10001AA8,0x070,0x87A80032,0x1020009D,-,-,Normalize numeric formatter compiler allocation and layout,,,false
init_1420,func_10001AA8,0x074,0x8E190024,0x00000000,-,-,Normalize numeric formatter compiler allocation and layout,,,false
init_1420,func_10001AA8,0x078,0x0119082A,0x87A80032,-,-,Normalize numeric formatter compiler allocation and layout,,,false
init_1420,func_10001AA8,0x07C,0x1020009D,0x02202825,-,-,Normalize numeric formatter compiler allocation and layout,,,false
init_1420,func_10001AA8,0x084,0x00084C00,0x0008CC00,-,-,Normalize numeric formatter compiler allocation and layout,,,false
init_1420,func_10001AA8,0x088,0x1044000F,0x1043000E,-,-,Normalize numeric formatter compiler allocation and layout,,,false
init_1420,func_10001AA8,0x08C,0x00094403,0x00194403,-,-,Normalize numeric formatter compiler allocation and layout,,,false
init_1420,func_10001AA8,0x090,0x8E0B0030,0x8E0A0030,-,-,Normalize numeric formatter compiler allocation and layout,,,false
init_1420,func_10001AA8,0x098,0x316C0008,0x316C0008,-,-,Normalize numeric formatter compiler allocation and layout,,,true
init_1420,func_10001AA8,0x09C,0x15800006,0x314B0008,-,-,Normalize numeric formatter compiler allocation and layout,,,false
init_1420,func_10001AA8,0x0A0,0x00401825,0x15600005,-,-,Normalize numeric formatter compiler allocation and layout,,,false
init_1420,func_10001AA8,0x0AC,0x00681023,0x00486023,-,-,Normalize numeric formatter compiler allocation and layout,,,false
init_1420,func_10001AA8,0x0B4,0x00E01825,0x00E01025,-,-,Normalize numeric formatter compiler allocation and layout,,,false
init_1420,func_10001AA8,0x0B8,0x00681023,0x00486023,-,-,Normalize numeric formatter compiler allocation and layout,,,false
init_1420,func_10001AA8,0x0BC,0x04410002,0x05810002,-,-,Normalize numeric formatter compiler allocation and layout,,,false
init_1420,func_10001AA8,0x0C0,0xAE020024,0xAE0C0024,-,-,Normalize numeric formatter compiler allocation and layout,,,false
init_1420,func_10001AA8,0x0C8,0x1D000035,0x1D000034,-,-,Normalize numeric formatter compiler allocation and layout,,,false
init_1420,func_10001AA8,0x0D0,0x8E0E0008,0x8E0F0008,-,-,Normalize numeric formatter compiler allocation and layout,,,false
init_1420,func_10001AA8,0x0D4,0x8E0F0014,0x8E180014,-,-,Normalize numeric formatter compiler allocation and layout,,,false
init_1420,func_10001AA8,0x0D8,0x240D0030,0x240E0030,-,-,Normalize numeric formatter compiler allocation and layout,,,false
init_1420,func_10001AA8,0x0DC,0x00082023,0x00081823,-,-,Normalize numeric formatter compiler allocation and layout,,,false
init_1420,func_10001AA8,0x0E0,0x01CFC021,0x01F8C821,-,-,Normalize numeric formatter compiler allocation and layout,,,false
init_1420,func_10001AA8,0x0E4,0xA30D0000,0xA32E0000,-,-,Normalize numeric formatter compiler allocation and layout,,,false
init_1420,func_10001AA8,0x0E8,0x8E190014,0x8E090014,-,-,Normalize numeric formatter compiler allocation and layout,,,false
init_1420,func_10001AA8,0x0F0,0x27290001,0x252A0001,-,-,Normalize numeric formatter compiler allocation and layout,,,false
init_1420,func_10001AA8,0x0F8,0xAE090014,0xAE0A0014,-,-,Normalize numeric formatter compiler allocation and layout,,,false
init_1420,func_10001AA8,0x0FC,0x8E0A0030,0x8E0B0030,-,-,Normalize numeric formatter compiler allocation and layout,,,false
init_1420,func_10001AA8,0x100,0x314B0008,0x316C0008,-,-,Normalize numeric formatter compiler allocation and layout,,,false
init_1420,func_10001AA8,0x104,0x5160000B,0x5180000B,-,-,Normalize numeric formatter compiler allocation and layout,,,false
init_1420,func_10001AA8,0x108,0x0044082A,0x0043082A,-,-,Normalize numeric formatter compiler allocation and layout,,,false
init_1420,func_10001AA8,0x10C,0x8E0E0008,0x8E0F0008,-,-,Normalize numeric formatter compiler allocation and layout,,,false
init_1420,func_10001AA8,0x110,0x8E0F0014,0x8E180014,-,-,Normalize numeric formatter compiler allocation and layout,,,false
init_1420,func_10001AA8,0x114,0x240C002E,0x240D002E,-,-,Normalize numeric formatter compiler allocation and layout,,,false
init_1420,func_10001AA8,0x118,0x01CF6821,0x01F87021,-,-,Normalize numeric formatter compiler allocation and layout,,,false
init_1420,func_10001AA8,0x11C,0xA1AC0000,0xA1CD0000,-,-,Normalize numeric formatter compiler allocation and layout,,,false
init_1420,func_10001AA8,0x120,0x8E180014,0x8E190014,-,-,Normalize numeric formatter compiler allocation and layout,,,false
init_1420,func_10001AA8,0x128,0x27190001,0x27290001,-,-,Normalize numeric formatter compiler allocation and layout,,,false
init_1420,func_10001AA8,0x12C,0xAE190014,0xAE090014,-,-,Normalize numeric formatter compiler allocation and layout,,,false
init_1420,func_10001AA8,0x130,0x0044082A,0x0043082A,-,-,Normalize numeric formatter compiler allocation and layout,,,false
init_1420,func_10001AA8,0x138,0x00485821,0x00486021,-,-,Normalize numeric formatter compiler allocation and layout,,,false
init_1420,func_10001AA8,0x140,0x00084C00,0x00085400,-,-,Normalize numeric formatter compiler allocation and layout,,,false
init_1420,func_10001AA8,0x144,0x00402025,0x000A4403,-,-,Normalize numeric formatter compiler allocation and layout,,,false
init_1420,func_10001AA8,0x148,0x00094403,0x00081823,-,-,Normalize numeric formatter compiler allocation and layout,,,false
init_1420,func_10001AA8,0x14C,0x00485821,0x00486021,-,-,Normalize numeric formatter compiler allocation and layout,,,false
init_1420,func_10001AA8,0x150,0x0167082A,0x0187082A,-,-,Normalize numeric formatter compiler allocation and layout,,,false
init_1420,func_10001AA8,0x154,0xAE040018,0xAE030018,-,-,Normalize numeric formatter compiler allocation and layout,,,false
init_1420,func_10001AA8,0x15C,0xAE0B0024,0xAE0C0024,-,-,Normalize numeric formatter compiler allocation and layout,,,false
init_1420,func_10001AA8,0x160,0x000B3C00,0x000C3C00,-,-,Normalize numeric formatter compiler allocation and layout,,,false
init_1420,func_10001AA8,0x164,0x00077403,0x00077C03,-,-,Normalize numeric formatter compiler allocation and layout,,,false
init_1420,func_10001AA8,0x168,0x01C03825,0x01E03825,-,-,Normalize numeric formatter compiler allocation and layout,,,false
init_1420,func_10001AA8,0x16C,0x8E0F0008,0x8E180008,-,-,Normalize numeric formatter compiler allocation and layout,,,false
init_1420,func_10001AA8,0x170,0x8E0C0014,0x8E0D0014,-,-,Normalize numeric formatter compiler allocation and layout,,,false
init_1420,func_10001AA8,0x17C,0x8FA50028,0x8FA50028,-,-,Normalize numeric formatter compiler allocation and layout,,,true
init_1420,func_10001AA8,0x188,0x01EC2021,0x030D2021,-,-,Normalize numeric formatter compiler allocation and layout,,,false
init_1420,func_10001AA8,0x190,0x8E0D0024,0x8E0E0024,-,-,Normalize numeric formatter compiler allocation and layout,,,false
init_1420,func_10001AA8,0x194,0x01A7C023,0x01C7C823,-,-,Normalize numeric formatter compiler allocation and layout,,,false
init_1420,func_10001AA8,0x198,0x100000EE,0x100000F4,-,-,Normalize numeric formatter compiler allocation and layout,,,false
init_1420,func_10001AA8,0x19C,0xAE180020,0xAE190020,-,-,Normalize numeric formatter compiler allocation and layout,,,false
init_1420,func_10001AA8,0x1A4,0x8FA50028,0x02202825,-,-,Normalize numeric formatter compiler allocation and layout,,,false
init_1420,func_10001AA8,0x1A8,0x8E190008,0x8E090008,-,-,Normalize numeric formatter compiler allocation and layout,,,false
init_1420,func_10001AA8,0x1AC,0x8E090014,0x8E0A0014,-,-,Normalize numeric formatter compiler allocation and layout,,,false
init_1420,func_10001AA8,0x1B8,0x8FA50028,0x02202825,-,-,Normalize numeric formatter compiler allocation and layout,,,false
init_1420,func_10001AA8,0x1C4,0x03292021,0x012A2021,-,-,Normalize numeric formatter compiler allocation and layout,,,false
init_1420,func_10001AA8,0x1D0,0x8E0A0014,0x8E0B0014,-,-,Normalize numeric formatter compiler allocation and layout,,,false
init_1420,func_10001AA8,0x1D8,0x01077023,0x01077823,-,-,Normalize numeric formatter compiler allocation and layout,,,false
init_1420,func_10001AA8,0x1DC,0x01475821,0x01676021,-,-,Normalize numeric formatter compiler allocation and layout,,,false
init_1420,func_10001AA8,0x1E0,0xAE0B0014,0xAE0C0014,-,-,Normalize numeric formatter compiler allocation and layout,,,false
init_1420,func_10001AA8,0x1E8,0xAE0E0018,0xAE0F0018,-,-,Normalize numeric formatter compiler allocation and layout,,,false
init_1420,func_10001AA8,0x1EC,0x8E0F0030,0x8E180030,-,-,Normalize numeric formatter compiler allocation and layout,,,false
init_1420,func_10001AA8,0x1F0,0x31EC0008,0x330D0008,-,-,Normalize numeric formatter compiler allocation and layout,,,false
init_1420,func_10001AA8,0x1F4,0x1180000A,0x11A0000A,-,-,Normalize numeric formatter compiler allocation and layout,,,false
init_1420,func_10001AA8,0x1FC,0x8E180008,0x8E190008,-,-,Normalize numeric formatter compiler allocation and layout,,,false
init_1420,func_10001AA8,0x200,0x8E190014,0x8E090014,-,-,Normalize numeric formatter compiler allocation and layout,,,false
init_1420,func_10001AA8,0x204,0x240D002E,0x240E002E,-,-,Normalize numeric formatter compiler allocation and layout,,,false
init_1420,func_10001AA8,0x208,0x03194821,0x03295021,-,-,Normalize numeric formatter compiler allocation and layout,,,false
init_1420,func_10001AA8,0x20C,0xA12D0000,0xA14E0000,-,-,Normalize numeric formatter compiler allocation and layout,,,false
init_1420,func_10001AA8,0x210,0x8E0A001C,0x8E0B001C,-,-,Normalize numeric formatter compiler allocation and layout,,,false
init_1420,func_10001AA8,0x218,0x254B0001,0x256C0001,-,-,Normalize numeric formatter compiler allocation and layout,,,false
init_1420,func_10001AA8,0x21C,0xAE0B001C,0xAE0C001C,-,-,Normalize numeric formatter compiler allocation and layout,,,false
init_1420,func_10001AA8,0x220,0x100000CC,0x100000D2,-,-,Normalize numeric formatter compiler allocation and layout,,,false
init_1420,func_10001AA8,0x228,0x8E0E0008,0x8E0F0008,-,-,Normalize numeric formatter compiler allocation and layout,,,false
init_1420,func_10001AA8,0x22C,0x8E0F0014,0x8E180014,-,-,Normalize numeric formatter compiler allocation and layout,,,false
init_1420,func_10001AA8,0x240,0x01CF2021,0x01F82021,-,-,Normalize numeric formatter compiler allocation and layout,,,false
init_1420,func_10001AA8,0x244,0x87A80032,0x87A7002E,-,-,Normalize numeric formatter compiler allocation and layout,,,false
init_1420,func_10001AA8,0x248,0x8E0C0014,0x87A80032,-,-,Normalize numeric formatter compiler allocation and layout,,,false
init_1420,func_10001AA8,0x24C,0x8E020024,0x8E0D0014,-,-,Normalize numeric formatter compiler allocation and layout,,,false
init_1420,func_10001AA8,0x250,0x87A7002E,0x8E020024,-,-,Normalize numeric formatter compiler allocation and layout,,,false
init_1420,func_10001AA8,0x254,0x0188C021,0x00E83823,-,-,Normalize numeric formatter compiler allocation and layout,,,false
init_1420,func_10001AA8,0x258,0x1C400005,0x00074C00,-,-,Normalize numeric formatter compiler allocation and layout,,,false
init_1420,func_10001AA8,0x25C,0xAE180014,0x01A8C821,-,-,Normalize numeric formatter compiler allocation and layout,,,false
init_1420,func_10001AA8,0x260,0x8E190030,0xAE190014,-,-,Normalize numeric formatter compiler allocation and layout,,,false
init_1420,func_10001AA8,0x264,0x332D0008,0x1C400005,-,-,Normalize numeric formatter compiler allocation and layout,,,false
init_1420,func_10001AA8,0x268,0x51A0000B,0x00093C03,-,-,Normalize numeric formatter compiler allocation and layout,,,false
init_1420,func_10001AA8,0x26C,0x00E83823,0x8E0A0030,-,-,Normalize numeric formatter compiler allocation and layout,,,false
init_1420,func_10001AA8,0x270,0x8E0A0008,0x314B0008,-,-,Normalize numeric formatter compiler allocation and layout,,,false
init_1420,func_10001AA8,0x274,0x8E0B0014,0x5160000B,-,-,Normalize numeric formatter compiler allocation and layout,,,false
init_1420,func_10001AA8,0x278,0x2409002E,0x0047082A,-,-,Normalize numeric formatter compiler allocation and layout,,,false
init_1420,func_10001AA8,0x27C,0x014B7021,0x8E0F0008,-,-,Normalize numeric formatter compiler allocation and layout,,,false
init_1420,func_10001AA8,0x280,0xA1C90000,0x8E180014,-,-,Normalize numeric formatter compiler allocation and layout,,,false
init_1420,func_10001AA8,0x284,0x8E0F0014,0x240C002E,-,-,Normalize numeric formatter compiler allocation and layout,,,false
init_1420,func_10001AA8,0x288,0x8E020024,0x01F86821,-,-,Normalize numeric formatter compiler allocation and layout,,,false
init_1420,func_10001AA8,0x28C,0x25EC0001,0xA1AC0000,-,-,Normalize numeric formatter compiler allocation and layout,,,false
init_1420,func_10001AA8,0x290,0xAE0C0014,0x8E190014,-,-,Normalize numeric formatter compiler allocation and layout,,,false
init_1420,func_10001AA8,0x294,0x00E83823,0x8E020024,-,-,Normalize numeric formatter compiler allocation and layout,,,false
init_1420,func_10001AA8,0x298,0x0007C400,0x27290001,-,-,Normalize numeric formatter compiler allocation and layout,,,false
init_1420,func_10001AA8,0x29C,0x00183C03,0xAE090014,-,-,Normalize numeric formatter compiler allocation and layout,,,false
init_1420,func_10001AA8,0x2A8,0x8FA90028,0x01112821,-,-,Normalize numeric formatter compiler allocation and layout,,,false
init_1420,func_10001AA8,0x2B0,0x00076C03,0x00077403,-,-,Normalize numeric formatter compiler allocation and layout,,,false
init_1420,func_10001AA8,0x2B4,0x01A03825,0x01C03825,-,-,Normalize numeric formatter compiler allocation and layout,,,false
init_1420,func_10001AA8,0x2C4,0x01092821,0x01092821,-,-,Normalize numeric formatter compiler allocation and layout,,,true
init_1420,func_10001AA8,0x2D8,0x8E0E0014,0x8E0F0014,-,-,Normalize numeric formatter compiler allocation and layout,,,false
init_1420,func_10001AA8,0x2E0,0x01C77821,0x01E7C021,-,-,Normalize numeric formatter compiler allocation and layout,,,false
init_1420,func_10001AA8,0x2E4,0x0187C023,0x01876823,-,-,Normalize numeric formatter compiler allocation and layout,,,false
init_1420,func_10001AA8,0x2E8,0xAE0F0014,0xAE180014,-,-,Normalize numeric formatter compiler allocation and layout,,,false
init_1420,func_10001AA8,0x2EC,0x10000099,0x100000A0,-,-,Normalize numeric formatter compiler allocation and layout,,,false
init_1420,func_10001AA8,0x2F0,0xAE180018,0xAE0D0018,-,-,Normalize numeric formatter compiler allocation and layout,,,false
init_1420,func_10001AA8,0x2F4,0x87A80032,0x10830004,-,-,Normalize numeric formatter compiler allocation and layout,,,false
init_1420,func_10001AA8,0x2F8,0x10A40003,0x87A80032,-,-,Normalize numeric formatter compiler allocation and layout,,,false
init_1420,func_10001AA8,0x300,0x54810013,0x54810013,-,-,Normalize numeric formatter compiler allocation and layout,,,true
init_1420,func_10001AA8,0x304,0x8FAA0028,0x54610013,-,-,Normalize numeric formatter compiler allocation and layout,,,false
init_1420,func_10001AA8,0x308,0x8E030024,0x8E0F0008,-,-,Normalize numeric formatter compiler allocation and layout,,,false
init_1420,func_10001AA8,0x30C,0x240D0045,0x8E020024,-,-,Normalize numeric formatter compiler allocation and layout,,,false
init_1420,func_10001AA8,0x310,0x24190065,0x240E0065,-,-,Normalize numeric formatter compiler allocation and layout,,,false
init_1420,func_10001AA8,0x314,0x00E3082A,0x00E2082A,-,-,Normalize numeric formatter compiler allocation and layout,,,false
init_1420,func_10001AA8,0x31C,0x2462FFFF,0x2459FFFF,-,-,Normalize numeric formatter compiler allocation and layout,,,false
init_1420,func_10001AA8,0x324,0x00E01825,0x00E01025,-,-,Normalize numeric formatter compiler allocation and layout,,,false
init_1420,func_10001AA8,0x328,0x2462FFFF,0x2459FFFF,-,-,Normalize numeric formatter compiler allocation and layout,,,false
init_1420,func_10001AA8,0x32C,0x04410002,0x07210002,-,-,Normalize numeric formatter compiler allocation and layout,,,false
init_1420,func_10001AA8,0x330,0xAE020024,0xAE190024,-,-,Normalize numeric formatter compiler allocation and layout,,,false
init_1420,func_10001AA8,0x338,0x54A40004,0x54A40004,-,-,Normalize numeric formatter compiler allocation and layout,,,true
init_1420,func_10001AA8,0x33C,0xA3AD0027,0xA3AD0027,-,-,Normalize numeric formatter compiler allocation and layout,,,true
init_1420,func_10001AA8,0x340,0x10000002,0x10000002,-,-,Normalize numeric formatter compiler allocation and layout,,,true
init_1420,func_10001AA8,0x344,0xA3B90027,0x54830004,-,-,Normalize numeric formatter compiler allocation and layout,,,false
init_1420,func_10001AA8,0x348,0xA3AD0027,0x240A0045,-,-,Normalize numeric formatter compiler allocation and layout,,,false
init_1420,func_10001AA8,0x34C,0x8FAA0028,0x10000003,-,-,Normalize numeric formatter compiler allocation and layout,,,false
init_1420,func_10001AA8,0x350,0x8E090008,0xA3AE0027,-,-,Normalize numeric formatter compiler allocation and layout,,,false
init_1420,func_10001AA8,0x354,0x8E0E0014,0x240A0045,-,-,Normalize numeric formatter compiler allocation and layout,,,false
init_1420,func_10001AA8,0x358,0x914B0000,0xA3AA0027,-,-,Normalize numeric formatter compiler allocation and layout,,,false
init_1420,func_10001AA8,0x35C,0x012E7821,0x8E0F0008,-,-,Normalize numeric formatter compiler allocation and layout,,,false
init_1420,func_10001AA8,0x360,0xA1EB0000,0x8E180014,-,-,Normalize numeric formatter compiler allocation and layout,,,false
init_1420,func_10001AA8,0x364,0x8E0C0014,0x922B0000,-,-,Normalize numeric formatter compiler allocation and layout,,,false
init_1420,func_10001AA8,0x368,0x25980001,0x26310001,-,-,Normalize numeric formatter compiler allocation and layout,,,false
init_1420,func_10001AA8,0x36C,0xAE180014,0x01F86021,-,-,Normalize numeric formatter compiler allocation and layout,,,false
init_1420,func_10001AA8,0x370,0x8FB90028,0xA18B0000,-,-,Normalize numeric formatter compiler allocation and layout,,,false
init_1420,func_10001AA8,0x374,0x272D0001,0x8E0D0014,-,-,Normalize numeric formatter compiler allocation and layout,,,false
init_1420,func_10001AA8,0x378,0xAFAD0028,0x8E020024,-,-,Normalize numeric formatter compiler allocation and layout,,,false
init_1420,func_10001AA8,0x37C,0x8E020024,0x25B90001,-,-,Normalize numeric formatter compiler allocation and layout,,,false
init_1420,func_10001AA8,0x380,0x5C400006,0x1C400005,-,-,Normalize numeric formatter compiler allocation and layout,,,false
init_1420,func_10001AA8,0x384,0x8E0B0008,0xAE190014,-,-,Normalize numeric formatter compiler allocation and layout,,,false
init_1420,func_10001AA8,0x388,0x8E0A0030,0x8E090030,-,-,Normalize numeric formatter compiler allocation and layout,,,false
init_1420,func_10001AA8,0x38C,0x31490008,0x312E0008,-,-,Normalize numeric formatter compiler allocation and layout,,,false
init_1420,func_10001AA8,0x390,0x1120000A,0x11C0000A,-,-,Normalize numeric formatter compiler allocation and layout,,,false
init_1420,func_10001AA8,0x398,0x8E0B0008,0x8E0F0008,-,-,Normalize numeric formatter compiler allocation and layout,,,false
init_1420,func_10001AA8,0x39C,0x8E0F0014,0x8E180014,-,-,Normalize numeric formatter compiler allocation and layout,,,false
init_1420,func_10001AA8,0x3A0,0x240E002E,0x240A002E,-,-,Normalize numeric formatter compiler allocation and layout,,,false
init_1420,func_10001AA8,0x3A4,0x016F6021,0x01F85821,-,-,Normalize numeric formatter compiler allocation and layout,,,false
init_1420,func_10001AA8,0x3A8,0xA18E0000,0xA16A0000,-,-,Normalize numeric formatter compiler allocation and layout,,,false
init_1420,func_10001AA8,0x3AC,0x8E180014,0x8E0C0014,-,-,Normalize numeric formatter compiler allocation and layout,,,false
init_1420,func_10001AA8,0x3B4,0x27190001,0x258D0001,-,-,Normalize numeric formatter compiler allocation and layout,,,false
init_1420,func_10001AA8,0x3B8,0xAE190014,0xAE0D0014,-,-,Normalize numeric formatter compiler allocation and layout,,,false
init_1420,func_10001AA8,0x3C0,0x8E0D0008,0x8E190008,-,-,Normalize numeric formatter compiler allocation and layout,,,false
init_1420,func_10001AA8,0x3C8,0x00076C00,0x0007CC00,-,-,Normalize numeric formatter compiler allocation and layout,,,false
init_1420,func_10001AA8,0x3CC,0x000D3C03,0x00193C03,-,-,Normalize numeric formatter compiler allocation and layout,,,false
init_1420,func_10001AA8,0x3D8,0x8FA50028,0x02202825,-,-,Normalize numeric formatter compiler allocation and layout,,,false
init_1420,func_10001AA8,0x3E0,0x00074C03,0x00077403,-,-,Normalize numeric formatter compiler allocation and layout,,,false
init_1420,func_10001AA8,0x3E4,0x01203825,0x01C03825,-,-,Normalize numeric formatter compiler allocation and layout,,,false
init_1420,func_10001AA8,0x3E8,0x8E0B0008,0x8E0F0008,-,-,Normalize numeric formatter compiler allocation and layout,,,false
init_1420,func_10001AA8,0x3EC,0x8E0F0014,0x8E180014,-,-,Normalize numeric formatter compiler allocation and layout,,,false
init_1420,func_10001AA8,0x400,0x016F2021,0x01F82021,-,-,Normalize numeric formatter compiler allocation and layout,,,false
init_1420,func_10001AA8,0x408,0x8E0E0014,0x8E0A0014,-,-,Normalize numeric formatter compiler allocation and layout,,,false
init_1420,func_10001AA8,0x40C,0x8E180024,0x8E0C0024,-,-,Normalize numeric formatter compiler allocation and layout,,,false
init_1420,func_10001AA8,0x414,0x01C76021,0x01475821,-,-,Normalize numeric formatter compiler allocation and layout,,,false
init_1420,func_10001AA8,0x418,0x0307C823,0x01876823,-,-,Normalize numeric formatter compiler allocation and layout,,,false
init_1420,func_10001AA8,0x41C,0xAE0C0014,0xAE0B0014,-,-,Normalize numeric formatter compiler allocation and layout,,,false
init_1420,func_10001AA8,0x420,0xAE190018,0xAE0D0018,-,-,Normalize numeric formatter compiler allocation and layout,,,false
init_1420,func_10001AA8,0x424,0x8E0D0008,0x8E190008,-,-,Normalize numeric formatter compiler allocation and layout,,,false
init_1420,func_10001AA8,0x428,0x8E0A0014,0x8E090014,-,-,Normalize numeric formatter compiler allocation and layout,,,false
init_1420,func_10001AA8,0x42C,0x93A90027,0x93AE0027,-,-,Normalize numeric formatter compiler allocation and layout,,,false
init_1420,func_10001AA8,0x430,0x00081823,0x03298821,-,-,Normalize numeric formatter compiler allocation and layout,,,false
init_1420,func_10001AA8,0x434,0x01AA1021,0x26310001,-,-,Normalize numeric formatter compiler allocation and layout,,,false
init_1420,func_10001AA8,0x438,0x24420001,0x05000005,-,-,Normalize numeric formatter compiler allocation and layout,,,false
init_1420,func_10001AA8,0x43C,0x05000006,0xA22EFFFF,-,-,Normalize numeric formatter compiler allocation and layout,,,false
init_1420,func_10001AA8,0x440,0xA049FFFF,0x240F002B,-,-,Normalize numeric formatter compiler allocation and layout,,,false
init_1420,func_10001AA8,0x444,0x240B002B,0xA22F0000,-,-,Normalize numeric formatter compiler allocation and layout,,,false
init_1420,func_10001AA8,0x448,0xA04B0000,0x10000008,-,-,Normalize numeric formatter compiler allocation and layout,,,false
init_1420,func_10001AA8,0x44C,0x24420001,0x26310001,-,-,Normalize numeric formatter compiler allocation and layout,,,false
init_1420,func_10001AA8,0x450,0x10000004,0x00084023,-,-,Normalize numeric formatter compiler allocation and layout,,,false
init_1420,func_10001AA8,0x454,0x01001825,0x00085400,-,-,Normalize numeric formatter compiler allocation and layout,,,false
init_1420,func_10001AA8,0x458,0x240F002D,0x2418002D,-,-,Normalize numeric formatter compiler allocation and layout,,,false
init_1420,func_10001AA8,0x45C,0xA04F0000,0x000A5C03,-,-,Normalize numeric formatter compiler allocation and layout,,,false
init_1420,func_10001AA8,0x460,0x24420001,0xA2380000,-,-,Normalize numeric formatter compiler allocation and layout,,,false
init_1420,func_10001AA8,0x464,0x28610064,0x26310001,-,-,Normalize numeric formatter compiler allocation and layout,,,false
init_1420,func_10001AA8,0x468,0x54200024,0x01604025,-,-,Normalize numeric formatter compiler allocation and layout,,,false
init_1420,func_10001AA8,0x46C,0x2404000A,0x29010064,-,-,Normalize numeric formatter compiler allocation and layout,,,false
init_1420,func_10001AA8,0x470,0x286103E8,0x5420002A,-,-,Normalize numeric formatter compiler allocation and layout,,,false
init_1420,func_10001AA8,0x474,0x14200010,0x2402000A,-,-,Normalize numeric formatter compiler allocation and layout,,,false
init_1420,func_10001AA8,0x478,0x240403E8,0x290103E8,-,-,Normalize numeric formatter compiler allocation and layout,,,false
init_1420,func_10001AA8,0x47C,0x0064001A,0x14200013,-,-,Normalize numeric formatter compiler allocation and layout,0x240203E8,-,false
init_1420,func_10001AA8,0x480,0x14800002,0x0102001A,-,-,Normalize numeric formatter compiler allocation and layout,0x14400002,-,false
init_1420,func_10001AA8,0x490,0x14810004,0x14410004,-,-,Normalize numeric formatter compiler allocation and layout,,,false
init_1420,func_10001AA8,0x498,0x14610002,0x15010002,-,-,Normalize numeric formatter compiler allocation and layout,,,false
init_1420,func_10001AA8,0x4A4,0x00007012,0x00004010,-,-,Normalize numeric formatter compiler allocation and layout,,,false
init_1420,func_10001AA8,0x4A8,0x00001810,0x0008CC00,-,-,Normalize numeric formatter compiler allocation and layout,,,false
init_1420,func_10001AA8,0x4AC,0x25CC0030,0x00006012,-,-,Normalize numeric formatter compiler allocation and layout,,,false
init_1420,func_10001AA8,0x4B0,0xA04C0000,0x258D0030,-,-,Normalize numeric formatter compiler allocation and layout,,,false
init_1420,func_10001AA8,0x4B4,0x24420001,0x00194C03,-,-,Normalize numeric formatter compiler allocation and layout,,,false
init_1420,func_10001AA8,0x4B8,0x24040064,0x01204025,-,-,Normalize numeric formatter compiler allocation and layout,0xA22D0000,-,false
init_1420,func_10001AA8,0x4BC,0x0064001A,0x26310001,-,-,Normalize numeric formatter compiler allocation and layout,0x24020064,-,false
init_1420,func_10001AA8,0x4C0,0x14800002,0x0102001A,-,-,Normalize numeric formatter compiler allocation and layout,0x14400002,-,false
init_1420,func_10001AA8,0x4D0,0x14810004,0x14410004,-,-,Normalize numeric formatter compiler allocation and layout,,,false
init_1420,func_10001AA8,0x4D8,0x14610002,0x15010002,-,-,Normalize numeric formatter compiler allocation and layout,,,false
init_1420,func_10001AA8,0x4E4,0x0000C012,0x00004010,-,-,Normalize numeric formatter compiler allocation and layout,,,false
init_1420,func_10001AA8,0x4E8,0x00001810,0x0008C400,-,-,Normalize numeric formatter compiler allocation and layout,,,false
init_1420,func_10001AA8,0x4EC,0x27190030,0x00007012,-,-,Normalize numeric formatter compiler allocation and layout,,,false
init_1420,func_10001AA8,0x4F0,0xA0590000,0x25CF0030,-,-,Normalize numeric formatter compiler allocation and layout,,,false
init_1420,func_10001AA8,0x4F4,0x24420001,0x00185403,-,-,Normalize numeric formatter compiler allocation and layout,,,false
init_1420,func_10001AA8,0x4F8,0x2404000A,0x01404025,-,-,Normalize numeric formatter compiler allocation and layout,,,false
init_1420,func_10001AA8,0x4FC,0x0064001A,0xA22F0000,-,-,Normalize numeric formatter compiler allocation and layout,,,false
init_1420,func_10001AA8,0x500,0x00006812,0x26310001,-,-,Normalize numeric formatter compiler allocation and layout,,,false
init_1420,func_10001AA8,0x504,0x00004810,0x2402000A,-,-,Normalize numeric formatter compiler allocation and layout,,,false
init_1420,func_10001AA8,0x508,0x25AA0030,0x0102001A,-,-,Normalize numeric formatter compiler allocation and layout,,,false
init_1420,func_10001AA8,0x50C,0x252B0030,0x14400002,-,-,Normalize numeric formatter compiler allocation and layout,,,false
init_1420,func_10001AA8,0x510,0xA04A0000,0x00000000,-,-,Normalize numeric formatter compiler allocation and layout,,,false
init_1420,func_10001AA8,0x514,0xA04B0001,0x0007000D,-,-,Normalize numeric formatter compiler allocation and layout,,,false
init_1420,func_10001AA8,0x518,0x8E0F0008,0x2401FFFF,-,-,Normalize numeric formatter compiler allocation and layout,,,false
init_1420,func_10001AA8,0x51C,0x8E0C0014,0x14410004,-,-,Normalize numeric formatter compiler allocation and layout,,,false
init_1420,func_10001AA8,0x520,0x24420002,0x3C018000,-,-,Normalize numeric formatter compiler allocation and layout,,,false
init_1420,func_10001AA8,0x524,0x004F7023,0x15010002,-,-,Normalize numeric formatter compiler allocation and layout,,,false
init_1420,func_10001AA8,0x528,0x01CCC023,0x00000000,-,-,Normalize numeric formatter compiler allocation and layout,,,false
init_1420,func_10001AA8,0x52C,0x14800002,0x0006000D,-,-,Normalize numeric formatter compiler allocation and layout,,,false
init_1420,func_10001AA8,0x530,0x00000000,0x00004010,-,-,Normalize numeric formatter compiler allocation and layout,,,false
init_1420,func_10001AA8,0x534,0x0007000D,0x00086C00,-,-,Normalize numeric formatter compiler allocation and layout,,,false
init_1420,func_10001AA8,0x538,0x2401FFFF,0x000DCC03,-,-,Normalize numeric formatter compiler allocation and layout,,,false
init_1420,func_10001AA8,0x53C,0x14810004,0x00005812,-,-,Normalize numeric formatter compiler allocation and layout,,,false
init_1420,func_10001AA8,0x540,0x3C018000,0x256C0030,-,-,Normalize numeric formatter compiler allocation and layout,0x27290030,-,false
init_1420,func_10001AA8,0x544,0x14610002,0xA22C0000,-,-,Normalize numeric formatter compiler allocation and layout,0xA2290001,-,false
init_1420,func_10001AA8,0x548,0x00000000,0x8E0E0008,-,-,Normalize numeric formatter compiler allocation and layout,0x8E180014,-,false
init_1420,func_10001AA8,0x54C,0x0006000D,0x26310002,-,-,Normalize numeric formatter compiler allocation and layout,0x022E7823,-,false
init_1420,func_10001AA8,0x550,0xAE18001C,0x01F85023,-,-,Normalize numeric formatter compiler allocation and layout,0x03204025,-,false
init_1420,func_10001AA8,0x554,0x8E190030,0xAE0A001C,-,-,Normalize numeric formatter compiler allocation and layout,0x8E0B0030,-,false
init_1420,func_10001AA8,0x55C,0x332D0014,0x316C0014,-,-,Normalize numeric formatter compiler allocation and layout,,,false
init_1420,func_10001AA8,0x560,0x55A10010,0x55810010,-,-,Normalize numeric formatter compiler allocation and layout,,,false
init_1420,func_10001AA8,0x568,0x8E0A000C,0x8E0D000C,-,-,Normalize numeric formatter compiler allocation and layout,,,false
init_1420,func_10001AA8,0x56C,0x8E090014,0x8E190014,-,-,Normalize numeric formatter compiler allocation and layout,,,false
init_1420,func_10001AA8,0x570,0x8E0F0018,0x8E0E0018,-,-,Normalize numeric formatter compiler allocation and layout,,,false
init_1420,func_10001AA8,0x574,0x8E0C001C,0x8E18001C,-,-,Normalize numeric formatter compiler allocation and layout,,,false
init_1420,func_10001AA8,0x578,0x8E190020,0x8E0B0020,-,-,Normalize numeric formatter compiler allocation and layout,,,false
init_1420,func_10001AA8,0x57C,0x01495821,0x01B94821,-,-,Normalize numeric formatter compiler allocation and layout,,,false
init_1420,func_10001AA8,0x580,0x8E020028,0x8E030028,-,-,Normalize numeric formatter compiler allocation and layout,,,false
init_1420,func_10001AA8,0x584,0x016F7021,0x012E7821,-,-,Normalize numeric formatter compiler allocation and layout,,,false
init_1420,func_10001AA8,0x588,0x01CCC021,0x01F85021,-,-,Normalize numeric formatter compiler allocation and layout,,,false
init_1420,func_10001AA8,0x58C,0x03191821,0x014B1021,-,-,Normalize numeric formatter compiler allocation and layout,,,false
init_1420,func_10001AA8,0x590,0x0062082A,0x0043082A,-,-,Normalize numeric formatter compiler allocation and layout,,,false
init_1420,func_10001AA8,0x598,0x00436823,0x00626023,-,-,Normalize numeric formatter compiler allocation and layout,,,false
init_1420,func_10001AA8,0x59C,0xAE0D0010,0xAE0C0010,-,-,Normalize numeric formatter compiler allocation and layout,,,false
init_1420,func_10001AA8,0x5A4,0x8FB00018,0x8FB00014,-,-,Normalize numeric formatter compiler allocation and layout,,,false
init_1420,func_10001AA8,0x5A8,0x27BD0020,0x8FB10018,-,-,Normalize numeric formatter compiler allocation and layout,,,false
init_1420,func_10001AA8,0x5AC,0x03E00008,0x03E00008,-,-,Normalize numeric formatter compiler allocation and layout,0x27BD0020,-,false
